word,valence,arousal,dominance,n_collapsed
aardvark,6.26,2.41,4.27,1
abalone,5.3,2.65,4.95,1
abandon,2.84,3.73,3.32,1
abandonment,2.63,4.95,2.64,1
abbey,5.85,2.2,5.0,1
abdomen,5.43,3.68,5.15,1
abdominal,4.48,3.5,5.32,1
abduct,2.42,5.9,2.75,1
abduction,2.05,5.33,3.02,1
abide,5.545,3.425,5.965,1
ability,7.0,4.85,6.55,1
abject,4.0,3.94,4.35,1
ablaze,5.15,6.75,4.58,1
able,6.64,3.38,6.17,1
abnormal,3.53,4.48,4.7,1
abnormality,3.05,5.0,3.96,1
abode,5.28,2.9,5.05,1
abolish,3.84,4.18,4.65,1
abominable,4.05,5.45,4.62,1
abomination,2.5,5.9,3.8,1
abort,3.1,5.8,3.38,1
abortion,2.58,5.43,4.73,1
abracadabra,5.11,5.27,4.96,1
abrasive,4.26,6.1,4.94,1
abreast,4.62,4.61,5.19,1
abrupt,3.28,5.23,3.75,1
abscess,2.79,4.0,3.95,1
absence,3.86,4.3,4.24,1
absent,4.1,3.72,4.21,1
absinthe,3.53,3.7,3.95,1
absolute,5.43,3.48,5.58,1
absolution,6.58,3.38,5.75,1
absolve,4.58,3.53,4.82,1
absorb,5.5,4.27,5.62,1
abstain,4.4,3.1,6.08,1
abstinence,3.43,3.15,5.64,1
abstract,5.25,3.96,5.53,1
absurd,4.45,4.02,5.06,1
absurdity,4.06,4.7,5.37,1
abundance,6.67,4.72,5.66,1
abundant,7.55,4.21,5.81,1
abuse,1.53,6.21,2.9,1
abusive,2.05,5.27,3.58,1
abysmal,3.45,3.91,3.76,1
abyss,3.9,4.85,4.0,1
academic,6.61,3.32,6.21,1
academy,5.32,3.77,5.38,1
accelerant,4.59,4.81,6.04,1
accelerate,6.154999999999999,5.395,6.220000000000001,1
acceleration,6.19,6.73,5.76,1
accelerator,5.63,5.0,6.65,1
accent,6.48,4.95,5.36,1
accept,6.39,2.8,5.94,1
acceptable,6.59,3.65,6.58,1
acceptance,6.84,4.3,6.49,1
access,6.68,5.3,6.89,1
accessible,6.68,3.2,6.58,1
accessory,5.35,4.22,5.83,1
accident,2.55,4.93,3.0,1
accidental,3.46,4.0,3.41,1
acclaim,6.1,3.95,5.77,1
accommodate,6.35,3.0,6.27,1
accommodation,6.76,4.72,6.0,1
accompany,5.47,3.85,5.63,1
accomplice,4.6,4.5,5.2,1
accomplish,7.45,5.16,7.27,1
accomplishment,8.05,4.96,6.5,1
accord,6.38,2.85,5.64,1
accordion,5.26,2.94,5.21,1
account,4.904999999999999,3.72,4.77,1
accountability,4.89,3.7,6.55,1
accountable,5.7,4.2,5.57,1
accountant,5.19,3.81,5.72,1
accumulate,6.33,2.73,6.15,1
accuracy,6.32,3.33,6.74,1
accurate,7.42,4.35,6.47,1
accursed,3.21,5.33,4.13,1
accusation,3.38,5.48,3.62,1
accuse,2.68,5.32,4.0,1
ace,6.37,4.64,6.61,1
acetylene,4.11,3.67,4.7,1
ache,3.27,4.3,4.0,1
achieve,7.75,4.7,6.61,1
achievement,7.28,5.57,7.17,1
achy,3.15,4.48,4.62,1
acid,3.26,4.77,4.26,1
acknowledge,6.43,3.26,6.11,1
acknowledgement,6.53,3.3,6.71,1
acne,2.18,4.47,3.44,1
acorn,5.85,4.42,4.77,1
acoustic,6.715,3.595,5.825,1
acquaintance,5.58,3.24,5.29,1
acquire,5.5,4.86,7.0,1
acquisition,5.0,4.36,5.93,1
acquit,5.6,4.56,5.45,1
acquittal,6.19,4.95,5.03,1
acre,5.53,2.73,4.94,1
acreage,5.25,3.74,5.52,1
acrobat,6.0,4.9,5.42,1
acrylic,5.52,3.73,5.42,1
act,5.64,4.19,6.11,1
action,6.0,6.19,6.17,1
action figure,6.18,4.65,6.71,1
activate,5.7,3.78,6.28,1
activation,6.14,3.52,6.88,1
active,6.47,5.62,6.32,1
activist,6.24,5.26,5.86,1
activity,6.21,4.86,6.45,1
actor,6.15,4.35,5.64,1
actress,5.42,5.43,4.65,1
actual,6.22,2.75,5.54,1
actuality,5.4,5.55,5.24,1
acupuncture,4.81,4.9,4.77,1
acute,5.1,5.09,5.11,1
ad,4.11,3.33,5.18,1
adage,5.55,3.38,5.13,1
adamant,5.45,5.74,6.38,1
adapt,5.84,3.9,5.75,1
adaptation,5.82,3.55,6.04,1
add,6.23,4.0,6.79,1
adder,4.45,3.24,4.41,1
addict,2.875,5.05,2.79,1
addiction,3.52,4.48,3.84,1
addictive,3.52,4.82,4.4,1
additional,6.15,3.61,4.95,1
address,6.11,3.05,4.89,1
adept,6.14,4.17,6.5,1
adequate,4.7,3.64,6.89,1
adhere,5.17,3.52,3.9,1
adhesive,5.84,3.2,4.88,1
Adidas,5.77,4.18,6.3,1
adjacent,5.15,2.78,4.27,1
adjective,5.95,3.64,6.11,1
adjoining,5.06,3.52,4.65,1
adjourn,5.5,3.15,5.75,1
adjust,5.76,3.0,6.0,1
adjuster,4.25,3.5,5.84,1
adjustment,5.53,4.59,4.53,1
admin,4.37,3.64,5.83,1
administer,4.4,3.86,6.33,1
administration,4.45,3.23,4.77,1
administrative,4.79,3.21,5.9,1
administrator,5.32,4.74,5.48,1
admirable,7.0,4.57,5.81,1
admiral,4.8,4.05,5.68,1
admiralty,6.16,4.27,6.08,1
admiration,7.58,5.52,6.11,1
admire,7.3,5.475,7.135,1
admirer,7.05,6.0,6.27,1
admissible,5.16,2.9,6.21,1
admission,5.91,3.69,5.54,1
admit,5.56,3.35,4.56,1
admittance,6.29,3.6,5.96,1
ado,4.82,3.33,4.48,1
adobe,5.25,3.89,5.55,1
adolescence,6.0,5.1,4.44,1
adolescent,5.38,4.2,4.0,1
adopt,6.9,4.71,5.45,1
adoption,6.68,4.82,5.62,1
adoptive,5.67,4.4,5.59,1
adorable,7.4,4.66,6.83,1
adoration,6.47,4.36,6.54,1
adore,7.375,5.41,6.275,1
adrenalin,6.33,5.05,4.85,1
adrenaline,6.61,5.95,5.72,1
adrift,4.36,3.19,4.09,1
adult,5.9,4.36,6.46,1
adulterer,2.77,5.68,3.2,1
adultery,2.81,6.42,3.33,1
adulthood,5.05,4.28,6.11,1
advance,6.11,4.62,6.12,1
advanced,6.14,3.83,6.96,1
advancement,7.47,5.81,6.38,1
advantage,6.71,3.95,7.19,1
advantageous,6.79,5.7,6.22,1
adventure,7.4,6.36,6.36,1
adventurer,7.0,5.27,5.83,1
adventurous,7.37,6.67,5.71,1
adversary,4.55,4.41,5.0,1
adverse,3.68,3.89,3.35,1
adversity,4.26,3.82,4.63,1
advertise,5.16,4.29,5.74,1
advertisement,4.3,4.14,5.84,1
advertising,4.68,3.25,5.0,1
advice,5.78,3.05,5.83,1
advisable,5.62,4.36,5.86,1
advise,5.44,3.38,6.41,1
advisement,4.55,4.04,5.92,1
adviser,5.68,3.36,6.18,1
advisor,4.74,3.19,5.7,1
advisory,4.95,4.05,4.19,1
advocate,5.25,4.59,7.26,1
aerial,6.04,3.67,5.17,1
aerobics,6.0,5.1,5.7,1
aerodynamic,6.16,4.33,5.1,1
aerospace,5.79,4.52,5.17,1
aesthetic,5.43,2.88,5.5,1
affair,3.1,5.4,5.89,1
affect,5.65,3.61,6.39,1
affection,7.89,5.64,6.6,1
affectionate,7.23,4.77,6.9,1
affidavit,4.38,3.73,4.04,1
affiliation,5.32,3.9,5.3,1
affinity,5.86,4.29,6.55,1
affirmation,5.95,3.95,6.53,1
affirmative,5.94,3.64,6.78,1
affliction,3.76,5.1,4.17,1
afford,6.56,4.33,6.44,1
affordable,7.52,4.11,6.16,1
affront,4.53,4.5,5.04,1
afire,6.05,5.41,4.38,1
afloat,5.57,4.13,4.96,1
aforementioned,5.21,3.5,4.96,1
afraid,2.25,5.12,2.71,1
african,6.42,4.11,5.8,1
afterlife,5.53,4.32,5.86,1
aftermath,4.29,5.38,4.23,1
afternoon,6.68,3.48,5.71,1
aftershave,5.55,3.5,5.81,1
age,4.390000000000001,3.755,3.865,1
agency,5.14,3.17,4.89,1
agenda,5.05,3.62,5.36,1
agent,5.23,3.43,5.65,1
aggravate,2.55,5.9,4.85,1
aggravation,2.48,5.35,4.45,1
aggression,3.18,5.69,4.65,1
aggressive,3.08,5.87,5.49,1
aggressiveness,3.58,6.43,5.21,1
aggressor,2.8,6.55,4.57,1
agile,5.95,4.95,6.09,1
agility,6.55,4.21,6.41,1
agitate,3.36,5.82,4.55,1
agitation,2.84,4.75,3.29,1
aglow,5.84,4.83,5.59,1
agonizing,2.68,6.71,4.04,1
agony,2.46,5.78,4.0,1
agree,7.17,3.62,6.94,1
agreeable,6.9,3.55,6.97,1
agreement,6.75,4.05,6.48,1
agricultural,5.5,3.55,5.74,1
agriculture,6.1,3.05,6.0,1
ahoy,5.58,3.95,5.45,1
aid,4.905,4.15,5.415,1
aide,5.6,4.0,7.05,1
AIDS,1.33,5.0,3.55,1
ailing,2.95,4.52,4.15,1
ailment,3.0,3.68,3.14,1
aim,5.95,4.0,6.5,1
air,6.71,3.25,5.72,1
airbag,5.4,3.64,4.81,1
airborne,5.25,3.52,4.48,1
aircraft,6.3,4.86,5.71,1
aircraft carrier,5.25,4.64,5.85,1
airfield,5.74,4.38,4.82,1
airhead,4.1,4.3,4.19,1
airline,5.36,4.12,4.92,1
airliner,6.05,4.0,4.25,1
airlock,4.85,4.23,5.0,1
airplane,5.25,5.62,4.12,1
airport,6.0,5.5,5.79,1
airship,5.63,4.88,4.43,1
airspace,5.5,4.4,4.91,1
airspeed,4.95,4.33,5.24,1
airstrip,4.76,3.83,5.1,1
airtight,5.1,3.3,4.76,1
airway,4.95,4.0,3.95,1
aisle,5.17,2.5,4.87,1
ajar,5.0,3.26,5.28,1
aka,4.63,3.39,4.4,1
alabaster,5.5,3.95,5.35,1
alarm,3.69,6.675,5.315,1
alarm clock,3.47,5.36,4.82,1
albatross,5.68,3.09,4.91,1
albino,4.9,3.09,4.05,1
album,6.19,5.63,5.86,1
alcohol,4.11,5.17,4.0,1
alcoholic,2.49,5.48,3.27,1
alcoholism,2.0,5.0,3.0,1
alcove,5.5,3.32,5.33,1
alderman,4.44,3.05,5.04,1
ale,5.95,4.1,5.17,1
alert,5.38,5.14,6.58,1
alfalfa,4.79,3.67,5.73,1
algebra,5.4,4.6,4.54,1
algorithm,5.3,3.7,4.04,1
alias,5.0,4.71,5.94,1
alibi,4.16,4.5,5.17,1
alien,4.45,4.86,3.56,1
alienate,2.79,4.27,3.71,1
alienation,2.53,5.14,3.33,1
alight,5.67,3.86,5.88,1
align,5.95,3.32,5.95,1
alignment,6.0,3.92,6.32,1
alimony,3.86,3.09,4.32,1
alive,6.57,5.93,6.77,1
allegation,3.26,5.9,3.96,1
alleged,3.62,5.09,4.27,1
allegiance,5.8,5.17,7.05,1
allegro,5.0,3.89,5.36,1
allergic,3.0,5.4,3.81,1
allergy,2.9,3.9,3.5,1
alleviate,6.25,3.45,5.84,1
alley,4.17,4.08,4.63,1
alleyway,3.46,3.7,5.2,1
alliance,6.14,4.4,5.78,1
allied,6.0,4.09,6.12,1
alligator,4.23,5.36,4.1,1
allow,6.39,2.95,6.11,1
allowance,6.74,4.05,5.7,1
alloy,5.2,3.32,5.9,1
allure,6.9,4.25,5.77,1
alluring,6.74,4.35,5.86,1
almanac,5.55,3.24,5.88,1
almighty,6.15,4.59,5.81,1
almond,6.05,2.89,6.46,1
aloha,7.1,3.82,6.33,1
aloof,4.59,3.09,4.63,1
alpha,5.5,3.67,6.32,1
alphabet,5.95,3.15,5.79,1
alphabetical,6.32,3.0,6.14,1
alpine,5.84,3.52,5.74,1
altar,5.59,4.05,5.68,1
altar boy,4.76,3.11,4.62,1
alter,4.57,4.17,5.57,1
alteration,5.05,4.05,6.15,1
altercation,3.61,5.62,4.4,1
alternate,5.26,3.875,5.365,1
alternative,5.33,3.61,6.33,1
altimeter,4.5,3.61,5.0,1
altitude,5.27,4.15,5.46,1
aluminum,5.1,4.05,6.0,1
alumnus,4.95,3.23,6.1,1
alzheimers,2.26,4.5,2.0,1
amaretto,6.0,4.04,5.19,1
amateur,4.58,3.55,5.25,1
amaze,7.24,5.0,5.83,1
amazed,7.55,5.95,6.11,1
amazement,7.29,6.3,6.43,1
amazing,7.72,6.05,6.83,1
ambassador,5.5,3.91,6.2,1
amber,6.15,3.36,6.21,1
ambience,6.35,3.85,5.57,1
ambient,6.33,3.2,4.86,1
ambiguous,5.16,4.0,5.12,1
ambition,7.28,4.86,6.36,1
ambitious,6.33,5.76,5.88,1
ambrosia,5.95,4.05,5.67,1
ambulance,3.71,5.33,3.29,1
ambush,3.17,5.58,3.96,1
amend,6.265,3.505,5.46,1
amendment,5.6,3.5,4.77,1
amiable,6.7,2.85,6.14,1
amino,4.45,3.83,5.73,1
ammo,4.18,5.53,5.52,1
ammonia,3.74,3.0,3.83,1
ammonium,4.06,4.37,4.84,1
ammunition,4.59,5.7,5.95,1
amnesia,3.43,5.04,3.08,1
amnesty,5.38,3.86,6.0,1
amorous,5.95,4.21,6.0,1
amour,6.43,5.43,5.91,1
amp,5.79,5.05,5.13,1
amphibian,5.4,3.35,5.42,1
amphibious,5.75,5.7,4.85,1
ample,5.89,3.28,6.04,1
amputate,2.1,5.43,3.0,1
amputation,1.84,4.86,2.85,1
amuck,4.0,4.41,3.74,1
amulet,5.75,3.95,5.79,1
amuse,7.074999999999999,4.72,6.365,1
amusement,7.0,4.82,6.59,1
amusing,7.6,5.18,6.79,1
anaconda,4.43,6.0,4.08,1
anagram,4.37,3.86,4.83,1
anal,4.0,4.29,4.45,1
analogy,5.24,3.95,5.33,1
analysis,5.25,3.74,5.95,1
analyst,5.0,3.24,4.76,1
analytical,6.0,4.13,6.43,1
analyze,5.65,4.1,5.96,1
analyzer,4.62,3.48,5.88,1
anaphylactic,4.0,5.57,4.17,1
anarchist,2.76,4.16,4.57,1
anarchy,3.68,4.86,3.1,1
anatomy,6.29,4.43,5.95,1
ancestor,6.37,3.73,4.81,1
ancestral,6.6,3.6,5.05,1
ancestry,6.29,3.71,4.16,1
anchor,5.16,3.32,5.29,1
anchorage,5.09,3.82,5.8,1
ancient,7.24,3.48,4.86,1
android,5.62,3.5,5.75,1
anecdote,5.62,4.65,6.0,1
anemia,3.05,4.09,3.55,1
anemic,3.45,3.45,3.14,1
anesthesia,4.84,3.64,2.95,1
anesthesiologist,4.95,3.56,3.68,1
anesthetic,5.48,3.23,4.72,1
aneurysm,2.5,5.38,2.7,1
angel,7.71,4.24,5.9,1
angelic,6.68,4.27,6.32,1
anger,2.5,5.93,5.14,1
angina,2.85,4.72,4.0,1
angiogram,4.19,3.61,4.28,1
angle,4.55,3.22,5.27,1
angora,5.63,2.95,5.0,1
angry,2.53,6.2,4.11,1
angst,3.5,5.76,3.62,1
anguish,3.14,5.41,4.27,1
anguished,2.78,4.79,2.88,1
animal,7.06,4.3,5.72,1
animated,6.65,5.77,6.71,1
animation,6.42,5.52,5.16,1
animosity,3.4,5.83,5.04,1
ankle,5.4,3.11,5.58,1
anklet,4.75,3.57,5.08,1
annals,4.8,2.6,4.95,1
annex,4.41,4.0,5.26,1
annihilate,3.15,6.44,4.62,1
annihilation,2.58,5.52,3.2,1
anniversary,6.95,4.0,6.86,1
announce,5.52,3.65,5.48,1
announcement,5.81,4.3,5.05,1
announcer,5.84,4.5,4.07,1
annoy,2.745,5.295,3.96,1
annoyance,2.95,4.1,3.45,1
annoyed,2.8,5.29,4.08,1
annual,5.19,3.7,4.9,1
annul,3.83,4.23,4.9,1
annulment,4.05,4.14,4.15,1
anointed,4.79,3.32,5.18,1
anomaly,4.84,4.25,4.26,1
anonymity,4.81,3.29,5.88,1
anonymous,5.75,4.13,5.48,1
anorexic,2.71,4.24,3.43,1
answer,6.1,4.0,5.95,1
ant,3.9,3.27,5.3,1
antagonistic,4.32,4.11,4.41,1
antagonize,3.15,4.95,4.0,1
antelope,5.68,4.46,5.57,1
antenna,5.43,3.15,5.67,1
anterior,4.89,3.36,4.64,1
anthem,5.95,4.48,6.29,1
anthill,4.32,4.63,4.76,1
anthrax,2.32,4.72,2.71,1
anthropological,5.53,3.82,5.14,1
anthropologist,5.7,3.27,5.19,1
anthropology,5.3,2.91,6.0,1
anti,4.47,4.23,5.05,1
antiaircraft,4.85,4.6,4.73,1
antibiotic,5.465,4.05,5.415,1
antichrist,2.36,5.58,4.39,1
anticipate,6.0,5.7,5.36,1
anticipation,5.26,5.39,5.53,1
antics,3.95,5.1,5.24,1
antidote,6.55,3.24,6.08,1
antigravity,5.74,5.1,3.77,1
antiquated,5.0,4.95,4.69,1
antique,6.565,3.84,5.48,1
antiseptic,4.57,3.15,4.77,1
antisocial,3.21,5.32,5.33,1
antsy,4.36,5.23,3.85,1
anus,2.9,4.39,4.96,1
anvil,5.05,4.4,5.38,1
anxiety,2.38,4.78,3.39,1
anxious,3.8,6.2,4.15,1
anytime,5.81,4.6,5.32,1
aorta,4.35,3.64,4.37,1
aortic,4.25,3.5,4.58,1
apache,5.2,3.7,4.95,1
apartment,5.359999999999999,3.54,5.255,1
apathy,3.68,3.8,5.15,1
ape,5.21,4.25,5.38,1
apex,5.52,3.48,5.17,1
aphrodisiac,6.43,5.96,5.04,1
apocalypse,3.24,5.04,2.65,1
apologetic,6.65,4.0,5.0,1
apologize,4.94,3.52,4.22,1
apology,6.24,4.0,5.1,1
apostle,5.5,4.38,4.71,1
apothecary,5.48,4.23,5.35,1
appalled,3.285,5.205,4.33,1
apparatus,5.5,4.0,5.14,1
apparel,5.38,4.3,6.19,1
apparent,4.96,3.19,6.4,1
apparition,4.85,4.82,4.38,1
appeal,6.3,3.57,5.36,1
appear,5.25,3.24,5.36,1
appearance,6.14,4.57,5.9,1
appease,5.95,3.55,5.59,1
appendage,4.23,4.35,5.32,1
appendectomy,2.95,6.14,3.59,1
appendicitis,1.86,5.12,2.71,1
appendix,4.81,2.92,4.25,1
appetite,6.23,5.37,5.57,1
appetizer,7.29,4.52,6.36,1
appetizing,7.0,4.82,6.18,1
applaud,6.7,5.05,5.91,1
applause,7.12,5.38,6.56,1
apple,6.62,3.52,6.44,1
apple juice,7.3,3.2,6.0,1
applejack,5.79,3.8,5.74,1
applesauce,6.9,2.78,6.39,1
appliance,5.15,2.84,5.0,1
applicant,4.91,3.96,5.08,1
application,5.05,4.52,4.3,1
apply,5.16,3.24,6.2,1
appoint,5.95,4.25,5.65,1
appointment,4.43,4.8,6.68,1
appraisal,5.09,4.09,5.65,1
appreciate,7.33,3.1,7.0,1
appreciation,7.3,4.68,6.63,1
appreciative,7.14,4.35,6.9,1
apprehend,4.14,5.13,4.48,1
apprehension,4.15,4.23,5.07,1
apprehensive,3.32,4.77,4.64,1
apprentice,5.95,3.59,5.05,1
approach,5.45,4.48,6.03,1
appropriate,6.1,4.04,5.0,1
approval,6.75,3.52,6.63,1
approve,7.0,4.09,7.26,1
approximate,5.26,3.82,4.95,1
apricot,5.95,4.29,5.94,1
apron,5.8,2.9,5.28,1
apt,5.64,4.05,5.95,1
aptitude,5.95,4.55,5.45,1
aqua,6.5,3.6,4.82,1
aquamarine,6.4,3.9,4.95,1
aquarium,6.43,4.3,6.14,1
aquatic,6.8,3.58,4.53,1
arbitrary,4.15,4.55,4.77,1
arbitration,4.09,4.41,4.19,1
arcade,6.45,6.1,6.81,1
arcane,5.25,3.61,5.55,1
arch,5.8,3.15,5.45,1
archaeological,6.05,4.52,5.18,1
archaeologist,5.42,4.14,5.17,1
archaeology,6.1,3.86,5.26,1
archaic,4.5,4.38,4.62,1
archangel,7.27,4.19,4.79,1
archbishop,4.71,3.78,4.73,1
archdiocese,3.95,3.41,4.04,1
archduke,4.15,3.56,5.73,1
archery,5.25,4.39,5.73,1
architect,6.21,3.25,6.05,1
architectural,6.32,4.05,5.18,1
architecture,6.05,4.39,5.67,1
archive,4.81,4.18,5.24,1
arctic,4.45,3.88,5.0,1
ardent,4.95,4.62,5.32,1
area,5.56,2.19,5.06,1
arena,5.75,4.23,6.04,1
argue,3.15,6.67,4.77,1
argument,2.62,5.22,5.65,1
argumentative,3.2,5.61,4.0,1
arise,6.17,4.76,5.87,1
aristocracy,5.21,4.15,5.08,1
aristocrat,4.28,3.6,4.94,1
aristocratic,5.79,3.18,4.43,1
arithmetic,4.95,4.0,5.54,1
ark,6.15,3.52,5.88,1
arm,5.44,3.44,6.02,1
armada,4.6,3.29,5.6,1
armament,5.05,4.65,5.37,1
armchair,5.67,2.75,5.79,1
armed,4.11,6.3,5.68,1
armor,5.885,3.405,6.0,1
armory,5.25,4.48,5.74,1
armpit,4.1,3.57,5.24,1
army,4.65,4.49,4.65,1
aroma,7.65,4.35,6.06,1
arouse,6.3100000000000005,6.755,5.84,1
arraignment,3.91,4.6,5.33,1
arrange,5.15,3.57,6.71,1
arrangement,5.71,3.0,5.5,1
array,5.9,3.71,5.62,1
arrest,2.33,6.86,3.11,1
arrhythmia,3.86,4.95,4.25,1
arrival,6.67,3.6,6.53,1
arrive,6.41,5.0,6.84,1
arrogance,2.55,4.65,5.0,1
arrogant,2.52,5.15,4.64,1
arrow,5.24,3.91,5.53,1
arsenal,4.45,5.48,5.25,1
arsenic,3.0,4.7,3.46,1
arson,2.26,5.41,3.78,1
arsonist,2.5,6.95,3.42,1
art,6.85,4.48,6.02,1
arterial,3.95,3.39,4.12,1
artery,4.29,4.09,4.78,1
arthritis,2.32,4.27,2.63,1
artichoke,5.3,3.5,5.48,1
article,5.68,3.5,5.68,1
articulate,6.55,4.27,6.89,1
artifact,6.2,4.95,5.73,1
artificial,3.86,4.17,4.55,1
artillery,4.1,4.56,4.64,1
artist,6.76,4.1,6.95,1
artiste,6.33,3.0,5.35,1
artistic,7.0,5.0,6.86,1
artistry,6.91,4.71,7.43,1
artwork,6.76,4.18,6.33,1
arty,6.55,5.53,5.48,1
asbestos,2.24,4.38,3.05,1
ascend,5.665,3.93,5.565,1
ascendant,5.29,3.23,5.78,1
ascension,5.77,5.36,5.45,1
ascertain,5.3,3.17,6.29,1
ashamed,2.52,5.65,4.63,1
ashtray,3.52,3.48,5.56,1
asinine,5.05,4.63,4.81,1
ask,5.95,3.48,6.29,1
asleep,6.5,2.0,4.33,1
asparagus,5.43,2.73,5.67,1
aspect,4.89,3.39,4.76,1
aspen,6.57,4.11,5.5,1
asphalt,4.46,3.2,4.62,1
asphyxia,2.19,6.14,2.4,1
asphyxiation,1.53,6.91,2.54,1
aspiration,6.26,5.0,5.94,1
aspire,6.66,4.045,6.85,1
aspirin,5.3,3.35,5.12,1
ass,5.45,5.43,3.61,1
assailant,3.24,5.7,3.0,1
assassin,2.11,5.82,3.36,1
assassinate,3.27,6.38,3.23,1
assassination,1.83,6.2,4.0,1
assault,2.05,6.8,3.49,1
assemble,5.14,3.52,6.28,1
assembly,5.47,3.95,4.82,1
assemblyman,5.0,3.12,5.21,1
assert,5.68,4.64,5.93,1
assertive,5.37,5.55,6.04,1
assess,5.84,3.45,5.21,1
assessment,5.22,2.75,5.44,1
asset,7.25,4.43,6.0,1
asshole,2.11,6.38,2.89,1
assign,4.75,3.71,5.74,1
assignment,5.39,4.45,6.0,1
assimilate,4.63,4.15,5.15,1
assist,5.95,3.76,6.41,1
assistance,5.82,3.82,6.45,1
assistant,5.91,4.8,6.37,1
associate,5.2,3.11,4.88,1
association,5.5,3.67,6.14,1
assorted,5.82,3.52,5.41,1
assortment,5.64,3.88,5.79,1
assume,4.41,4.2,6.21,1
assumption,4.3,4.14,5.03,1
assurance,5.95,2.81,6.07,1
assure,6.33,3.1,6.52,1
asterisk,5.38,2.78,5.72,1
asteroid,4.95,5.6,3.68,1
asthma,2.45,4.5,3.54,1
asthmatic,3.33,3.38,3.84,1
astonish,5.984999999999999,5.555,5.4350000000000005,1
astonishing,6.53,5.77,5.23,1
astound,6.3,5.05,5.56,1
astral,5.32,5.13,5.26,1
astrology,4.79,4.18,4.67,1
astronaut,6.73,4.4,5.32,1
astronomer,5.59,5.42,5.33,1
astronomical,6.37,5.0,5.14,1
astronomy,6.0,4.33,5.21,1
astute,6.22,3.16,6.0,1
asylum,3.24,5.55,3.52,1
atheist,4.64,4.76,5.41,1
athlete,6.21,4.75,5.96,1
athletic,6.449999999999999,4.965,6.130000000000001,1
atlas,5.95,2.5,5.7,1
atmosphere,6.05,4.0,4.86,1
atmospheric,5.72,4.09,5.11,1
atoll,5.14,3.55,4.7,1
atom,5.74,4.29,5.39,1
atomic,4.26,5.85,3.96,1
atone,5.6,4.0,5.65,1
atrium,5.95,3.57,5.22,1
atrocious,3.14,4.12,4.35,1
atrocity,2.95,5.0,2.96,1
atrophy,3.16,3.86,4.0,1
attach,5.26,3.81,4.7,1
attachment,6.0,2.96,6.32,1
attack,2.0,7.05,3.39,1
attacker,2.23,7.27,4.26,1
attain,5.85,3.11,7.08,1
attempt,5.675,4.29,6.095,1
attend,5.4,3.5,6.7,1
attendance,5.95,4.24,5.59,1
attendant,5.63,3.14,5.09,1
attention,6.68,4.05,6.47,1
attentive,6.43,4.37,6.62,1
attest,5.1,3.68,6.26,1
attic,4.95,3.45,5.36,1
attire,6.16,3.95,5.78,1
attitude,4.72,4.76,5.88,1
attorney,3.67,4.8,5.53,1
attract,6.38,5.35,5.6,1
attraction,7.0,5.4,4.62,1
attractive,7.19,4.91,6.81,1
attribute,5.67,4.12,6.0,1
auburn,5.89,3.62,5.61,1
auction,5.43,4.5,5.33,1
auctioneer,5.09,4.0,5.37,1
audacious,5.11,4.28,5.41,1
audacity,5.2,4.1,5.33,1
audible,6.05,4.45,6.26,1
audience,5.89,4.91,5.14,1
audio,6.56,4.29,5.96,1
audit,2.82,5.78,3.68,1
audition,5.2,4.24,6.0,1
auditor,3.26,3.7,5.2,1
auditorium,6.05,4.45,5.05,1
auditory,5.05,4.5,6.11,1
aunt,6.56,2.71,4.28,1
auntie,6.24,3.58,5.79,1
aura,6.45,4.7,5.65,1
auspicious,4.76,3.39,5.5,1
authentic,6.91,4.55,6.58,1
authenticate,5.1,4.36,5.78,1
authenticity,6.81,4.42,6.23,1
author,6.33,2.73,6.38,1
authority,4.76,5.35,5.19,1
authorization,5.86,4.32,4.77,1
authorize,5.37,4.67,6.54,1
autism,3.2,4.1,3.12,1
autistic,3.62,4.24,2.43,1
auto,5.0,4.95,5.7,1
autobiographical,4.82,3.74,5.89,1
autobiography,5.79,2.85,6.5,1
autograph,6.175,4.1,6.26,1
automated,4.74,4.05,4.5,1
automatic,6.05,3.7,5.27,1
automobile,5.45,3.91,6.0,1
automotive,5.37,4.5,5.38,1
autonomy,5.05,4.09,6.19,1
autopilot,5.65,4.11,3.72,1
autopsy,2.62,4.36,3.22,1
autumn,7.12,3.21,5.17,1
auxiliary,5.26,3.61,5.81,1
avail,5.42,3.77,6.0,1
availability,5.68,4.38,5.5,1
available,6.86,4.04,6.59,1
avalanche,4.0,6.55,3.24,1
avenge,4.47,6.225,6.234999999999999,1
avenue,5.74,3.3,5.18,1
average,4.89,3.29,5.59,1
aversion,4.0,5.14,4.81,1
avert,5.16,3.62,5.22,1
aviation,5.9,4.05,5.62,1
aviator,6.39,4.67,6.13,1
avid,5.74,4.32,5.71,1
avocado,6.32,4.05,5.22,1
avoid,4.1,3.92,4.81,1
avoidance,3.35,4.95,4.88,1
await,5.33,2.91,4.71,1
awake,6.76,5.5,6.68,1
awaken,6.23,4.48,6.315,1
award,7.86,5.85,6.9,1
aware,6.86,4.7,7.05,1
awareness,6.45,3.73,7.22,1
awe,6.85,3.83,5.85,1
awed,6.05,4.21,6.0,1
awesome,7.86,6.05,7.11,1
awful,2.28,4.86,3.06,1
awkward,2.95,4.55,4.25,1
awkwardness,3.86,4.65,4.13,1
awning,5.79,2.9,5.29,1
axe,3.48,5.64,5.55,1
axis,4.19,3.92,5.59,1
axle,4.67,2.45,5.3,1
babble,4.55,4.0,4.74,1
babe,6.86,4.25,6.79,1
baboon,5.55,5.11,4.96,1
baby,6.67,4.97,4.94,1
babysit,4.74,3.67,5.74,1
babysitter,6.55,3.48,5.68,1
Bacardi,5.68,4.36,5.79,1
bachelor,5.58,4.14,5.13,1
bachelorette,5.52,4.09,4.89,1
backboard,4.7,3.41,5.47,1
backbone,5.16,4.05,6.4,1
backdoor,4.86,3.85,5.43,1
backdrop,5.45,2.7,5.27,1
backer,4.73,3.53,5.62,1
backfire,3.0,4.79,3.5,1
backgammon,5.6,2.06,4.83,1
background,5.05,3.67,5.57,1
backhand,3.5,4.61,4.9,1
backpack,6.05,3.68,6.5,1
backroom,4.6,3.5,5.08,1
backseat,4.84,3.32,3.9,1
backside,4.58,3.68,5.22,1
backtrack,4.26,3.15,5.3,1
backup,5.85,3.45,5.85,1
backwater,4.33,3.84,5.0,1
backwoods,5.0,2.57,5.21,1
backyard,6.1,3.88,6.79,1
bacon,7.52,4.16,6.11,1
bacteria,3.3,4.24,3.44,1
bacterial,3.68,5.0,3.6,1
bad,3.24,4.86,3.56,1
badass,6.14,6.68,6.0,1
badge,5.24,4.4,5.75,1
badger,4.63,4.35,4.58,1
badness,3.55,4.38,4.08,1
bag,5.05,3.43,5.62,1
bagel,6.32,3.6,5.17,1
baggage,4.5,4.0,5.95,1
baggie,5.43,3.55,5.33,1
baggy,4.45,4.05,5.21,1
bagman,4.7,2.7,3.86,1
bail,3.79,3.91,4.0,1
bailiff,3.95,4.33,4.86,1
bait,4.0,3.5,5.95,1
bake,7.2,5.0,6.83,1
bakery,6.79,3.86,5.74,1
balance,6.84,4.13,5.47,1
balcony,6.11,4.0,5.09,1
bald,2.95,3.545,4.075,1
baldy,3.95,2.7,5.22,1
bale,4.9,2.78,4.91,1
ball,6.14,3.48,5.47,1
ballad,6.33,3.6,6.32,1
ballast,4.67,4.06,4.86,1
ballerina,6.79,3.73,5.59,1
ballet,6.86,3.72,5.62,1
ballgame,7.0,4.65,5.26,1
ballistic,4.525,4.835,4.505,1
balloon,6.84,3.9,5.45,1
ballot,5.29,4.15,5.45,1
ballpark,5.44,3.85,5.16,1
ballplayer,5.26,4.09,6.24,1
ballpoint,5.1,2.46,5.26,1
ballroom,5.75,4.27,5.67,1
ballsy,4.9,5.29,5.88,1
balm,6.24,3.36,5.58,1
balmy,5.23,4.23,5.47,1
bam,5.05,3.96,4.9,1
bamboo,6.33,3.2,5.6,1
ban,3.38,5.2,5.86,1
banana,6.71,3.21,6.05,1
band,6.44,4.52,5.56,1
bandage,3.63,3.64,4.4,1
bandanna,5.26,3.15,5.42,1
bandit,3.88,5.18,4.77,1
bandstand,5.81,3.54,5.25,1
bandwagon,3.95,3.95,5.25,1
bandwidth,5.32,3.43,4.91,1
bane,3.9,3.95,3.5,1
bang,5.1,6.09,4.89,1
banger,4.05,3.33,5.45,1
banish,3.85,4.71,4.64,1
banister,5.42,2.55,5.83,1
banjo,6.35,3.53,5.09,1
bank,6.0,4.19,4.78,1
banker,4.89,3.38,5.32,1
banking,5.47,4.24,4.74,1
bankroll,6.05,4.95,5.58,1
bankrupt,2.21,5.49,3.41,1
bankruptcy,2.52,5.39,3.31,1
banner,5.17,3.55,5.17,1
banquet,6.11,4.57,5.0,1
banshee,3.58,5.09,4.15,1
banter,5.48,3.5,5.27,1
banzai,5.65,4.73,5.71,1
baptism,6.62,3.96,5.23,1
baptize,5.59,3.32,6.57,1
bar,5.0,4.53,5.48,1
barbarian,3.14,6.26,3.67,1
barbaric,3.43,5.6,4.31,1
barbecue,7.1,5.55,5.59,1
barbed,3.75,5.1,4.58,1
barber,4.89,3.18,5.91,1
barbershop,5.37,3.18,5.82,1
barbie doll,5.23,3.96,5.58,1
bard,4.45,2.94,5.32,1
bare,5.5,4.65,5.58,1
barefoot,6.91,4.33,6.82,1
barf,2.32,5.0,3.71,1
bargain,7.63,5.48,6.11,1
bargaining,5.37,4.14,6.37,1
barge,5.44,3.15,4.52,1
baritone,6.05,4.0,4.74,1
barium,4.9,2.91,4.85,1
bark,4.86,3.4,4.82,1
barkeep,5.7,3.71,5.54,1
barley,4.95,3.62,5.79,1
barmaid,4.85,4.6,4.59,1
barman,5.28,4.95,4.74,1
barn,6.16,3.57,5.65,1
barnacle,5.27,3.52,3.68,1
barnyard,5.65,2.55,5.15,1
barometer,5.0,2.88,3.82,1
baron,3.9,3.88,4.95,1
baroness,4.75,4.36,5.53,1
barracuda,4.85,5.16,3.47,1
barrage,4.24,3.96,4.64,1
barrel,4.92,3.43,4.94,1
barren,3.79,3.59,3.7,1
barricade,4.32,4.23,4.77,1
barrier,4.47,4.7,4.88,1
barrister,4.95,3.18,4.96,1
barroom,4.9,4.65,4.71,1
bartender,5.63,4.95,6.15,1
barter,5.64,4.74,6.45,1
base,5.68,3.1,6.37,1
baseball,5.79,3.15,6.05,1
baseball bat,5.75,3.39,5.86,1
baseline,5.4,2.52,5.16,1
baseman,5.19,3.95,5.05,1
basement,4.81,3.33,5.26,1
bash,3.68,5.14,4.46,1
bashful,5.55,4.36,4.74,1
basic,5.68,3.045,5.8,1
basil,6.43,3.82,5.36,1
basin,5.47,2.77,4.75,1
basis,5.42,2.68,5.18,1
bask,6.37,3.86,6.17,1
basket,5.66,2.48,5.3,1
basketball,5.67,4.35,5.05,1
bass,5.23,4.87,5.89,1
bass guitar,6.27,4.88,6.43,1
bastard,3.31,5.1,2.59,1
bat,4.81,4.57,4.29,1
batch,5.57,3.29,5.43,1
bath,6.57,3.24,6.785,1
bathe,7.5,3.15,6.5,1
bathhouse,5.32,4.0,5.68,1
bathrobe,6.48,4.05,5.47,1
bathroom,5.26,2.86,5.25,1
bathtub,6.26,3.63,5.91,1
baton,4.63,3.64,5.38,1
battalion,5.14,4.76,4.77,1
batter,3.646666666666667,4.126666666666666,4.526666666666666,1
battery,4.26,3.95,4.35,1
battle,3.52,6.25,5.63,1
battlefield,3.89,6.48,4.05,1
battleground,4.09,5.76,4.09,1
battlements,3.7,4.52,5.14,1
battleship,4.43,3.41,5.3,1
batty,4.44,4.05,4.21,1
bauble,5.71,3.83,4.67,1
bawl,3.58,4.86,4.14,1
bay,7.23,3.26,4.86,1
bayonet,4.68,4.45,5.17,1
bayou,6.2,3.81,5.44,1
bazaar,6.42,5.9,5.48,1
bazooka,5.37,6.1,4.04,1
beach,7.21,5.1,5.7,1
beacon,5.18,4.52,5.32,1
bead,6.05,3.4,3.91,1
beady,4.58,3.73,4.73,1
beak,4.9,2.81,4.28,1
beaker,5.5,3.79,6.0,1
beam,5.74,3.59,6.54,1
bean,6.0,2.95,5.6,1
beanbag,5.88,3.0,6.17,1
beanie,5.58,3.58,5.36,1
bear,6.33,4.2,3.685,1
bearable,5.72,3.57,5.47,1
beard,5.09,3.18,5.42,1
bearded,5.67,5.53,6.06,1
bearer,4.95,4.7,5.67,1
bearings,5.43,3.29,5.32,1
bearskin,4.25,3.95,5.6,1
beast,4.42,5.83,4.08,1
beastly,4.19,6.22,4.38,1
beat,4.38,5.52,5.59,1
beater,3.06,4.22,4.84,1
beatnik,3.89,4.21,4.61,1
beautiful,7.61,5.71,6.17,1
beauty,7.58,4.89,5.6,1
beaver,5.0,4.05,5.15,1
bebop,6.26,3.95,5.25,1
bed,6.105,3.325,6.365,1
bedpan,2.74,5.05,4.0,1
bedroom,7.0,4.9,6.84,1
bedside,5.89,2.96,5.93,1
bedspread,6.05,2.7,6.0,1
bedtime,6.57,3.76,7.05,1
bee,4.41,5.59,4.76,1
beef,6.11,4.37,6.32,1
beefsteak,5.53,4.05,5.61,1
beehive,4.26,5.39,4.47,1
beep,5.11,3.82,4.74,1
beeper,4.9,3.16,4.18,1
beer,5.67,4.3,5.33,1
beeswax,5.15,3.62,5.53,1
beetle,4.2,4.45,5.93,1
befall,3.91,4.24,4.27,1
befriend,7.14,4.25,6.32,1
beg,3.72,4.65,3.17,1
beggar,2.92,4.29,4.16,1
begin,6.415,2.925,5.72,1
beginner,5.15,3.5,4.79,1
begrudge,3.95,4.47,5.33,1
behave,6.25,3.72,7.05,1
behavior,5.28,4.27,5.88,1
behavioral,5.1,4.1,5.96,1
behold,6.48,3.88,6.59,1
beholden,5.05,3.24,4.84,1
beige,5.26,2.6,5.05,1
belated,4.21,3.19,5.32,1
belay,5.5,3.43,4.72,1
belch,4.18,4.77,4.75,1
belief,6.14,3.95,7.18,1
believable,6.89,4.05,5.3,1
believe,7.05,3.33,6.56,1
believer,5.64,4.1,6.4,1
belittle,2.7,4.05,2.92,1
bell,5.67,4.7,6.16,1
bellboy,4.95,3.13,5.08,1
bellhop,5.47,4.0,5.37,1
belligerent,3.11,5.0,3.56,1
bellman,5.35,3.25,4.93,1
bellow,4.63,4.75,6.26,1
belly,4.37,3.75,4.96,1
bellybutton,5.73,4.95,5.19,1
bellyful,5.85,3.28,5.17,1
belong,6.5,2.9,5.44,1
belongings,6.09,3.96,6.17,1
beloved,7.38,4.91,6.85,1
belt,4.44,3.45,5.75,1
beluga,5.1,3.77,5.74,1
bench,5.5,3.46,5.81,1
bend,5.75,4.4,6.0,1
benefactor,6.0,2.95,4.5,1
beneficial,6.61,4.18,6.3,1
beneficiary,6.19,4.45,6.5,1
benefit,6.87,3.53,6.25,1
benevolence,6.29,4.35,5.43,1
benevolent,5.95,3.6,5.0,1
benign,5.86,3.26,6.0,1
benzene,4.53,3.95,4.92,1
bequeath,4.64,4.39,5.6,1
bereaved,3.65,5.23,4.45,1
bereavement,3.2,4.45,3.97,1
beret,5.05,3.78,4.79,1
berserk,3.75,5.08,4.29,1
berth,4.52,2.71,5.3,1
beryllium,5.6,3.87,4.93,1
beseech,4.89,4.77,4.26,1
bestow,6.5,3.8,6.27,1
bestseller,6.82,5.89,6.14,1
bet,4.95,4.76,5.5,1
beta,5.55,3.6,4.41,1
betray,2.52,5.33,3.86,1
betrayal,2.24,5.71,3.12,1
beverage,7.17,3.38,6.58,1
beware,3.3,5.24,5.32,1
bewildered,4.32,4.57,4.42,1
bias,3.95,4.27,5.44,1
biased,4.21,5.52,4.57,1
bib,5.78,3.57,5.16,1
bible,5.74,3.65,5.0,1
biblical,6.52,3.73,5.3,1
bicarbonate,4.9,3.5,4.86,1
bicentennial,6.3,4.7,5.5,1
biceps,5.95,4.42,6.45,1
bicker,2.81,5.13,4.54,1
bicycle,6.71,3.95,6.2,1
bid,5.225,4.455,5.715,1
bidder,5.39,3.5,5.32,1
bide,4.5,3.61,5.41,1
big,5.64,4.33,5.61,1
bigamy,3.15,4.36,4.21,1
biggie,5.32,3.76,5.36,1
bighorn,4.77,4.65,5.26,1
bigmouth,3.71,5.3,5.58,1
bigot,2.75,5.37,3.12,1
bigotry,2.24,6.15,4.53,1
bike,6.1,3.62,5.89,1
biker,5.32,4.04,4.68,1
bikini,5.57,5.43,5.57,1
bilateral,5.23,2.86,5.23,1
bile,2.61,4.1,3.5,1
bilge,4.55,3.73,4.79,1
bill,3.17,4.59,4.234999999999999,1
billboard,4.25,4.0,5.15,1
billiard,6.1,4.0,6.1,1
billion,6.8,5.44,6.5,1
billionaire,6.0,6.75,6.36,1
bimbo,3.1,3.52,4.84,1
bin,4.95,3.04,5.21,1
binary,4.58,3.29,4.6,1
bind,4.34,4.763333333333333,4.453333333333333,1
binder,5.16,3.17,5.29,1
binge,3.53,5.18,5.21,1
bingo,5.62,5.0,5.23,1
binoculars,5.57,2.58,6.1,1
bio,5.2,3.14,6.05,1
biochemical,4.05,4.21,4.21,1
biochemist,5.37,4.19,5.3,1
biochemistry,5.48,3.67,5.14,1
biographer,5.53,3.05,5.57,1
biography,5.4,3.0,5.95,1
biological,6.57,3.52,5.11,1
biologist,5.85,3.27,5.85,1
biology,6.0,4.1,4.45,1
bionic,5.42,5.18,4.91,1
biopsy,3.1,3.46,3.9,1
bipolar,3.26,5.0,3.18,1
birch,6.53,2.85,5.0,1
bird,6.75,3.83,5.88,1
birdcage,5.2,4.23,4.52,1
birdie,6.47,3.43,5.43,1
birdman,5.0,4.15,5.5,1
birth,5.904999999999999,6.075,4.95,1
birthday,6.37,4.6,6.07,1
birthmark,4.6,3.0,4.24,1
birthplace,6.95,3.41,4.85,1
birthright,5.63,4.58,6.75,1
biscuit,6.45,2.91,6.26,1
bisexual,4.74,4.5,5.09,1
bishop,4.53,3.77,4.82,1
bisque,5.42,2.78,5.19,1
bistro,5.95,4.33,5.18,1
bit,5.05,3.86,5.53,1
bitch,2.55,5.95,3.65,1
bitchy,3.11,4.83,4.24,1
bite,3.52,5.1,6.58,1
biter,3.59,5.27,4.5,1
bitsy,5.33,3.05,4.78,1
bitter,3.63,4.64,4.58,1
bitterness,3.15,5.1,4.62,1
bittersweet,5.09,4.21,4.52,1
bitty,5.16,3.6,5.2,1
biz,4.7,4.42,5.27,1
bizarre,4.41,5.0,4.5,1
blab,3.7,4.74,4.52,1
blabbermouth,2.9,4.48,4.26,1
black,5.4,3.58,5.48,1
black snake,2.6,5.76,3.79,1
blackberry,6.63,3.24,5.45,1
blackbird,5.62,3.5,5.04,1
blackboard,4.95,4.0,6.0,1
blacken,4.1,3.95,4.74,1
blackface,3.2,4.43,4.48,1
blackjack,5.0,5.05,5.0,1
blacklist,3.45,4.0,3.21,1
blackmail,2.59,5.44,3.98,1
blackmailer,2.05,5.11,2.77,1
blackness,3.82,4.52,5.23,1
blackout,3.73,4.89,2.76,1
blacksmith,5.58,3.24,6.0,1
bladder,4.58,3.78,5.53,1
blade,3.9,4.52,4.56,1
blame,2.94,4.81,3.33,1
blameless,5.45,3.74,5.19,1
bland,3.88,2.43,5.77,1
blank,4.67,2.9,4.68,1
blanket,7.05,2.23,6.75,1
blare,4.8,4.68,4.79,1
blase,4.46,3.62,4.45,1
blasphemous,3.18,4.62,3.27,1
blasphemy,2.95,5.65,4.6,1
blast,4.45,4.5,4.45,1
blaster,4.89,5.0,5.38,1
blastoff,6.33,5.2,5.28,1
blatant,3.68,4.62,5.45,1
blaze,4.47,5.33,4.2,1
blazer,5.5,4.22,5.46,1
bleach,4.62,5.3,4.89,1
bleak,3.96,3.18,3.85,1
bleed,2.47,5.0,3.75,1
bleeder,3.29,5.9,3.6,1
bleep,5.0,4.85,5.27,1
blemish,3.1,4.81,5.12,1
blend,5.63,3.48,5.36,1
blender,5.16,4.05,5.53,1
bless,7.25,4.0600000000000005,5.79,1
blessing,7.18,4.21,6.1,1
bleu,4.84,3.67,5.43,1
blight,3.14,4.24,3.92,1
blimp,5.14,3.59,4.67,1
blind,3.085,4.485,3.52,1
blindfold,4.55,3.65,3.5,1
blindness,2.55,4.78,2.38,1
blink,5.25,3.12,4.83,1
blip,4.52,4.4,4.55,1
bliss,7.62,4.13,6.36,1
blissful,7.67,3.74,6.08,1
blister,3.555,4.155,4.41,1
blitz,5.6,5.9,5.45,1
blizzard,4.36,6.53,3.65,1
bloat,3.4,3.78,3.86,1
bloated,2.8,3.0,3.24,1
blob,3.9,3.57,5.44,1
block,4.48,4.25,6.21,1
blockade,3.45,3.4,4.36,1
blockage,3.7,4.19,3.57,1
blockbuster,5.68,5.35,5.75,1
blockhead,4.81,4.25,4.88,1
blog,5.14,3.61,6.11,1
bloke,5.0,4.24,4.78,1
blond,6.08,3.0,5.38,1
blonde,6.0,5.75,5.56,1
blood,3.48,5.76,3.94,1
bloodbath,2.05,4.86,3.28,1
bloodhound,5.0,4.59,4.84,1
bloodline,5.71,4.0,3.73,1
bloodshed,3.61,5.22,3.19,1
bloodshot,2.85,4.72,4.04,1
bloodstream,5.05,3.77,4.7,1
bloodthirsty,2.55,4.9,4.68,1
bloody,2.86,5.76,3.75,1
bloom,6.795,3.955,5.525,1
bloomers,6.26,4.57,5.13,1
blossom,7.05,4.75,5.64,1
blot,4.37,3.05,5.29,1
blotter,5.5,4.14,5.26,1
blouse,5.73,3.24,6.59,1
blow,6.1,4.48,5.0,1
blowfish,4.62,3.95,4.5,1
blowjob,6.16,6.5,6.07,1
blowout,4.27,4.78,4.42,1
blowtorch,5.22,5.76,4.74,1
blubber,3.85,4.27,4.72,1
blue,4.98,3.65,5.615,1
blue spruce,5.58,3.1,4.8,1
blueberry,7.11,3.23,5.7,1
bluebird,7.29,3.55,5.86,1
bluegrass,5.65,3.35,5.9,1
bluejay,6.64,3.43,5.0,1
blueprint,4.95,3.71,5.96,1
bluff,4.58,4.17,5.21,1
blunder,3.95,4.14,3.64,1
blunt,4.65,4.61,5.63,1
blur,4.45,3.88,4.96,1
blurry,4.1,2.83,3.57,1
blurt,4.9,4.64,3.95,1
blush,6.38,4.74,4.25,1
boa,3.63,5.23,3.61,1
boa constrictor,3.79,5.06,2.71,1
boar,5.0,3.08,4.68,1
board,5.275,3.385,5.045,1
board game,6.33,4.4,5.05,1
boarder,5.15,3.75,5.44,1
boardroom,4.38,3.75,5.38,1
boardwalk,6.86,4.08,6.17,1
boast,4.24,4.36,6.33,1
boat,6.495,4.345,5.705,1
boathouse,6.05,4.83,5.0,1
boatload,5.45,4.29,5.19,1
boatman,5.38,3.6,6.33,1
bobcat,5.38,5.0,4.36,1
bobsled,6.0,4.57,5.52,1
bode,4.71,4.0,4.9,1
bodega,5.05,4.0,3.93,1
bodily,4.74,3.71,4.29,1
body,5.95,4.62,5.76,1
bodyguard,5.29,4.55,5.64,1
bog,3.57,3.68,5.0,1
bogey,3.58,4.86,3.75,1
bogeyman,3.81,4.67,3.69,1
bogus,2.84,5.32,3.59,1
bohemian,6.05,4.79,4.25,1
boil,4.48,5.42,5.4,1
boiler,4.47,3.23,5.08,1
bold,6.68,4.86,6.39,1
bollocks,4.68,4.38,4.75,1
bolt,3.9,4.55,4.64,1
bomb,2.47,5.71,3.14,1
bombardier,4.73,4.48,4.05,1
bombardment,3.14,5.48,3.0,1
bomber,2.84,6.24,3.94,1
bombing,2.1,7.11,3.42,1
bombshell,5.68,5.5,4.5,1
bonanza,6.09,4.42,5.71,1
bonbon,6.71,4.17,6.11,1
bondage,4.38,5.65,4.28,1
bonding,6.45,3.81,6.18,1
bondsman,3.58,4.24,4.5,1
bone,5.24,4.75,6.0,1
bonehead,4.05,4.46,5.08,1
boner,5.33,5.15,4.8,1
bonfire,6.53,4.67,5.35,1
bong,4.26,4.05,5.95,1
bonkers,4.95,5.08,4.29,1
bonnet,4.89,2.96,6.0,1
bonny,5.1,3.22,5.19,1
bonsai,6.38,4.1,5.95,1
bonus,8.05,6.9,6.19,1
bony,4.95,4.89,5.31,1
boob,5.29,5.3,5.83,1
booby,7.23,5.33,5.91,1
booger,3.25,3.8,4.33,1
boogeyman,3.55,5.09,3.0,1
boogie,3.8,4.55,4.96,1
book,7.05,3.13,6.41,1
bookcase,6.1,3.38,6.06,1
bookie,4.57,4.0,4.0,1
bookkeeper,5.58,3.61,6.0,1
bookkeeping,5.16,3.48,5.83,1
booklet,5.52,3.55,5.62,1
bookmaker,5.59,3.09,5.9,1
bookmark,6.26,3.0,6.47,1
bookshop,6.7,4.22,7.0,1
bookstore,7.19,4.25,7.15,1
bookworm,6.67,2.47,5.32,1
boom,4.74,5.57,5.14,1
boomer,4.1,3.77,5.3,1
boomerang,5.91,4.57,5.14,1
boon,4.84,3.45,5.68,1
boost,6.53,4.7,6.25,1
booster,4.52,3.39,4.85,1
boot,5.595,3.735,5.66,1
booth,5.25,4.35,5.17,1
bootleg,3.68,4.69,5.0,1
bootlegger,5.56,4.85,5.56,1
booty,5.63,5.43,5.3,1
booze,5.0,5.08,5.15,1
bop,5.63,3.95,5.4,1
bopper,5.33,3.23,5.24,1
border,4.68,4.3,4.74,1
borderline,4.0,4.39,4.84,1
bored,2.95,3.65,4.96,1
boredom,2.77,2.58,5.04,1
boring,2.71,2.85,6.05,1
boron,4.1,2.91,5.28,1
borough,5.0,3.45,5.22,1
borrow,5.18,4.55,6.16,1
bosom,6.44,4.7,5.0,1
boss,4.76,4.43,4.65,1
bossy,2.86,4.68,4.73,1
botanical,5.77,3.25,5.73,1
botany,5.55,3.0,4.81,1
bother,4.44,4.2,4.22,1
bottle,5.42,3.465,5.44,1
bottleneck,4.5,4.48,5.0,1
bottomless,5.71,4.3,4.64,1
botulism,3.4,4.57,3.3,1
bounce,6.1,4.68,6.15,1
bouncer,4.37,4.33,5.29,1
bouncy,6.64,4.54,5.54,1
boundary,4.75,4.17,3.95,1
bountiful,6.27,4.43,6.16,1
bounty,4.37,4.85,5.45,1
bouquet,6.67,3.33,5.76,1
bourbon,5.7,5.95,5.69,1
bout,3.9,3.67,5.3,1
boutique,6.1,4.33,5.88,1
bovine,4.4,3.5,6.19,1
bow,5.46,3.85,5.95,1
bowel,3.23,3.62,4.77,1
bowl,6.175,3.63,5.390000000000001,1
bowler,5.18,3.64,5.35,1
box,4.9,4.2,5.15,1
boxcar,5.5,4.21,4.95,1
boxer,5.13,4.33,5.8,1
boy,5.84,4.11,5.5,1
boycott,4.2,5.0,6.52,1
boyfriend,7.06,4.9,5.17,1
boyhood,5.42,3.45,5.35,1
boyish,5.73,4.63,5.62,1
boysenberry,5.95,3.19,5.8,1
bozo,4.35,4.32,4.5,1
bra,5.9,3.92,5.63,1
brace,4.85,3.9,4.97,1
bracelet,6.48,3.96,5.0,1
bracket,4.63,3.15,5.05,1
brag,4.05,3.5,5.32,1
braid,5.78,3.9,5.6,1
brain,6.22,3.35,6.28,1
brainless,3.57,3.95,4.11,1
brainstorm,6.57,4.29,6.55,1
brainwash,3.11,5.9,2.88,1
brainy,6.26,5.05,6.92,1
brake,4.9,3.82,5.67,1
bran,4.84,2.26,5.05,1
branch,5.15,2.67,4.91,1
brand,5.05,2.82,4.57,1
brandy,5.67,3.86,5.5,1
brash,4.38,3.55,5.33,1
brass,5.05,4.0,5.95,1
brass knuckle,4.25,5.23,5.53,1
brassiere,6.0,4.68,5.54,1
brat,2.67,4.67,4.61,1
bratwurst,5.65,2.75,4.81,1
bravado,5.89,4.7,6.04,1
brave,7.38,4.95,6.84,1
bravery,7.38,5.84,6.57,1
brawl,3.64,5.38,4.73,1
brawn,5.0,4.65,5.57,1
brazen,5.0,5.67,5.64,1
breach,3.67,3.46,4.76,1
bread,6.52,3.85,6.05,1
breadth,4.63,3.61,5.5,1
break,3.925,4.785,4.13,1
breakaway,4.67,4.6,5.81,1
breakdown,3.48,4.73,3.62,1
breaker,3.91,4.75,5.52,1
breakfast,7.39,5.0,6.83,1
breaking and entering,2.0,5.68,2.7,1
breakthrough,6.35,5.68,6.58,1
breakup,2.19,6.33,3.72,1
breast,6.64,5.39,5.0,1
breath,6.61,2.35,5.78,1
breathe,7.17,2.6,6.22,1
breather,5.95,2.85,5.42,1
breathless,4.95,5.73,5.19,1
breathtaking,7.0,5.38,5.52,1
breech,3.14,3.57,5.05,1
breed,5.68,4.025,5.79,1
breeder,4.71,3.79,5.3,1
breeze,7.61,3.2,4.55,1
breezy,6.26,4.19,5.76,1
brethren,5.9,4.095000000000001,5.470000000000001,1
brew,6.02,4.675,5.45,1
brewery,5.74,4.75,5.46,1
briar,4.95,4.0,4.58,1
bribe,3.32,4.44,4.59,1
bribery,3.59,5.05,4.14,1
brick,4.65,2.53,5.0,1
bridal,6.2,4.84,5.54,1
bride,6.8,4.5,6.08,1
bridegroom,6.1,4.33,4.75,1
bridesmaid,6.19,4.82,5.05,1
bridge,5.44,3.48,4.78,1
brief,6.0,3.42,5.39,1
briefcase,5.2,3.59,6.33,1
briefing,4.76,3.58,5.88,1
brig,4.0,3.29,3.5,1
brigade,4.43,4.44,5.59,1
bright,6.84,5.0,6.38,1
brighten,7.37,5.32,6.77,1
brightness,7.05,4.39,5.79,1
brilliance,7.09,5.24,6.64,1
brilliant,7.5,5.95,7.16,1
brim,5.21,4.0,4.79,1
brimstone,3.67,3.87,3.65,1
bring,5.68,4.29,5.72,1
brink,4.95,4.22,4.53,1
brisk,5.86,5.3,6.11,1
brisket,5.6,4.27,5.16,1
brittle,3.86,4.42,4.5,1
bro,5.32,3.77,5.13,1
broach,4.47,3.29,4.61,1
broad,5.14,3.26,4.23,1
broadcast,4.89,4.41,4.92,1
broadcasting,4.68,4.14,5.58,1
broaden,6.39,3.16,5.6,1
broadside,3.8,3.16,4.64,1
broadsword,5.24,4.62,6.0,1
broccoli,6.0,2.48,5.12,1
brochure,4.74,3.43,5.32,1
brokenhearted,2.47,5.41,3.47,1
broker,4.15,3.77,5.37,1
brokerage,4.5,3.57,5.16,1
bromide,4.43,2.75,4.58,1
bronco,5.83,4.25,4.28,1
bronze,5.81,3.62,5.4,1
brooch,5.33,3.64,5.04,1
brood,3.97,3.285,4.109999999999999,1
brook,7.0,3.33,6.08,1
broom,5.5,3.33,5.76,1
broomstick,5.0,3.32,5.5,1
broth,5.55,2.27,6.23,1
brothel,4.63,5.4,4.88,1
brotherhood,6.42,5.14,6.57,1
brotherly,7.45,4.44,6.31,1
brow,5.11,3.23,4.29,1
brown,5.52,3.32,4.65,1
brownstone,4.74,2.94,4.94,1
browse,5.47,3.57,5.95,1
bruise,3.33,4.5,3.995,1
brunch,6.57,4.09,5.64,1
brunette,6.35,4.15,5.36,1
brunt,3.71,3.96,4.85,1
brush,5.47,3.18,6.18,1
brutal,3.07,5.13,3.94,1
brutality,2.43,4.96,3.89,1
brute,3.48,4.85,5.55,1
brutish,3.0,4.74,5.11,1
bubble,6.43,4.19,6.12,1
bubbly,6.9,4.77,6.0,1
bubonic,2.17,5.78,3.52,1
buck,6.5,4.7,5.39,1
buckaroo,5.53,4.29,4.7,1
bucket,4.55,2.96,5.52,1
buckle,5.05,3.76,4.83,1
bucko,4.78,3.32,4.28,1
buckshot,4.76,5.15,5.14,1
buckwheat,5.24,2.7,6.22,1
budding,6.16,4.48,6.22,1
buddy,7.41,4.57,6.24,1
budge,4.83,3.95,4.32,1
budget,4.56,3.33,4.9,1
Budweiser,4.62,4.09,4.78,1
buff,6.21,4.59,5.39,1
buffer,5.42,4.05,5.43,1
buffet,6.05,4.95,5.88,1
buffoon,3.95,5.7,4.0,1
bug,3.45,6.06,4.08,1
bugger,3.71,3.3,4.32,1
buggy,4.65,4.04,5.33,1
bugle,5.05,4.41,5.42,1
bugler,4.0,4.15,4.24,1
build,5.9,3.365,6.25,1
builder,5.95,3.32,6.93,1
buildup,5.37,3.55,5.06,1
bulb,5.86,3.26,4.82,1
bulge,3.74,4.05,4.39,1
bulimic,2.86,4.3,4.06,1
bulk,4.89,3.43,5.05,1
bulkhead,4.67,3.65,4.88,1
bulky,4.21,3.95,5.24,1
bull,3.95,4.9,6.89,1
bulldog,4.74,3.72,4.44,1
bulldozer,4.81,4.05,5.64,1
bullet,3.45,5.89,3.93,1
bulletin,5.6,2.95,5.4,1
bulletproof,6.2,6.8,5.85,1
bullfighter,3.94,4.61,4.65,1
bullfrog,5.05,2.88,5.05,1
bullheaded,3.42,4.64,4.23,1
bullhorn,4.3,3.8,4.68,1
bullion,5.79,3.8,5.46,1
bullpen,5.15,4.52,5.62,1
bullshit,2.33,7.0,3.0,1
bully,2.67,5.86,3.18,1
bum,3.64,4.39,4.74,1
bumblebee,5.43,4.38,4.74,1
bummer,2.57,4.32,3.89,1
bump,5.05,4.75,5.33,1
bumper,4.79,3.45,5.11,1
bumpy,4.3,4.76,4.79,1
bun,5.47,3.05,5.29,1
bunch,5.83,2.81,4.56,1
bundle,5.1,3.48,5.12,1
bungalow,6.5,3.64,5.7,1
bungee,5.71,6.35,4.94,1
bunghole,3.9,4.59,5.42,1
bunion,3.48,4.11,4.19,1
bunk,5.43,3.53,5.19,1
bunker,4.7,4.23,4.95,1
bunkhouse,5.63,3.9,4.88,1
bunny,7.3,3.86,5.78,1
buoy,5.9,2.68,5.76,1
burden,3.16,4.029999999999999,3.395,1
bureau,4.7,3.74,5.19,1
bureaucracy,3.24,3.74,3.57,1
bureaucrat,3.05,3.1,4.46,1
bureaucratic,3.67,3.5,3.64,1
burger,6.95,3.65,5.59,1
burglar,2.67,5.32,3.88,1
burglary,2.26,6.33,2.85,1
burial,2.65,4.3,5.16,1
burlesque,5.68,5.3,4.74,1
burn,3.73,5.4,3.9,1
burner,3.9,4.67,4.64,1
burp,5.38,4.95,5.75,1
burr,4.33,2.96,4.84,1
burrito,6.65,4.65,5.0,1
burro,4.86,4.04,5.57,1
burrow,5.53,3.52,5.24,1
burst,5.43,5.09,4.45,1
bury,1.95,5.55,4.79,1
bus,5.12,3.83,4.88,1
busboy,4.71,3.91,4.57,1
bush,4.75,2.67,5.0,1
bushel,5.68,4.29,5.55,1
bushy,4.53,3.95,4.75,1
business,5.48,3.71,5.35,1
business man,4.44,2.9,5.45,1
businessman,5.38,3.36,5.43,1
businesswoman,6.1,4.24,5.2,1
busload,4.67,3.7,4.12,1
bust,4.77,5.8,6.53,1
buster,4.59,3.71,5.09,1
bustle,5.29,4.26,4.62,1
busy,5.41,4.52,4.44,1
busybody,3.68,4.34,5.61,1
butcher,4.4,4.15,5.18,1
butler,5.62,2.55,6.04,1
butt,5.36,5.2,5.68,1
butter,6.36,3.37,5.67,1
buttercup,6.83,3.23,6.22,1
butterfly,7.23,3.2,5.51,1
buttermilk,5.9,2.77,5.74,1
butterscotch,6.55,3.48,5.68,1
buttocks,6.85,5.35,6.29,1
button,5.48,4.1,6.53,1
buy,6.82,4.29,6.78,1
buyer,5.9,3.95,5.76,1
buzzard,4.74,5.81,4.91,1
buzzer,5.16,5.4,5.22,1
byline,4.68,3.33,5.35,1
bypass,3.95,3.41,5.59,1
bystander,4.68,3.05,4.55,1
byzantine,4.5,3.78,5.29,1
cab,4.81,4.05,6.47,1
cabana,6.2,3.95,5.32,1
cabaret,5.81,4.59,5.33,1
cabbage,4.6,2.91,5.93,1
cabbie,4.76,4.14,4.67,1
cabernet,5.94,2.75,4.8,1
cabin,5.9,3.74,6.3,1
cabinet,5.1,3.75,5.78,1
cable,5.9,3.52,5.79,1
caboodle,5.15,3.86,4.84,1
caboose,5.94,3.05,4.32,1
cache,4.95,4.14,6.06,1
cactus,5.11,4.0,5.5,1
cadaver,3.65,4.5,4.74,1
caddie,4.8,2.78,5.27,1
cadet,4.8,3.48,4.76,1
cafeteria,5.68,4.08,5.36,1
caffeine,6.74,6.23,5.68,1
cage,3.11,4.2,3.58,1
cagey,3.65,4.59,5.11,1
cahoots,4.84,4.39,4.76,1
cake,7.58,5.33,5.88,1
cakewalk,7.33,4.04,6.2,1
calamari,4.2,4.76,5.44,1
calamity,3.95,5.19,4.54,1
calcium,5.7,3.14,5.97,1
calculate,4.89,3.18,6.39,1
calculation,5.33,4.48,6.09,1
calculator,5.86,4.47,6.48,1
calculus,4.0,2.73,4.41,1
calendar,5.53,2.9,5.59,1
calf,5.44,3.7,5.16,1
caliber,4.79,4.1,5.45,1
calisthenics,5.05,3.88,5.3,1
callback,5.95,4.57,5.5,1
caller,5.52,3.41,5.44,1
calligraphy,6.8,3.29,5.52,1
callous,2.9,3.85,4.26,1
calm,6.89,1.67,7.44,1
camaraderie,5.85,4.09,6.32,1
camcorder,6.43,4.42,5.86,1
camel,5.29,3.1,5.21,1
cameo,5.86,3.42,5.65,1
camera,6.61,3.05,6.39,1
cameraman,4.86,4.31,5.62,1
camouflage,5.85,4.2,6.1,1
camp,6.545,4.82,6.105,1
campaign,4.55,3.5,5.14,1
camper,5.21,4.53,5.52,1
campfire,6.55,4.17,5.88,1
campsite,6.47,4.25,5.62,1
campus,6.44,4.17,5.21,1
can opener,5.76,3.185,5.725,1
canal,5.71,4.05,5.81,1
canary,6.37,3.5,5.41,1
cancel,3.61,4.29,5.83,1
cancellation,3.74,3.9,5.28,1
cancer,1.9,5.14,2.9,1
candid,5.58,4.0,5.42,1
candidacy,4.8,3.05,4.95,1
candidate,4.5,5.32,5.48,1
candle,6.14,3.81,6.08,1
candlelight,6.63,3.22,6.18,1
candlestick,5.95,3.55,5.38,1
candor,6.14,3.9,6.18,1
candy,7.27,5.03,6.46,1
cane,4.64,3.0,4.38,1
canine,6.22,4.76,5.24,1
canister,4.84,3.0,5.57,1
canker,2.58,4.25,4.54,1
cannabis,6.05,5.85,5.0,1
cannibal,2.9,6.1,3.2,1
cannibalism,2.32,6.05,4.09,1
cannon,4.74,5.09,4.95,1
cannonball,5.14,4.24,4.84,1
canoe,5.76,3.7,6.15,1
canon,4.9,5.86,4.8,1
canopy,6.0,3.0,5.91,1
cantaloupe,6.1,3.91,5.68,1
canteen,5.05,3.2,5.15,1
cantina,5.6,3.92,5.35,1
canvas,5.67,2.7,5.89,1
canvass,5.4,3.25,5.29,1
canyon,5.5,3.9,4.1,1
cap,5.0,3.27,5.57,1
capability,6.63,4.29,6.6,1
capable,7.05,4.0,7.07,1
capacity,5.14,3.67,6.08,1
caper,4.9,3.9,5.18,1
capital,5.29,3.14,5.85,1
capitalism,3.62,5.39,5.67,1
capitalist,5.24,3.08,5.3,1
capitalize,5.95,3.91,6.12,1
cappuccino,6.37,3.23,5.86,1
capricious,5.0,4.2,5.35,1
capsule,5.6,3.45,5.56,1
captain,5.71,3.86,5.0,1
captive,3.27,4.88,3.3,1
captivity,3.14,5.09,2.89,1
capture,5.05,5.43,3.57,1
car,6.63,4.04,6.41,1
caramel,6.68,4.29,6.05,1
caravan,5.86,3.8,5.59,1
carbon,4.5,4.05,5.05,1
carburetor,5.06,4.55,4.74,1
carcass,2.85,4.85,4.42,1
card,5.5,2.67,5.06,1
cardboard,4.71,2.25,5.26,1
cardiac,3.73,4.9,3.95,1
cardigan,5.95,3.24,5.44,1
cardinal,6.14,4.21,5.2,1
cardiologist,4.84,4.7,5.25,1
cardiology,4.76,3.32,5.44,1
care,7.64,2.67,6.56,1
career,6.11,4.24,6.17,1
carefree,7.32,4.15,6.45,1
careful,6.32,2.95,5.83,1
careless,3.53,4.27,3.62,1
carelessness,3.76,3.96,3.52,1
caress,6.82,4.6,6.38,1
caretaker,6.17,3.4,4.52,1
cargo,5.21,2.68,5.64,1
carjack,2.32,6.05,2.8,1
carnage,3.3,5.77,5.15,1
carnal,5.16,6.24,5.17,1
carnation,5.75,3.68,5.52,1
carnival,6.48,5.22,5.55,1
carnivorous,4.52,4.48,4.77,1
carousel,6.7,4.43,5.92,1
carp,4.55,4.31,5.83,1
carpal,4.19,3.79,4.42,1
carpenter,5.94,3.05,5.12,1
carpentry,4.87,4.0,6.3,1
carpet,5.95,2.77,5.1,1
carpeting,5.16,3.0,5.56,1
carpool,5.05,3.04,5.4,1
carriage,6.1,2.52,6.0,1
carrier,5.19,2.96,5.1,1
carrot,5.79,3.91,6.37,1
carry,5.67,3.47,4.94,1
carsick,2.48,4.04,3.21,1
cart,5.37,3.18,5.83,1
carte,5.47,2.95,5.78,1
cartel,3.7,3.76,3.92,1
cartilage,4.17,3.53,4.08,1
carton,5.3,3.41,5.68,1
cartoon,6.74,5.05,5.26,1
cartridge,5.05,3.06,5.54,1
carve,5.09,4.13,6.32,1
cascade,6.24,3.59,6.76,1
case,4.74,3.545,5.535,1
cash,7.51,6.59,6.16,1
cashier,5.1,3.45,5.43,1
cashmere,6.62,3.8,5.05,1
casino,4.68,6.05,4.84,1
casket,2.42,4.82,3.11,1
casserole,6.0,3.0,6.08,1
cassette,5.36,3.77,5.8,1
cast,5.26,3.55,5.05,1
castaway,4.1,3.35,4.05,1
caste,4.0,3.38,3.64,1
castle,6.42,4.72,6.35,1
castrate,2.19,5.3,3.44,1
castration,2.25,5.25,2.95,1
casual,6.05,3.0,6.35,1
casualty,3.33,6.3,4.1,1
cat,6.95,4.5,5.48,1
catalog,5.95,2.33,5.76,1
catalogue,4.85,3.73,6.11,1
catalyst,5.3,3.38,4.65,1
catamaran,5.29,4.1,5.24,1
catapult,5.25,5.52,5.29,1
catastrophe,2.7,5.64,2.5,1
catastrophic,2.05,6.25,2.28,1
catatonic,3.2,3.18,4.0,1
catch,5.64,4.0,5.47,1
catcher,5.39,3.26,4.8,1
catchphrase,4.89,4.06,5.71,1
catchy,5.22,4.0,5.6,1
category,5.05,2.67,5.48,1
cater,5.73,3.45,5.39,1
caterer,6.16,3.76,5.74,1
caterpillar,5.25,3.24,5.04,1
catfish,5.24,4.26,5.79,1
cathedral,6.0,3.45,5.04,1
catheter,2.84,3.77,2.54,1
catholic,4.95,2.83,4.17,1
cathouse,4.95,4.68,5.22,1
catnip,4.74,4.57,4.47,1
cattle,5.42,2.64,4.74,1
catwalk,5.65,4.52,5.95,1
cauldron,4.91,4.41,4.89,1
cauliflower,5.35,2.29,5.87,1
cause,5.14,3.48,5.17,1
caution,3.29,4.0,4.86,1
cautious,6.05,3.57,6.0,1
cavalier,5.48,4.0,5.52,1
cavalry,5.05,4.18,4.96,1
cave,5.075,4.265,4.885,1
caveman,5.4,4.14,5.42,1
cavern,5.38,3.63,4.41,1
caviar,5.53,3.8,5.53,1
cavity,2.6,4.77,4.96,1
cayenne,5.55,3.8,4.95,1
cease,3.95,3.64,5.17,1
cedar,6.32,3.21,5.1,1
ceiling,5.39,2.75,5.16,1
celebrate,7.84,6.73,6.12,1
celebration,7.53,5.9,7.0,1
celebrity,5.42,4.86,4.67,1
celery,5.71,2.81,6.28,1
celestial,6.76,4.68,5.18,1
celibacy,3.85,2.71,5.92,1
celibate,3.72,3.0,6.1,1
cell,4.09,4.23,4.86,1
cellar,4.7,3.14,4.75,1
cellblock,2.95,4.7,4.08,1
cellist,5.84,3.85,5.25,1
cellmate,2.2,4.0,2.41,1
cello,5.75,3.83,6.41,1
cellophane,5.05,3.64,4.81,1
cellular,5.68,3.67,5.74,1
cellulite,2.67,4.67,4.32,1
celluloid,4.3,2.71,4.44,1
cement,4.62,3.28,4.84,1
cemetery,3.49,4.1,3.82,1
censor,4.1,4.45,4.15,1
censorship,3.43,4.25,3.26,1
census,4.91,3.54,4.91,1
cent,5.37,3.76,5.3,1
centennial,5.58,2.86,6.09,1
center,5.56,2.62,5.72,1
centerfold,4.89,4.95,4.76,1
centerpiece,5.95,3.36,6.15,1
centipede,3.95,4.82,3.84,1
central,5.33,3.5,5.76,1
century,5.36,3.19,4.68,1
ceramic,5.475,3.215,5.734999999999999,1
cereal,6.45,3.05,5.77,1
cerebral,4.95,3.7,6.76,1
ceremonial,5.67,4.4,5.36,1
ceremony,6.38,3.83,5.67,1
certain,6.11,3.0,6.78,1
certainty,6.38,4.35,6.05,1
certifiable,5.16,4.68,4.71,1
certificate,6.0,3.61,5.47,1
certified,5.975,4.095000000000001,6.225,1
cervical,4.67,5.0,4.67,1
cervix,4.45,4.58,4.57,1
cesspool,2.95,4.42,3.65,1
cha cha,6.52,5.73,5.32,1
chain,4.79,4.05,4.2,1
chainsaw,4.0,5.15,5.03,1
chair,5.89,2.86,5.28,1
chairman,5.57,3.55,5.57,1
chalet,5.1,3.83,4.76,1
chalice,5.19,3.48,5.76,1
chalk,5.0,2.9,5.48,1
challenge,5.95,5.25,4.68,1
challenger,5.33,4.74,5.12,1
chamber,4.73,4.58,5.5,1
chambermaid,4.65,3.59,5.04,1
chameleon,6.3,4.19,5.04,1
champ,6.35,5.04,6.56,1
champagne,6.86,3.8,6.47,1
champion,7.33,4.74,5.88,1
championship,6.74,6.9,6.4,1
chance,6.05,4.3,5.25,1
chancellor,4.91,3.67,5.04,1
chandelier,6.47,3.88,5.29,1
change,5.09,4.05,5.81,1
changer,4.95,3.15,5.11,1
channel,5.67,2.68,5.52,1
chant,4.32,3.29,5.2,1
chaos,2.84,6.31,3.31,1
chaotic,4.55,6.14,3.95,1
chap,5.1,2.54,5.05,1
chapel,6.67,2.45,3.8,1
chaperon,5.1,3.12,5.15,1
chaplain,5.1,3.56,5.18,1
chapter,5.7,3.86,6.21,1
character,6.14,4.35,7.37,1
characteristic,5.57,4.24,5.37,1
characterize,5.5,3.24,6.32,1
charade,3.95,4.23,4.45,1
charcoal,6.2,2.86,5.0,1
chardonnay,6.1,3.58,4.89,1
charge,4.61,4.25,5.17,1
charger,5.28,3.59,5.04,1
chariot,6.11,4.11,6.59,1
charisma,6.5,5.05,6.28,1
charismatic,6.95,4.85,6.28,1
charitable,7.33,3.5,6.56,1
charity,6.85,3.22,6.08,1
charlatan,4.18,4.72,4.48,1
charm,7.34,4.51,6.43,1
charmer,6.53,4.79,5.86,1
charming,7.05,5.0,6.95,1
charred,3.86,4.68,3.9,1
chart,5.35,3.1,6.11,1
charter,5.55,3.84,5.74,1
chase,3.77,6.6,4.68,1
chaser,4.72,4.89,5.33,1
chassis,5.0,3.86,5.38,1
chaste,5.81,3.5,4.23,1
chastity,4.0,4.52,5.62,1
chat,5.75,4.27,6.22,1
chateau,6.21,3.45,6.13,1
chatter,5.9,4.44,5.95,1
chatterbox,4.6,3.94,4.76,1
chatty,4.42,4.59,5.42,1
chauffeur,5.42,4.7,5.33,1
chauvinist,2.6,4.78,4.41,1
cheap,5.24,4.47,5.89,1
cheapskate,3.76,2.8,5.32,1
cheat,3.05,4.91,4.37,1
cheater,2.95,5.95,4.09,1
check,6.55,3.38,4.67,1
checkbook,4.86,4.29,5.86,1
checker,4.963333333333334,3.4966666666666666,5.373333333333334,1
checklist,6.4,3.55,6.48,1
checkmate,5.14,4.65,5.52,1
checkout,5.6,4.14,6.0,1
checkpoint,4.44,4.67,4.3,1
checkup,4.48,4.73,5.74,1
cheek,5.9,3.47,5.38,1
cheeky,5.7,5.47,5.57,1
cheer,7.1,5.33,6.37,1
cheerful,8.0,5.76,7.32,1
cheerleader,5.79,5.5,6.0,1
cheerleading,5.7,4.95,4.59,1
cheery,7.21,5.86,6.2,1
cheese,6.81,3.8,7.11,1
cheeseburger,7.2,4.58,6.2,1
cheesecake,7.67,3.43,6.22,1
cheesy,4.9,4.09,4.86,1
cheetah,6.27,5.31,5.43,1
chef,6.15,3.05,6.67,1
chemical,4.89,3.41,3.78,1
chemist,4.95,3.95,5.4,1
chemistry,5.74,4.59,5.12,1
chemo,1.5,4.82,3.15,1
chemotherapy,2.25,5.05,2.65,1
cherish,6.75,4.14,7.32,1
cherry,7.05,4.91,5.63,1
cherub,5.29,3.22,5.62,1
chess,5.05,2.86,5.0,1
chest,5.18,4.95,6.58,1
chestnut,5.68,3.43,5.63,1
chew,5.58,3.8,6.48,1
chewy,5.37,3.82,5.53,1
chic,6.47,5.1,6.04,1
chick,5.86,4.04,5.32,1
chicken,6.17,3.2,5.22,1
chicken pox,3.19,5.19,2.86,1
chickenpox,2.76,4.8,3.11,1
chief,5.83,3.25,4.89,1
chiffon,6.0,4.68,5.14,1
child,6.78,5.21,5.575,1
childbirth,6.62,5.62,5.14,1
childhood,6.65,3.73,5.3,1
childish,4.89,5.0,4.38,1
childless,3.57,3.29,5.8,1
childlike,5.9,5.15,5.14,1
chili,4.45,4.62,6.3,1
chill,4.915,4.445,4.94,1
chilly,4.41,5.0,4.74,1
chime,6.05,4.1,6.21,1
chimney,4.89,2.45,5.19,1
chimp,6.0,3.8,4.95,1
chimpanzee,6.39,3.9,5.28,1
chin,5.07,3.84,5.48,1
chinchilla,6.15,4.43,5.56,1
chip,6.32,2.75,4.58,1
chipmunk,7.33,3.8,4.96,1
chipper,5.95,4.75,5.18,1
chiropractor,5.3,4.29,4.68,1
chirp,5.9,4.15,5.58,1
chisel,5.25,3.55,5.19,1
chiseler,4.32,3.95,5.0,1
chitchat,6.0,3.88,5.74,1
chivalry,6.7,3.95,5.81,1
chloride,4.32,4.36,5.85,1
chlorine,3.84,4.43,5.5,1
chloroform,3.0,6.15,4.19,1
chocolate,7.63,5.14,5.88,1
choice,6.36,3.52,6.56,1
choir,6.15,3.29,4.68,1
choke,2.42,5.3,3.74,1
cholera,2.68,4.0,4.35,1
cholesterol,3.76,3.05,5.95,1
choose,6.0,3.6,6.83,1
choosy,5.29,3.4,5.53,1
chop,4.6,4.43,5.76,1
chopper,4.925,4.3,5.145,1
chord,5.75,2.72,5.35,1
chore,3.9,4.8,5.08,1
choreographer,5.32,4.09,5.67,1
choreography,5.95,5.82,6.05,1
chorus,6.0,4.2,5.26,1
chow,6.16,4.17,5.89,1
chowder,6.0,3.91,6.24,1
christen,5.75,3.465,5.25,1
christmas,8.37,5.9,6.14,1
chrome,6.26,4.0,5.25,1
chromium,4.8,2.9,5.08,1
chromosome,4.95,2.88,3.59,1
chronic,3.86,4.91,4.26,1
chronicle,6.1,3.59,5.71,1
chubby,4.33,4.88,5.11,1
chuck,5.06,3.95,5.04,1
chuckle,7.1,5.3,5.71,1
chug,5.2,3.19,5.68,1
chum,5.3,4.18,6.0,1
chummy,5.95,4.21,6.23,1
chump,4.1,3.95,4.05,1
chunk,4.67,4.0,5.48,1
chunky,4.1,3.41,4.14,1
church,5.21,3.63,5.04,1
churn,4.84,4.28,4.35,1
chute,4.05,2.71,5.45,1
chutney,5.05,3.38,5.18,1
cider,5.6,3.41,5.84,1
cigar,4.4,4.27,6.16,1
cigarette,3.0,4.0,5.05,1
cilantro,5.81,2.95,5.64,1
cinch,4.47,3.3,5.0,1
cinder,4.8,3.91,5.76,1
cinema,6.86,6.05,5.94,1
cinematic,6.05,4.35,5.96,1
cinematography,5.43,4.0,6.04,1
cinnamon,6.75,3.72,5.91,1
cipher,5.71,4.55,5.53,1
circle,5.76,3.33,5.38,1
circuit,4.82,4.35,5.56,1
circuitry,4.4,3.33,5.62,1
circular,5.47,3.4,5.25,1
circulate,5.19,4.0,5.68,1
circulation,5.71,4.05,5.59,1
circulatory,5.47,4.29,5.32,1
circumcision,4.11,4.73,3.32,1
circumference,5.24,2.71,5.3,1
circumstance,5.0,3.41,5.5,1
circumstantial,4.0,4.5,5.05,1
circumvent,5.0,4.0,5.42,1
circus,5.85,5.45,4.94,1
cirque,5.32,4.6,5.39,1
cirrhosis,1.86,4.76,3.82,1
citadel,5.61,3.85,5.56,1
citation,3.7,3.8,3.86,1
cite,4.95,4.0,6.19,1
citizen,6.43,2.63,5.95,1
citizenship,7.24,5.58,5.89,1
citrus,6.36,4.16,6.46,1
city,6.12,5.08,5.04,1
citywide,5.7,4.57,5.38,1
civic,5.535,3.675,5.275,1
civil,5.8,2.95,6.04,1
civilian,5.48,3.7,5.58,1
civility,5.87,3.18,5.95,1
civilization,6.2,3.7,6.0,1
civilized,6.48,3.23,6.52,1
claim,5.15,3.9,6.06,1
clairvoyant,5.79,5.35,5.5,1
clam,4.7,3.36,5.32,1
clambake,4.6,4.17,5.4,1
clammy,3.81,2.95,3.45,1
clamp,4.6,5.05,4.58,1
clan,5.2,3.78,4.35,1
clandestine,5.67,3.95,4.33,1
clang,4.1,4.61,5.35,1
clap,6.05,5.15,6.19,1
clapper,5.16,4.45,5.26,1
clarification,6.06,3.25,5.64,1
clarify,6.0,2.85,6.04,1
clarinet,4.74,3.06,5.06,1
clarity,7.26,3.64,6.59,1
clash,3.96,5.67,4.32,1
clasp,5.19,3.52,5.47,1
class,5.73,4.43,5.24,1
classic,6.32,3.62,6.29,1
classic rock,5.79,4.78,5.75,1
classical,6.79,3.75,6.25,1
classification,4.77,3.45,5.74,1
classified,5.565,4.43,5.515,1
classmate,5.95,3.32,5.61,1
classroom,5.57,4.0,5.05,1
classy,6.63,4.14,6.21,1
clatter,4.05,5.04,4.79,1
clause,4.9,3.32,4.8,1
claustrophobia,2.9,5.33,3.71,1
claustrophobic,2.95,6.19,3.15,1
clavicle,4.42,4.0,5.25,1
claw,4.65,3.65,3.8,1
clay,5.45,3.84,5.64,1
clean,6.445,3.37,6.125,1
cleanliness,7.21,4.05,6.95,1
cleanse,6.75,4.515000000000001,6.345,1
cleanser,6.4,3.61,6.24,1
cleanup,4.86,3.04,6.6,1
clear,6.14,2.71,6.17,1
clearance,6.62,4.5,5.5,1
cleat,4.24,3.61,5.42,1
cleavage,5.53,6.29,5.71,1
cleaver,4.95,5.1,5.44,1
cleft,4.36,3.54,4.57,1
clemency,5.15,3.3,5.48,1
clench,3.68,4.11,4.53,1
clergy,4.8,2.95,5.16,1
cleric,4.65,3.18,4.43,1
clerical,4.65,3.15,4.77,1
clerk,4.76,3.85,5.24,1
clever,7.36,5.25,7.0,1
cleverness,6.95,5.55,7.1,1
click,5.7,2.81,5.52,1
clicker,5.32,3.62,5.96,1
client,5.22,2.95,4.83,1
clientele,5.1,3.74,5.89,1
cliff,4.77,5.18,4.09,1
climate,5.8,3.95,4.0,1
climax,7.53,6.83,6.21,1
climb,5.62,3.95,5.61,1
climber,6.0,4.45,5.33,1
clinch,4.85,4.0,5.09,1
cling,4.8,4.0,4.63,1
clingy,3.39,4.04,4.29,1
clinic,4.95,2.95,4.52,1
clinical,4.82,4.1,4.7,1
clink,5.0,4.68,5.1,1
clip,5.23,3.5250000000000004,5.66,1
clipboard,4.75,2.67,6.59,1
clipper,5.67,3.44,5.25,1
clique,4.06,4.42,4.6,1
clitoris,5.57,5.65,6.08,1
cloak,5.45,3.955,5.17,1
cloakroom,4.95,2.95,5.45,1
clobber,4.0,4.43,4.15,1
clock,5.65,3.35,5.24,1
clockwork,5.58,4.23,5.48,1
clod,3.58,3.5,4.57,1
clog,2.95,3.23,3.58,1
clone,4.234999999999999,4.405,4.66,1
close,5.23,3.81,5.94,1
closeness,6.85,3.9,6.48,1
closet,5.1,3.55,6.63,1
closure,5.21,3.19,5.7,1
clot,2.95,4.17,3.71,1
cloth,6.2,2.58,5.4,1
clothe,6.255,3.39,5.54,1
clothesline,5.23,4.31,5.88,1
clothing,6.37,4.44,6.72,1
cloud,6.48,2.54,4.94,1
cloudy,4.89,3.36,3.65,1
clout,5.24,4.48,4.59,1
clove,5.53,3.32,5.54,1
clover,5.37,3.06,5.41,1
clown,5.36,4.94,4.38,1
club,6.5,3.76,5.11,1
clubhouse,6.47,3.77,5.74,1
cluck,4.75,3.9,4.81,1
clue,5.38,3.52,5.39,1
clueless,3.5,3.75,3.59,1
clump,3.92,3.25,4.36,1
clumsy,4.14,4.12,4.0,1
clunk,4.4,4.1,4.88,1
cluster,5.05,4.21,4.89,1
clutch,4.8,4.04,5.19,1
clutter,3.67,3.68,3.19,1
coach,5.72,3.35,4.11,1
coachman,5.22,3.05,4.28,1
coal,4.56,2.55,4.88,1
coalition,4.9,3.9,5.6,1
coarse,4.5,3.66,5.16,1
coast,5.9,4.17,5.78,1
coastal,6.21,4.3,5.05,1
coaster,5.48,3.39,5.12,1
coastline,7.5,3.45,5.0,1
coat,5.29,3.1,6.68,1
coating,5.25,3.59,5.63,1
coax,5.26,4.48,5.05,1
cobalt,5.63,3.35,6.17,1
cobbler,6.0,2.92,4.79,1
cobra,4.42,5.71,3.74,1
cocaine,3.05,4.5,3.56,1
cock,5.05,5.74,5.5,1
cockamamie,4.14,4.04,4.56,1
cockeyed,3.95,4.45,4.38,1
cockpit,5.53,4.9,5.61,1
cockroach,2.46,5.22,3.57,1
cocksucker,2.91,6.09,4.42,1
cocktail,6.95,5.6,5.86,1
cocky,3.45,5.8,5.27,1
cocoa,7.33,5.0,6.32,1
coconut,6.55,4.67,5.76,1
cocoon,5.22,2.85,4.41,1
cod,5.225,3.7,4.995,1
code,4.67,2.76,4.83,1
codeine,4.85,4.72,3.0,1
codfish,5.16,3.05,4.95,1
coed,5.68,3.62,4.48,1
coerce,3.32,5.45,5.87,1
coercion,3.5,4.33,5.12,1
coexist,5.95,3.48,5.92,1
coffee,7.0,5.1,6.12,1
coffee table,5.86,3.72,5.29,1
coffeehouse,7.25,3.55,5.58,1
coffeepot,5.26,3.61,5.59,1
coffin,2.63,4.3,3.72,1
cog,4.55,4.0,5.16,1
cognac,4.85,4.81,5.42,1
cognitive,5.68,5.27,6.47,1
coherent,5.95,3.09,5.96,1
coil,4.94,3.72,4.82,1
coin,6.55,3.13,6.24,1
coincide,5.27,3.88,5.25,1
coincidence,5.58,3.86,4.64,1
coincidental,5.68,4.15,4.46,1
coke,6.585,4.375,5.6,1
cola,5.67,4.29,6.0,1
cold,4.32,3.55,5.17,1
coleslaw,4.9,3.45,6.38,1
colic,2.95,2.89,2.95,1
coliseum,5.56,4.06,5.94,1
collaborate,6.15,4.3,6.23,1
collaboration,5.19,4.39,6.21,1
collaborator,4.91,4.73,5.45,1
collage,5.05,3.44,4.53,1
collagen,4.26,3.8,4.8,1
collapse,3.37,6.14,3.74,1
collar,4.95,3.33,4.63,1
collarbone,5.1,2.86,5.41,1
collateral,4.11,3.9,5.55,1
colleague,5.26,3.5,5.7,1
collect,5.9,3.14,5.48,1
collection,5.9,4.44,6.9,1
collective,5.19,2.86,5.4,1
collector,5.27,4.91,5.47,1
college,6.44,4.0,5.89,1
collegiate,5.3,4.95,5.85,1
collide,3.1,4.33,3.95,1
collie,6.8,3.68,5.79,1
collision,2.95,5.9,2.57,1
cologne,6.05,3.6,5.44,1
colon,4.04,3.64,4.7,1
colonel,5.18,3.9,5.72,1
colonial,4.95,2.71,5.1,1
colonic,3.85,3.86,4.44,1
colonoscopy,2.6,4.05,3.4,1
colony,5.52,4.17,5.04,1
color,6.8100000000000005,3.955,5.655,1
colorful,7.43,3.59,5.96,1
coloring,6.29,4.41,6.77,1
colossal,4.33,4.96,5.14,1
columbine,3.7,5.14,3.85,1
column,5.0,3.11,5.24,1
columnist,5.47,3.25,5.5,1
com,5.76,4.35,6.11,1
coma,1.89,3.05,2.71,1
comatose,2.0,3.15,3.4,1
comb,5.65,2.33,6.68,1
combat,2.95,6.09,4.0,1
combative,3.65,5.6,4.59,1
combination,5.47,3.5,5.96,1
combine,4.84,3.64,5.54,1
combo,6.17,4.48,5.5,1
combustion,4.43,6.26,4.14,1
come,5.64,3.57,5.94,1
comeback,6.14,4.89,6.67,1
comedian,7.6,5.78,6.48,1
comedy,8.05,6.0,5.55,1
comet,6.9,4.8,4.64,1
comfort,7.355,2.88,7.09,1
comfortable,7.67,2.38,6.89,1
comforter,6.65,3.85,5.67,1
comfy,7.25,2.88,6.71,1
comic,7.5,4.3,5.6,1
comical,6.95,5.1,5.64,1
comics,6.95,4.41,5.3,1
comma,4.47,3.23,5.11,1
command,4.380000000000001,5.300000000000001,5.925,1
commandant,5.16,3.95,4.38,1
commandeer,4.43,4.45,5.74,1
commander,4.73,4.6,6.68,1
commandment,5.55,4.16,5.19,1
commando,5.52,5.95,4.47,1
commemorate,5.74,2.76,5.7,1
commemorative,5.84,4.3,5.39,1
commence,5.32,3.81,5.95,1
commend,7.0,3.23,6.14,1
commendable,6.76,3.75,6.68,1
commendation,6.19,4.71,4.75,1
comment,5.65,3.56,5.96,1
commentary,5.5,3.5,5.45,1
commentator,5.11,4.1,5.17,1
commerce,5.21,3.95,4.85,1
commercial,4.11,4.43,4.35,1
commie,3.86,4.76,4.22,1
commissary,5.0,3.36,5.95,1
commission,5.81,4.59,5.38,1
commissioner,4.68,3.25,5.65,1
commit,5.85,3.5,6.63,1
commitment,6.33,4.26,6.0,1
committee,5.52,3.56,5.56,1
commodity,5.86,3.75,5.38,1
commodore,4.82,3.05,5.14,1
common,5.18,2.74,5.44,1
commonplace,5.48,3.0,5.47,1
commotion,4.1,3.73,4.3,1
communal,5.47,3.0,4.89,1
commune,5.0,3.77,5.24,1
communicate,6.28,3.79,6.8,1
communication,6.73,4.16,6.43,1
communicator,5.42,3.33,5.39,1
communion,5.37,3.5,4.71,1
communism,2.94,5.1,3.12,1
communist,3.22,5.1,4.12,1
community,6.09,3.8,7.11,1
commute,4.14,3.15,4.59,1
commuter,4.63,3.6,5.68,1
comp,6.16,3.52,5.74,1
compact,4.95,3.75,5.0,1
companion,7.25,4.06,6.09,1
companionship,7.9,5.05,6.0,1
company,5.64,3.29,5.0,1
comparable,5.4,4.0,5.95,1
comparative,5.05,3.91,6.56,1
compare,5.09,3.78,6.37,1
comparison,5.11,2.92,5.64,1
compartment,5.36,3.57,4.89,1
compass,5.75,2.85,5.75,1
compassion,7.9,4.5,6.36,1
compassionate,7.95,4.73,6.86,1
compatibility,6.5,5.32,5.5,1
compatible,6.29,4.04,6.29,1
compel,5.445,4.734999999999999,5.795,1
compensate,6.36,5.47,6.2,1
compensation,6.55,4.73,6.63,1
compete,5.35,4.4,5.68,1
competence,6.15,3.72,6.5,1
competent,6.05,4.09,6.44,1
competition,5.33,5.75,5.14,1
competitive,5.45,5.7,5.5,1
competitor,4.45,6.32,5.68,1
compile,5.21,3.75,5.82,1
complacent,4.53,3.71,5.0,1
complain,3.1,5.18,5.1,1
complaint,3.21,4.29,3.75,1
complement,6.7,5.9,6.77,1
complete,6.5,2.57,7.17,1
completion,7.38,4.24,7.73,1
complex,4.21,4.6,5.25,1
complexion,5.42,4.55,5.21,1
complexity,5.37,5.13,5.84,1
compliance,5.18,2.85,3.4,1
complicate,3.3,4.95,4.52,1
complicated,3.82,5.75,5.79,1
complication,3.05,4.55,3.83,1
complicity,4.45,3.59,5.56,1
compliment,7.24,5.9,6.14,1
complimentary,6.9,5.15,5.92,1
comply,4.25,2.68,4.7,1
component,5.62,4.27,5.74,1
compose,5.64,3.85,5.8,1
composer,6.42,3.36,5.59,1
composite,4.89,3.55,5.35,1
composition,5.52,3.4,5.89,1
compost,5.47,2.71,4.52,1
compound,5.62,3.5,5.45,1
comprehend,6.57,3.94,6.73,1
comprehension,6.24,3.33,6.1,1
comprehensive,6.79,3.6,6.08,1
compress,4.85,5.0,4.88,1
compressed,4.0,3.57,4.83,1
compression,4.79,4.19,4.77,1
compressor,5.32,3.62,5.13,1
compromise,5.62,3.36,6.37,1
compulsion,3.95,4.89,3.0,1
compulsive,4.5,4.67,4.35,1
compulsory,4.16,3.72,4.06,1
compute,5.915,3.56,6.64,1
computer,6.84,4.92,6.58,1
computerized,6.37,4.25,5.84,1
comrade,7.3,4.25,5.68,1
con,3.21,4.52,3.95,1
conceal,3.95,3.74,6.05,1
concealment,4.21,4.45,5.09,1
concede,4.48,2.73,4.78,1
conceit,3.75,4.1,4.04,1
conceited,2.75,6.58,4.92,1
conceivable,5.6,4.41,6.53,1
conceive,5.63,4.95,5.92,1
concentrate,6.46,5.11,6.67,1
concentration,5.45,4.0,6.63,1
concept,4.89,2.9,5.37,1
conception,6.0,6.09,4.44,1
concern,4.83,4.325,5.08,1
concert,7.0,5.17,5.4,1
concerto,5.7,3.14,5.67,1
concession,5.32,3.71,5.8,1
conch,5.37,3.48,5.14,1
concierge,5.35,3.39,5.07,1
concise,5.47,3.3,5.47,1
conclude,4.81,2.57,5.85,1
conclusion,4.8,3.95,6.63,1
conclusive,5.32,3.92,6.79,1
concoction,5.52,4.16,5.63,1
concourse,4.9,3.71,5.2,1
concrete,4.82,3.63,5.9,1
concubine,3.53,5.33,4.91,1
concur,6.0,3.6,5.29,1
concussion,3.45,3.96,3.74,1
condemn,2.62,5.33,4.17,1
condemnation,3.15,4.1,3.18,1
condensed,4.38,4.05,5.0,1
condescending,3.8,5.27,4.38,1
condition,4.32,4.15,6.53,1
conditioner,5.84,3.0,6.38,1
conditioning,4.89,3.77,5.96,1
condo,6.47,3.8,5.75,1
condom,5.44,5.38,6.26,1
condone,5.1,3.57,5.48,1
condor,4.76,3.55,6.06,1
conducive,5.39,3.85,5.78,1
conduct,5.21,3.64,6.12,1
conductor,5.5,4.24,5.47,1
conduit,4.5,3.48,5.48,1
cone,6.1,3.36,5.72,1
confederacy,4.15,3.75,3.9,1
confederate,4.5,3.95,5.28,1
confer,5.09,2.48,4.76,1
conference,5.1,2.95,4.88,1
confess,4.85,4.67,5.53,1
confession,5.47,4.59,5.18,1
confessional,4.62,4.35,4.43,1
confetti,6.26,5.57,5.57,1
confidant,7.15,4.25,6.82,1
confide,6.21,3.43,6.42,1
confidence,6.71,4.04,6.5,1
confident,7.56,4.62,7.04,1
confidential,6.05,4.5,5.0,1
confidentiality,5.82,4.64,6.16,1
configuration,4.58,3.45,5.45,1
confine,3.0,3.96,3.83,1
confinement,4.05,4.83,2.46,1
confirm,5.76,3.38,6.56,1
confirmation,5.71,3.83,5.55,1
confiscate,3.59,5.68,4.24,1
conflict,3.275,5.16,3.985,1
conform,4.78,3.9,3.67,1
confound,4.085,4.38,4.475,1
confront,4.59,6.11,5.9,1
confrontation,2.57,5.16,4.17,1
confuse,3.536666666666666,4.44,4.156666666666666,1
confusion,3.32,4.64,3.08,1
conga,5.9,4.57,4.76,1
congenital,4.11,4.13,3.58,1
congestion,3.25,4.24,3.4,1
conglomerate,5.0,4.68,4.63,1
congrats,6.94,4.05,5.96,1
congratulate,6.33,4.77,7.0,1
congratulation,7.314999999999999,5.8,6.699999999999999,1
congregation,5.16,3.2,5.0,1
congress,3.55,3.61,3.48,1
congressional,4.29,3.82,4.05,1
congressman,3.71,4.09,3.67,1
conjecture,4.71,3.64,4.67,1
conjugal,4.84,4.72,5.47,1
conjunction,5.19,4.25,5.55,1
conjure,5.05,4.57,5.27,1
conk,4.47,4.0,5.4,1
connect,6.61,3.47,5.96,1
connection,6.0,4.45,7.21,1
connoisseur,5.85,3.68,6.53,1
conquer,4.4350000000000005,5.49,5.609999999999999,1
conqueror,5.1,5.28,5.95,1
conquest,5.9,5.67,6.09,1
conscience,5.9,3.95,5.41,1
conscientious,6.05,3.0,6.54,1
conscious,5.53,4.3,6.05,1
consciousness,6.48,3.33,7.37,1
consecrated,4.81,3.7,4.95,1
consecutive,4.75,3.11,5.29,1
consensual,6.3,5.24,6.54,1
consensus,5.74,3.0,5.38,1
consent,5.945,3.84,6.19,1
consequence,3.86,4.31,4.67,1
conservation,5.2,3.17,5.79,1
conservative,4.55,2.65,4.82,1
conservatory,5.18,3.65,5.74,1
conserve,5.9,3.75,5.86,1
consider,6.56,2.71,6.06,1
considerable,6.0,3.86,6.52,1
considerate,7.2,3.67,6.4,1
consideration,6.4,3.45,7.11,1
consignment,5.58,4.17,3.89,1
consist,5.21,3.14,5.25,1
consistency,6.1,2.73,6.19,1
consistent,6.43,3.19,6.77,1
consolation,5.47,3.35,4.71,1
console,6.485,3.335,5.825,1
consolidate,4.65,3.925,5.135,1
consort,5.1,4.24,5.59,1
conspicuous,4.05,3.87,3.94,1
conspiracy,3.42,5.74,3.64,1
conspire,3.9,4.48,4.32,1
constable,5.2,3.1,5.23,1
constant,5.9,2.81,6.36,1
constellation,6.24,4.35,5.14,1
constipation,2.45,3.83,3.27,1
constituency,4.1,2.61,5.56,1
constitute,4.57,3.18,5.5,1
constitution,5.47,3.35,5.4,1
constitutional,5.68,3.86,5.41,1
construct,5.4,4.33,5.36,1
construction,5.53,3.73,5.74,1
constructive,5.81,4.17,6.58,1
consul,4.39,3.41,6.52,1
consulate,4.53,2.5,4.68,1
consult,5.41,3.77,5.83,1
consultant,6.05,2.76,5.68,1
consultation,5.29,4.84,5.32,1
consume,5.48,4.0,6.18,1
consumer,5.95,3.82,5.21,1
consummate,6.1,3.95,5.59,1
consumption,4.65,3.76,6.0,1
contact,6.17,3.33,5.78,1
contagion,2.85,5.94,3.62,1
contagious,3.05,5.25,3.9,1
contain,5.0,3.0,5.68,1
container,5.7,3.57,6.0,1
containment,4.37,5.53,4.17,1
contaminate,3.53,5.67,4.26,1
contamination,3.11,6.71,3.78,1
contemplate,5.48,3.16,5.68,1
contemporary,5.95,3.81,5.43,1
contempt,3.22,4.61,4.45,1
contend,5.37,4.33,5.28,1
contender,5.0,3.32,5.91,1
content,6.245,3.815,5.84,1
contention,4.19,4.29,3.85,1
contentment,6.62,4.6,6.58,1
contest,5.85,3.77,4.93,1
contestant,4.5,4.5,5.74,1
context,5.0,3.18,5.6,1
continent,6.05,3.24,5.16,1
continental,5.4,3.38,5.04,1
contingency,4.67,3.22,5.22,1
contingent,4.85,3.9,5.08,1
continuance,5.26,3.57,5.13,1
continuation,5.23,3.84,6.38,1
continue,5.61,2.9,6.17,1
continuity,5.71,2.32,6.44,1
continuous,5.33,3.27,5.77,1
continuum,5.15,3.95,5.36,1
contraband,3.58,5.81,4.61,1
contraception,6.1,4.91,5.25,1
contract,5.1,3.95,6.84,1
contraction,4.33,5.9,3.95,1
contractor,4.7,4.26,5.48,1
contradict,3.58,4.25,4.83,1
contradiction,3.79,5.0,5.21,1
contradictory,3.75,4.27,5.3,1
contraption,5.11,4.32,5.67,1
contrary,4.5,3.71,5.36,1
contrast,5.3,4.23,6.3,1
contribute,6.15,3.58,6.96,1
contribution,6.58,3.18,7.0,1
contrition,4.4,3.88,4.93,1
control,3.94,5.225,5.38,1
controller,4.43,4.08,6.16,1
controversial,4.73,6.26,4.71,1
controversy,3.21,6.09,3.75,1
contusion,3.9,5.95,4.35,1
conundrum,3.95,3.27,3.96,1
convene,5.0,4.05,6.0,1
convenience,7.14,3.5,5.5,1
convenient,7.15,3.48,5.08,1
convent,5.05,3.86,4.25,1
convention,5.0,3.67,4.65,1
conventional,5.47,3.77,5.68,1
converge,4.53,4.24,5.61,1
conversation,6.72,2.65,6.28,1
conversational,6.32,3.38,5.43,1
conversationalist,5.94,3.9,5.88,1
converse,5.37,4.25,6.05,1
conversion,5.59,4.79,5.29,1
convert,5.11,3.65,5.42,1
convertible,6.79,4.72,6.21,1
convey,5.1,3.83,5.1,1
convict,2.28,4.95,4.08,1
conviction,3.89,4.67,5.62,1
convince,5.525,4.3,6.630000000000001,1
convoy,5.4,3.87,5.54,1
coo,5.9,4.17,5.07,1
cook,6.945,4.26,6.76,1
cookbook,6.45,3.45,5.95,1
cooker,5.52,3.0,5.67,1
cookie,7.32,4.7,6.1,1
cookout,7.11,4.86,6.3,1
cool,6.46,3.63,6.18,1
coolant,5.21,3.45,5.9,1
coon,4.32,3.86,4.26,1
cooperate,6.39,3.83,6.18,1
cooperation,6.62,3.32,6.83,1
cooperative,6.62,3.43,6.72,1
coordinate,5.5,4.59,6.95,1
coordination,6.11,3.45,6.52,1
coordinator,5.43,4.41,5.75,1
cop,4.5,4.9,2.83,1
copacetic,4.56,3.45,6.5,1
cope,5.1,4.1,5.95,1
copier,4.95,3.17,6.16,1
copilot,5.79,4.1,4.45,1
copper,5.6,4.14,6.19,1
copter,4.86,4.7,4.05,1
copy,5.22,3.15,4.67,1
copycat,3.33,4.62,4.67,1
copyright,4.43,2.96,5.5,1
coral,6.42,3.18,5.5,1
coral snake,4.0,6.28,4.0,1
cord,5.38,4.2,5.47,1
cordial,6.39,3.1,5.4,1
cordless,6.45,4.05,5.9,1
cordon,5.22,2.55,4.48,1
corduroy,5.79,3.45,4.82,1
core,6.19,3.24,5.89,1
cork,4.93,3.92,4.7,1
corkscrew,5.26,3.76,4.96,1
corn,5.28,3.51,5.095000000000001,1
cornball,5.55,3.17,5.1,1
cornbread,6.47,3.5,6.08,1
corner,4.83,3.38,4.88,1
cornerstone,5.9,3.33,6.32,1
cornfield,5.05,3.73,5.32,1
cornflakes,6.37,3.3,5.7,1
corny,5.0,3.0,4.94,1
coronary,2.62,4.67,4.4,1
coronation,4.6,4.5,5.13,1
coroner,3.0,3.61,3.28,1
corporal,4.63,3.5,4.9,1
corporate,4.9,4.74,5.05,1
corporation,3.82,4.73,4.47,1
corporeal,4.0,3.5,4.42,1
corps,4.24,3.52,4.69,1
corpse,2.45,4.89,3.23,1
corpsman,4.05,3.91,4.7,1
corral,4.5,3.71,5.35,1
correct,6.94,3.48,7.06,1
correction,4.05,4.37,6.05,1
correctional,4.09,4.86,5.05,1
corrective,4.95,4.05,5.16,1
correlation,5.09,3.23,5.25,1
correspond,5.425,4.0,6.355,1
correspondence,6.59,5.05,5.71,1
correspondent,5.32,3.55,5.29,1
corridor,4.76,3.53,5.35,1
corroborate,5.5,3.88,5.41,1
corrupt,3.0,5.98,3.7,1
corruption,3.0,4.86,3.63,1
corsage,6.3,3.4,5.55,1
corset,5.81,5.75,4.71,1
cortex,5.2,3.67,5.5,1
cortisone,4.42,3.39,5.06,1
cosmetic,5.09,4.87,5.74,1
cosmic,7.11,5.39,4.84,1
cosmopolitan,5.8,3.86,5.65,1
cosmos,6.5,4.27,4.14,1
cost,4.11,4.9,3.67,1
costly,3.0,4.08,4.68,1
costume,6.05,4.78,6.36,1
cot,5.37,2.95,5.07,1
cottage,6.63,2.95,6.08,1
cotton,6.05,2.48,6.24,1
couch,6.52,3.4,6.19,1
cougar,5.67,5.7,4.24,1
cough,3.57,4.5,4.25,1
council,5.0,3.86,5.21,1
councilman,4.19,3.26,5.12,1
counsel,5.48,2.86,5.19,1
counseling,5.9,3.4,4.2,1
counselor,5.71,3.45,4.91,1
count,5.89,2.3,5.17,1
countdown,5.64,6.47,4.76,1
countenance,4.77,3.35,5.83,1
counter,5.22,2.47,5.16,1
counteract,4.73,4.27,5.1,1
counterattack,4.16,5.83,5.16,1
counterfeit,3.16,4.18,3.0,1
counterpart,5.38,3.4,5.57,1
counterpoint,5.24,4.4,5.53,1
countess,5.85,3.55,6.41,1
countless,4.8,4.22,4.14,1
country,6.14,3.71,6.35,1
countryside,6.94,2.7,5.8,1
county,5.18,3.4,7.0,1
coup,4.74,4.64,5.0,1
coupe,5.05,3.74,5.32,1
couple,6.255000000000001,4.78,5.645,1
coupon,6.3,4.22,5.54,1
courage,7.67,5.0,7.27,1
courageous,8.05,5.5,7.38,1
courier,5.5,3.67,5.79,1
court,3.52,4.43,3.94,1
courteous,7.05,3.95,7.26,1
courtesy,6.79,4.3,5.96,1
courthouse,4.61,4.2,3.5,1
courtroom,2.84,4.67,3.45,1
courtship,6.0,5.38,5.37,1
courtside,6.0,4.24,6.0,1
courtyard,5.53,3.43,5.05,1
cousin,6.11,2.6,5.28,1
cove,5.67,3.17,6.06,1
coven,5.43,4.8,4.78,1
covenant,5.21,4.0,5.35,1
cover,5.59,3.76,5.78,1
coverage,5.77,3.19,5.96,1
covert,3.79,4.32,4.96,1
covet,4.48,4.04,5.0,1
coveted,5.95,4.88,4.39,1
cow,5.42,2.95,5.24,1
coward,2.42,4.09,4.09,1
cowardice,3.05,4.25,3.64,1
cowardly,2.85,5.14,3.85,1
cowboy,5.43,4.43,5.67,1
cowgirl,6.11,5.3,5.63,1
cowhand,4.65,3.33,5.44,1
coworker,5.0,3.57,4.55,1
coy,5.5,3.72,5.5,1
coyote,4.05,5.55,4.38,1
cozy,7.28,3.56,6.69,1
crab,5.81,4.13,4.52,1
crabby,3.16,6.0,5.09,1
crack,2.68,5.25,5.42,1
cracker,5.11,3.64,5.26,1
crackerjack,7.21,5.13,4.94,1
crackle,5.53,5.27,4.86,1
crackpot,3.38,5.1,4.05,1
cradle,6.1,3.67,4.86,1
craft,6.38,4.04,6.36,1
craftsman,6.71,4.11,6.23,1
craftsmanship,6.89,4.52,6.3,1
crafty,5.73,5.04,6.29,1
cram,4.68,4.19,5.18,1
cramp,2.91,4.73,4.5,1
cranberry,6.36,3.64,5.74,1
cranberry juice,6.0,4.25,5.86,1
cranial,5.37,4.62,4.83,1
cranium,5.81,3.55,5.15,1
crank,3.85,4.67,5.17,1
cranky,3.0,4.71,4.36,1
cranny,4.68,3.46,4.61,1
crap,3.44,4.62,4.11,1
crappy,2.35,5.26,3.92,1
crash,2.9,4.55,3.3,1
crass,3.73,4.73,5.11,1
crate,4.8,2.72,5.45,1
crater,5.15,4.84,4.79,1
crave,5.41,5.04,5.0,1
crawl,3.95,3.62,4.95,1
crayon,5.76,2.91,5.93,1
craze,4.415,6.35,4.64,1
craziness,3.82,6.83,4.32,1
crazy,5.14,5.9,4.19,1
creak,4.615,4.585,4.995,1
cream,6.33,4.275,5.835,1
creamer,5.47,2.81,6.09,1
creamy,6.48,3.12,6.06,1
crease,4.86,4.0,5.63,1
create,7.86,6.26,7.0,1
creation,6.85,5.35,6.38,1
creative,7.06,4.86,6.78,1
creativity,7.73,5.3,6.79,1
creator,6.45,4.89,6.12,1
creature,6.06,4.77,4.82,1
credence,5.79,4.64,5.26,1
credibility,7.0,4.05,5.92,1
credible,6.95,3.95,6.05,1
credit,5.0,4.38,5.0,1
credit card,5.55,4.52,5.15,1
creed,5.25,3.67,4.45,1
creek,6.32,2.67,5.0,1
creep,2.95,4.78,4.63,1
creeper,3.61,5.68,3.86,1
creepy,2.52,5.54,4.33,1
cremation,4.0,5.29,4.05,1
crepe,6.48,3.62,5.55,1
crescendo,5.58,4.91,5.8,1
crescent,5.9,3.32,5.81,1
crest,4.9,3.39,6.06,1
cretin,4.47,3.71,4.95,1
crevice,4.67,4.58,4.62,1
crew,5.83,3.38,5.0,1
crewman,5.14,3.2,4.91,1
crib,6.43,4.26,4.77,1
cricket,5.71,3.22,4.88,1
crime,1.95,5.68,3.31,1
criminal,2.11,4.49,4.09,1
crimp,4.95,3.41,4.37,1
crimson,5.67,4.52,5.04,1
cringe,3.24,5.85,3.57,1
cripple,2.59,4.465,2.675,1
crisis,2.05,6.29,3.77,1
crisp,5.23,3.95,6.14,1
crispy,6.18,5.0,6.08,1
critic,4.1,4.25,4.86,1
critical,3.95,4.95,4.22,1
criticism,3.84,5.95,4.17,1
criticize,2.41,5.27,4.7,1
critique,4.8,3.85,6.0,1
critter,5.4,4.05,4.43,1
croak,3.29,4.52,3.58,1
croc,4.0,5.06,4.79,1
crock,5.1,4.32,5.58,1
crocodile,3.15,6.48,3.47,1
croissant,7.0,4.5,6.04,1
crook,2.86,4.62,3.82,1
crooked,3.17,4.18,3.18,1
crop,5.88,3.19,5.09,1
croquet,5.63,3.5,5.64,1
cross,5.67,3.05,4.0,1
cross country,5.8,4.65,5.96,1
crossbow,4.91,5.38,5.96,1
crossfire,4.16,5.9,4.65,1
crossover,5.44,3.95,5.7,1
crosswalk,5.25,3.52,5.88,1
crossword,6.58,3.74,5.84,1
crotch,4.62,4.96,5.0,1
crouch,4.79,4.05,4.87,1
crow,4.32,3.55,5.4,1
crowbar,4.81,3.61,5.45,1
crowd,4.48,5.15,5.21,1
crowded,3.2,3.95,3.45,1
crown,6.0,4.52,5.62,1
crucial,5.16,4.14,4.91,1
crucifix,4.1,4.19,4.8,1
crucifixion,2.82,5.62,3.83,1
crucify,2.26,5.6,3.11,1
crud,4.05,3.89,4.1,1
crude,3.24,4.51,3.35,1
cruel,2.73,5.07,4.78,1
cruelty,2.37,5.9,2.64,1
cruise,6.47,4.32,5.68,1
cruise ship,7.05,4.42,4.65,1
cruiser,5.32,2.9,5.7,1
crumb,5.14,2.95,4.62,1
crumble,4.25,4.0,4.14,1
crummy,3.9,4.26,4.38,1
crunch,4.79,4.17,5.0,1
crunchy,5.86,4.45,5.52,1
crusade,4.24,6.2,4.71,1
crusader,5.63,5.09,4.63,1
crush,3.795,5.335,4.1,1
crusher,4.8,4.65,4.29,1
crust,5.76,3.62,5.96,1
crusty,4.29,3.17,4.75,1
crutch,3.64,3.67,4.08,1
cry,3.22,5.45,2.56,1
crybaby,2.95,5.05,3.21,1
crypt,2.67,4.13,4.0,1
cryptic,3.86,5.53,4.33,1
crystal,6.75,4.1,6.72,1
cub,6.71,3.95,4.24,1
cubby,5.0,3.71,5.65,1
cube,4.75,3.09,5.53,1
cubic,4.7,3.0,5.6,1
cubicle,3.8,3.05,3.86,1
cuckold,3.6,3.78,4.18,1
cuckoo,4.79,4.57,4.53,1
cucumber,6.47,3.17,5.86,1
cuddle,7.6,3.83,6.65,1
cue,5.84,4.35,4.62,1
cuff,4.81,3.56,4.16,1
cuisine,6.88,4.51,5.75,1
culinary,6.33,4.5,5.85,1
culmination,5.85,3.43,5.2,1
culprit,2.9,5.54,3.82,1
cult,2.77,5.48,3.61,1
cultivate,5.73,3.81,6.23,1
cultural,6.9,4.55,5.41,1
culture,6.28,4.06,5.71,1
cultured,6.15,3.33,6.4,1
cunning,5.05,4.9,6.58,1
cunt,3.7,6.1,3.24,1
cup,5.94,2.6,5.28,1
cupboard,4.81,3.52,5.65,1
cupcake,6.9,4.22,5.85,1
curator,6.42,2.73,5.11,1
curb,4.65,3.59,5.47,1
curd,5.19,4.37,4.72,1
cure,7.81,4.5,5.45,1
curfew,4.14,4.0,5.0,1
curiosity,6.37,5.9,6.21,1
curious,6.58,5.74,6.88,1
curl,5.359999999999999,3.74,5.4350000000000005,1
currency,5.9,4.05,5.3,1
current,5.53,3.25,5.9,1
curriculum,5.3,3.56,4.08,1
curry,5.4,3.17,5.5,1
curse,2.9,5.2,5.15,1
curt,4.05,3.2,4.32,1
curtain,5.4,3.125,6.04,1
curtsy,6.35,4.6,5.76,1
curve,5.81,4.52,5.14,1
curved,5.24,3.91,5.7,1
cushion,5.9,2.76,6.44,1
cushy,5.95,4.23,5.81,1
cuss,4.0,6.25,5.35,1
custard,5.45,3.5,5.96,1
custodial,5.05,3.42,4.9,1
custodian,3.79,2.67,4.45,1
custody,4.74,4.14,5.54,1
custom,5.29,4.0,5.56,1
customary,5.0,3.44,4.94,1
customer,5.86,3.4,6.16,1
customized,6.91,4.87,6.58,1
cut,3.9,5.07,4.55,1
cute,7.56,5.05,6.02,1
cutie,7.43,4.62,5.44,1
cutlass,5.0,4.55,5.26,1
cutoff,3.14,3.92,5.0,1
cutter,4.05,4.35,5.88,1
cutthroat,3.14,5.65,4.27,1
cutting board,5.35,3.83,6.25,1
cyanide,2.7,5.72,4.92,1
cyberspace,5.73,5.04,5.37,1
cycle,5.64,4.42,5.81,1
cyclone,3.47,5.09,3.18,1
cylinder,5.45,3.14,4.57,1
cynic,3.45,4.68,4.81,1
cynical,3.3,4.78,4.95,1
cynicism,3.41,5.0,4.79,1
cyst,2.5,4.28,3.17,1
cystic,3.19,3.55,4.26,1
czar,4.53,4.79,4.36,1
dab,5.0,3.11,5.62,1
dabble,5.48,3.05,5.41,1
dad,7.14,4.05,6.12,1
daddy,7.27,4.24,5.78,1
daft,4.5,2.75,4.82,1
dagger,4.38,5.79,4.83,1
daily,5.74,4.2,5.38,1
dainty,6.42,2.7,5.2,1
daiquiri,5.68,4.95,5.29,1
dairy,6.09,3.9,6.39,1
daisy,7.48,3.95,5.37,1
dam,4.58,3.67,5.26,1
damage,2.98,4.86,3.46,1
dame,6.1,4.22,5.54,1
damn,4.32,5.1,4.39,1
damnation,3.14,5.77,3.55,1
damp,4.05,2.8,3.95,1
damper,4.3,3.59,4.55,1
damsel,5.74,4.44,4.29,1
dance,7.27,5.48,6.28,1
dancer,6.64,4.52,5.78,1
dandruff,3.05,4.41,3.57,1
dandy,6.55,4.0,6.12,1
danger,2.66,5.84,3.64,1
dangerous,2.33,6.81,2.56,1
dangle,4.76,4.25,3.95,1
dank,3.95,3.0,3.77,1
dare,5.335,5.869999999999999,5.105,1
daredevil,4.89,6.33,5.28,1
daresay,5.35,3.76,4.88,1
dark,5.08,4.09,4.61,1
darken,3.91,3.815,4.84,1
darkness,4.71,4.08,4.82,1
darkroom,4.9,3.61,5.76,1
darling,7.32,3.95,5.44,1
darn,3.81,3.17,5.56,1
dart,4.76,3.87,5.61,1
dash,5.835,4.285,5.955,1
dashboard,5.25,3.15,5.32,1
database,4.75,3.33,6.12,1
date,7.18,4.33,5.11,1
daughter,6.73,5.0,5.06,1
dawdle,4.77,3.29,4.86,1
dawn,6.74,3.1,4.98,1
day,6.36,3.62,5.59,1
daybreak,7.16,3.95,5.3,1
daycare,5.35,3.39,4.92,1
daydream,7.15,3.2,6.77,1
daylight,6.95,4.05,5.88,1
daytime,7.58,4.0,5.58,1
daze,4.14,4.5,4.58,1
dazzle,6.48,5.66,6.02,1
deacon,5.09,3.87,5.11,1
deactivate,3.95,4.58,6.19,1
dead,2.02,3.91,2.66,1
deadbeat,2.81,4.32,3.89,1
deadline,3.19,5.74,4.53,1
deadly,1.9,5.04,3.73,1
deaf,3.19,4.27,2.86,1
deafening,3.71,4.56,3.63,1
deal,6.14,3.9,6.12,1
dealer,4.18,5.42,5.0,1
dealership,5.15,2.9,4.41,1
death,1.89,5.53,3.42,1
deathbed,1.79,4.05,2.96,1
deathly,1.95,6.05,2.95,1
debacle,4.2,4.78,4.06,1
debatable,5.62,5.8,4.86,1
debate,4.95,4.86,5.96,1
debauchery,4.21,5.28,3.88,1
debilitating,3.0,4.41,3.0,1
debrief,4.82,3.545,5.495,1
debris,4.2,4.23,4.68,1
debt,1.95,5.93,3.71,1
debut,5.81,3.41,5.52,1
debutante,5.0,4.23,5.81,1
decade,4.75,3.61,4.79,1
decadence,5.21,4.32,6.12,1
decadent,6.09,4.05,5.45,1
decaf,3.62,3.0,5.41,1
decathlon,4.67,4.5,5.71,1
decay,2.605,4.635,2.99,1
deceased,2.73,4.86,2.64,1
decedent,5.3,3.15,4.81,1
deceit,2.89,5.62,4.24,1
deceitful,2.6,5.18,4.11,1
deceive,2.95,5.9,4.58,1
decency,5.55,3.36,6.21,1
decent,6.27,4.15,6.74,1
deception,2.36,5.79,3.81,1
deceptive,3.73,4.95,3.86,1
decide,6.28,3.1,6.28,1
decimal,4.68,3.35,5.52,1
decimeter,4.82,2.5,4.76,1
decipher,5.09,4.39,5.68,1
decision,5.5,3.43,6.89,1
decisive,6.78,3.95,5.76,1
deck,5.68,3.25,5.38,1
declaration,5.67,4.24,5.24,1
declare,5.42,4.4,6.13,1
decline,3.19,3.6,3.71,1
deco,5.29,3.74,4.9,1
decode,5.5,4.59,6.58,1
decoder,6.21,3.43,5.57,1
decompose,2.42,4.17,3.4,1
decomposition,3.16,4.0,3.89,1
decompress,4.43,3.52,4.79,1
decompression,3.75,2.91,4.78,1
decontamination,4.33,4.96,5.0,1
decor,5.95,3.38,7.32,1
decorate,6.26,4.33,6.95,1
decoration,6.71,4.05,6.4,1
decorative,7.52,4.76,6.45,1
decorator,6.43,3.15,5.64,1
decorum,5.5,2.91,5.73,1
decoy,4.61,3.91,4.95,1
decrease,4.16,3.05,3.68,1
decree,5.33,3.9,4.53,1
decrepit,3.05,4.83,3.46,1
decryption,4.81,4.12,4.95,1
dedicate,6.48,3.35,5.73,1
dedication,7.38,4.36,7.18,1
deduce,5.29,3.04,5.67,1
deduct,4.24,4.11,4.86,1
deductible,4.71,4.29,5.0,1
deduction,5.14,3.23,5.22,1
deed,5.89,3.0,5.92,1
deejay,5.91,3.95,5.68,1
deem,4.74,3.29,5.57,1
deep,5.44,3.9,4.94,1
deer,6.89,3.95,4.89,1
defamation,2.9,5.62,2.56,1
default,4.16,4.57,4.7,1
defeat,3.165,4.4350000000000005,3.1500000000000004,1
defeatist,3.37,3.5,3.35,1
defect,2.89,4.14,3.37,1
defective,3.52,4.17,3.67,1
defector,4.35,3.75,4.52,1
defend,6.3,4.55,6.64,1
defendant,4.05,4.14,3.95,1
defender,5.05,3.76,4.9,1
defense,5.36,5.11,5.53,1
defenseless,2.68,4.9,3.95,1
defensive,4.65,4.28,4.08,1
defer,4.5,2.7,4.08,1
defiance,4.15,5.86,5.44,1
defiant,4.12,5.9,6.02,1
defibrillator,3.45,5.0,5.05,1
deficiency,2.74,4.2,4.15,1
deficient,3.63,3.56,3.88,1
deficit,2.95,4.19,4.18,1
define,5.57,3.95,5.31,1
definite,5.79,4.19,5.39,1
definition,5.63,3.14,5.68,1
definitive,5.57,3.83,5.24,1
deflect,5.1,3.68,5.37,1
deformed,2.26,4.27,3.05,1
deformity,3.18,4.71,3.82,1
defrost,4.86,3.48,5.81,1
deft,4.67,3.0,5.32,1
defuse,5.78,4.68,5.77,1
defy,4.84,5.43,5.3,1
degenerate,2.7,4.68,2.95,1
degeneration,3.48,4.18,3.67,1
degradation,2.85,4.26,3.39,1
degrade,2.62,4.95,4.4,1
degree,5.63,4.1,5.0,1
dehydration,3.38,4.68,3.32,1
delay,3.25,3.525,3.475,1
delegate,5.15,3.72,6.32,1
delegation,5.2,3.62,5.76,1
delete,4.0,3.71,5.39,1
deli,5.42,4.3,4.79,1
deliberate,4.8,3.48,6.12,1
deliberation,5.19,3.95,4.8,1
delicacy,7.0,5.0,5.52,1
delicate,6.38,3.09,5.04,1
delicatessen,6.4,4.45,6.54,1
delicious,7.38,4.92,5.8,1
delight,7.975,5.01,6.755,1
delightful,7.38,6.16,6.76,1
delinquency,2.55,5.27,4.14,1
delinquent,3.45,4.9,2.86,1
delirious,4.32,5.81,4.61,1
delirium,3.4,4.94,3.27,1
deliver,6.0,4.75,6.74,1
deliverance,5.73,3.95,6.05,1
delivery,6.0,4.04,5.37,1
delta,5.3,3.32,6.15,1
delude,3.62,3.95,4.35,1
deluge,4.1,4.7,4.11,1
delusion,3.3,4.6,3.91,1
delusional,3.29,5.8,3.81,1
deluxe,6.76,4.96,6.59,1
demand,4.1,5.85,5.14,1
demeaning,2.62,3.74,4.17,1
demeanor,5.32,2.9,5.3,1
demented,3.11,4.86,4.36,1
dementia,2.85,5.05,1.68,1
demise,3.0,4.18,3.17,1
demo,5.65,3.91,5.57,1
democracy,6.16,5.05,5.58,1
democrat,5.54,5.65,5.61,1
democratic,5.7,4.33,6.62,1
demographic,4.41,3.73,5.75,1
demolish,2.67,4.5,4.45,1
demolition,3.91,5.23,4.38,1
demon,3.0,5.34,3.4,1
demonic,3.05,6.24,3.52,1
demonstrate,5.47,4.14,6.0,1
demonstration,5.5,3.53,5.2,1
demure,4.55,3.35,5.81,1
den,5.11,2.86,5.68,1
deniability,3.89,4.5,5.71,1
denial,3.57,4.85,4.05,1
denim,6.0,3.67,5.76,1
denominator,4.61,4.09,5.25,1
denounce,4.24,4.08,4.0,1
dense,4.68,3.59,5.08,1
density,5.15,3.55,4.55,1
dent,3.52,3.46,4.95,1
dental,4.73,4.79,3.62,1
dentist,3.84,4.37,4.7,1
deny,3.81,5.63,4.29,1
deodorant,6.09,3.73,6.33,1
depart,4.05,3.9,4.36,1
department,5.33,2.5,4.83,1
departmental,4.67,4.12,4.71,1
departure,4.05,3.65,5.09,1
depend,5.0,4.45,6.21,1
dependable,7.24,3.5,6.3,1
dependence,3.6,3.55,4.0,1
dependency,3.71,4.26,3.71,1
dependent,4.5,3.73,4.37,1
depict,4.74,3.88,5.71,1
deplorable,3.9,4.73,4.0,1
deploy,4.25,4.96,4.9,1
deployment,3.32,5.95,3.71,1
deport,3.14,3.84,3.73,1
deportation,3.57,4.42,4.04,1
depose,4.2,4.3,5.0,1
deposit,6.25,4.5,6.37,1
deposition,3.53,4.18,4.12,1
depository,4.76,4.05,5.58,1
depot,5.18,3.19,5.45,1
depravity,3.05,4.36,3.89,1
depress,2.475,3.0700000000000003,3.62,1
depressed,2.27,4.25,3.91,1
depression,2.44,5.2,3.33,1
depressive,2.64,3.48,3.64,1
deprivation,2.58,4.57,3.38,1
deprive,3.37,3.72,4.24,1
depth,5.8,4.35,5.24,1
deputy,5.3,4.05,5.52,1
derail,3.86,4.85,4.22,1
derelict,3.78,4.4,4.22,1
derivative,4.7,3.72,4.59,1
derive,4.72,2.9,5.95,1
dermatologist,6.0,3.61,4.53,1
derogatory,2.7,3.95,3.68,1
descend,4.67,3.17,5.4,1
descendant,5.26,4.24,5.48,1
descent,5.3,3.9,4.32,1
describe,5.9,2.95,5.55,1
description,5.24,3.64,5.54,1
descriptive,5.74,3.45,6.48,1
desecrate,3.05,4.12,4.1,1
desecration,2.94,5.1,3.84,1
desert,5.36,3.5,5.58,1
deserter,3.27,4.97,4.31,1
desertion,4.0,3.67,4.05,1
deserve,6.734999999999999,4.425,6.745,1
design,6.8,3.95,5.8,1
designate,5.359999999999999,4.225,5.375,1
designer,5.57,5.0,5.44,1
desirable,6.95,6.25,6.15,1
desire,7.05,6.2,6.07,1
desist,4.27,3.84,4.43,1
desk,5.56,2.45,5.72,1
desolate,2.95,3.22,2.94,1
desolation,2.91,4.04,4.25,1
despair,3.305,4.775,3.845,1
desperado,4.4,3.41,4.14,1
desperate,3.19,5.0,3.21,1
desperation,2.55,6.3,4.0,1
despicable,2.76,4.86,3.24,1
despise,3.08,4.77,4.38,1
despondent,3.81,4.64,3.46,1
dessert,7.2,5.5,5.73,1
destination,6.4,4.57,6.52,1
destiny,6.73,4.76,5.45,1
destitute,2.11,4.2,4.3,1
destroy,2.67,5.16,4.3,1
destroyer,2.16,6.09,3.67,1
destruct,3.5,6.09,4.42,1
destruction,2.53,5.62,3.78,1
destructive,3.11,6.38,4.85,1
detach,4.5,3.19,5.5,1
detached,3.65,3.6,4.95,1
detachment,4.3,3.32,5.93,1
detail,5.67,3.81,7.14,1
detailed,6.1,4.35,5.47,1
detain,3.0,4.25,4.86,1
detect,5.09,4.57,6.32,1
detection,4.63,3.95,5.11,1
detective,5.06,4.55,4.39,1
detector,4.42,4.52,5.59,1
detention,3.28,4.57,4.2,1
deter,4.05,3.86,5.13,1
detergent,5.42,3.25,5.6,1
deteriorate,3.135,5.19,4.015,1
deterioration,2.89,5.0,2.73,1
determination,7.58,5.52,7.06,1
determine,6.0,4.68,7.09,1
deterrent,4.58,4.23,4.89,1
detest,3.05,5.09,4.65,1
detonate,3.26,6.1,3.33,1
detonation,3.4,4.83,5.0,1
detonator,4.3,5.39,5.29,1
detour,3.86,4.58,4.05,1
detriment,3.67,4.4,4.47,1
deuce,4.53,3.5,4.96,1
deutschmark,4.42,3.23,4.25,1
devastating,2.09,5.5,3.96,1
devastation,2.91,5.48,3.09,1
develop,6.05,4.5,6.71,1
developer,5.89,3.75,5.29,1
development,5.25,4.23,6.68,1
deviant,3.35,5.62,4.38,1
deviate,5.1,4.27,5.19,1
deviation,4.9,4.7,4.94,1
device,5.79,3.42,5.95,1
devil,3.24,4.82,4.045,1
devilish,4.22,6.38,5.43,1
devious,3.57,3.83,5.16,1
devise,4.45,4.48,5.15,1
devoid,3.61,3.22,3.82,1
devote,6.345000000000001,4.135,6.63,1
devotion,6.0,4.73,6.3,1
devour,5.21,6.06,4.95,1
devout,4.48,4.13,5.89,1
dew,4.79,3.04,5.67,1
dexterity,6.35,3.26,6.08,1
diabetes,2.74,4.04,3.11,1
diabetic,3.0,3.86,2.73,1
diabolical,3.23,5.32,3.3,1
diagnose,5.0,3.72,4.71,1
diagnosis,4.62,4.0,3.55,1
diagnostic,4.81,4.57,4.33,1
diagonal,5.17,3.29,5.13,1
diagram,5.47,3.71,6.13,1
dial,4.63,3.76,6.89,1
dialect,6.0,4.26,5.35,1
dialogue,6.25,2.86,5.0,1
dialysis,3.24,4.91,3.23,1
diameter,4.76,4.04,5.28,1
diamond,6.88,5.82,5.64,1
diaper,3.71,3.41,4.14,1
diaphragm,4.67,3.96,5.24,1
diarrhea,2.1,6.85,2.58,1
diary,6.0,3.73,6.86,1
dib,5.0,3.05,6.0,1
dibs,5.21,4.62,5.35,1
dice,5.8,4.64,4.56,1
dicey,4.24,4.7,4.29,1
dick,3.06,5.6,3.44,1
dickhead,2.6,5.26,3.5,1
dictate,4.4,3.24,4.96,1
dictation,4.26,2.94,4.47,1
dictator,2.77,5.5,4.19,1
dictatorship,2.62,6.38,2.76,1
diction,4.85,3.73,6.05,1
dictionary,6.05,2.91,5.88,1
diddle,4.75,3.15,4.95,1
die,1.67,6.9,3.28,1
diesel,4.32,3.78,5.29,1
diet,4.42,3.83,5.29,1
differ,5.1,3.26,5.47,1
difference,4.89,3.15,5.44,1
different,5.91,3.95,6.47,1
differential,4.0,3.62,5.05,1
difficult,3.78,4.45,3.78,1
difficulty,2.57,4.21,4.64,1
diffuse,5.04,3.86,4.75,1
dig,5.28,3.67,4.67,1
digest,4.74,2.9,4.92,1
digestion,4.5,3.86,5.21,1
digestive,5.0,4.0,4.71,1
digit,4.84,3.05,4.35,1
digital,6.0,4.36,5.82,1
dignified,6.55,3.48,6.25,1
dignify,5.68,4.24,5.78,1
dignity,7.2,3.71,6.85,1
dike,4.22,4.85,4.92,1
dilation,5.16,4.14,4.19,1
dildo,4.57,5.09,5.48,1
dilemma,4.24,5.19,2.96,1
diligence,5.68,4.63,6.85,1
diligent,6.14,4.33,7.05,1
dill,5.85,3.25,5.76,1
dim,3.37,3.55,4.83,1
dime,5.58,3.52,5.32,1
dimension,5.24,3.73,5.0,1
dimensional,6.16,3.41,4.79,1
diminish,4.05,3.87,5.05,1
diminutive,4.42,3.5,4.62,1
dimwit,3.48,3.5,3.95,1
dine,6.6,4.0,6.05,1
diner,6.75,4.04,6.43,1
dinghy,4.82,4.17,4.67,1
dingo,5.65,4.25,4.8,1
dingy,3.45,4.57,4.89,1
dining,6.77,4.7,6.63,1
dinky,4.1,3.67,4.19,1
dinner,6.4,3.85,6.05,1
dinnertime,6.58,5.2,6.0,1
dinosaur,6.11,5.33,4.41,1
diocese,5.05,4.0,4.54,1
dioxide,4.58,3.95,4.71,1
dip,5.42,3.35,5.2,1
diploma,6.32,5.25,6.82,1
diplomacy,5.53,5.22,5.42,1
diplomat,4.65,3.65,5.67,1
diplomatic,5.9,4.45,5.62,1
dipper,5.39,3.36,5.7,1
dippy,4.26,4.32,5.26,1
dipstick,4.09,3.52,3.8,1
dire,3.0,5.0,4.17,1
direct,5.75,4.29,6.38,1
direction,5.45,3.33,6.18,1
directive,5.7,4.3,5.96,1
director,4.95,3.75,6.89,1
directory,5.21,3.33,6.13,1
dirt,4.5,3.44,4.7,1
dirty,3.17,5.05,5.05,1
disability,2.95,3.9,4.7,1
disable,3.58,3.6,4.04,1
disabled,2.7,3.71,4.52,1
disadvantage,2.68,3.9,3.62,1
disagree,2.84,4.9,5.45,1
disagreeable,3.29,4.26,4.48,1
disagreement,2.86,3.91,5.11,1
disappear,4.1,4.35,5.42,1
disappearance,3.75,4.95,3.91,1
disappoint,3.015,4.19,4.075,1
disappointing,2.79,4.1,4.26,1
disappointment,2.79,4.9,4.08,1
disapproval,3.4,4.23,5.26,1
disapprove,3.55,3.81,5.21,1
disarm,4.38,3.7,5.94,1
disaster,1.71,6.35,2.97,1
disastrous,2.21,4.23,3.89,1
disband,4.0,3.38,5.36,1
disbelief,4.21,5.58,5.22,1
disc,5.6,3.56,5.58,1
discard,4.0,3.71,5.95,1
discerning,4.95,4.26,4.94,1
discharge,3.4,4.94,4.0,1
disciple,4.67,3.52,4.32,1
disciplinary,3.6,4.56,4.58,1
discipline,6.025,5.1,5.84,1
disclose,4.0,4.45,5.89,1
disclosure,4.71,3.15,4.27,1
disco,5.76,5.25,5.24,1
discoloration,3.82,4.05,4.77,1
discomfort,2.84,4.43,3.55,1
disconcerting,3.58,4.36,4.84,1
disconnect,3.81,3.12,4.6,1
discontent,2.75,4.67,3.68,1
discontinue,3.94,3.89,4.41,1
discord,3.58,5.43,4.12,1
discount,5.78,4.62,5.86,1
discourage,3.0400000000000005,3.76,3.81,1
discourse,3.18,4.27,5.2,1
discover,7.18,5.7,6.79,1
discovery,6.81,6.04,6.25,1
discredit,3.14,4.05,4.29,1
discreet,5.05,3.4,6.45,1
discrepancy,3.43,3.75,3.73,1
discretion,5.4,3.57,5.88,1
discretionary,5.53,3.0,5.11,1
discriminate,2.755,4.415,4.5,1
discrimination,2.45,5.62,4.57,1
discuss,5.89,2.76,6.44,1
discussion,6.18,5.0,5.95,1
disdain,3.71,3.21,4.21,1
disdainful,3.13,4.7,4.48,1
disease,1.68,5.5,2.8,1
diseased,2.24,5.48,3.08,1
disembodied,3.73,5.5,4.17,1
disengage,4.05,3.95,5.4,1
disgrace,2.45,4.28,3.32,1
disgraceful,2.35,4.08,2.79,1
disgruntled,3.11,3.55,3.64,1
disguise,4.81,4.36,4.76,1
disgust,2.7566666666666664,5.346666666666667,4.623333333333334,1
dish,5.7,3.57,5.5,1
dishonest,3.0,4.95,5.0,1
dishonesty,2.05,5.39,4.32,1
dishonor,2.37,4.82,3.79,1
dishonorable,2.33,5.76,3.71,1
dishwasher,5.32,3.05,5.21,1
disinfect,5.11,4.0,5.64,1
disinfectant,5.1,2.96,5.8,1
disintegrate,4.32,5.43,4.52,1
disk,5.24,2.95,5.22,1
dislike,3.25,4.27,5.81,1
disloyal,2.27,5.14,3.28,1
disloyalty,2.57,5.77,3.71,1
dismal,2.6,3.29,4.96,1
dismantle,4.74,4.05,4.5,1
dismay,3.1,2.85,3.95,1
dismiss,4.58,3.7,5.08,1
dismissal,4.05,4.48,4.79,1
dismissive,3.4,2.67,4.46,1
dismount,5.05,3.59,6.11,1
disobedience,3.32,4.5,4.41,1
disobey,3.19,5.35,4.33,1
disorder,3.76,4.9,4.19,1
disorderly,2.95,4.85,4.05,1
disorientation,3.57,5.1,3.14,1
disoriented,3.26,4.81,4.0,1
disown,2.29,4.54,3.64,1
disparage,3.0,3.96,3.52,1
dispatch,4.9,3.55,5.32,1
dispatcher,4.59,3.86,4.95,1
dispensary,5.05,4.14,5.08,1
dispense,5.24,2.95,5.45,1
dispenser,5.26,4.18,5.48,1
dispersal,4.91,4.43,5.16,1
disperse,4.19,3.67,5.12,1
displace,2.89,3.8,4.65,1
displacement,3.68,3.86,4.85,1
display,6.19,3.81,6.48,1
displease,3.02,4.965,4.725,1
displeasure,2.52,4.81,4.08,1
disposable,4.0,2.9,3.5,1
disposal,4.0,4.42,4.1,1
dispose,4.0,5.53,4.92,1
disposition,4.81,4.16,5.61,1
disprove,3.9,4.3,4.1,1
dispute,2.52,4.55,4.14,1
disqualify,2.47,4.7,3.45,1
disregard,4.52,3.5,4.88,1
disrespect,2.81,5.35,3.95,1
disrespectful,2.71,4.65,3.7,1
disrupt,3.48,4.87,4.62,1
disruption,3.32,5.48,3.9,1
disruptive,3.2,6.1,4.92,1
dissatisfied,3.25,4.82,4.74,1
dissect,3.95,5.43,5.16,1
dissection,3.11,4.32,4.91,1
dissent,4.8,4.0,3.84,1
dissertation,4.3,3.71,5.56,1
dissociative,3.58,4.61,4.07,1
dissolve,5.43,3.36,4.67,1
dissuade,4.11,3.35,4.96,1
distance,3.89,3.81,4.25,1
distant,4.74,2.95,3.56,1
distasteful,3.17,5.05,3.92,1
distilled,5.16,3.11,4.68,1
distinct,5.55,3.67,5.8,1
distinction,5.05,3.6,6.0,1
distinctive,6.32,3.78,6.18,1
distinguish,5.75,4.656666666666667,5.763333333333333,1
distort,3.635,4.455,4.395,1
distortion,3.5,4.43,3.86,1
distract,3.68,3.55,4.35,1
distraction,4.05,3.94,4.0,1
distraught,2.81,5.64,3.55,1
distress,3.415,4.76,4.2,1
distressed,3.38,6.28,4.16,1
distribute,5.05,3.72,4.82,1
distribution,5.5,3.45,5.21,1
distributor,4.62,3.2,5.74,1
district,4.9,3.0,4.62,1
distrust,2.95,4.05,3.32,1
disturb,3.0650000000000004,5.315,4.345000000000001,1
disturbance,2.68,5.19,3.3,1
ditch,3.2,3.81,5.42,1
ditto,5.5,3.9,6.0,1
ditty,5.38,3.68,5.05,1
diva,3.68,4.55,5.71,1
dive,5.81,3.79,5.75,1
diver,5.66,5.42,5.9,1
diverse,6.0,3.64,6.17,1
diversion,5.22,4.48,5.65,1
diversionary,4.42,3.52,4.85,1
diversity,6.14,3.21,4.71,1
divert,4.42,4.1,5.47,1
divide,4.78,4.62,4.91,1
divine,7.15,3.05,5.96,1
division,4.42,3.57,5.48,1
divorce,2.49,5.39,4.02,1
divorcee,3.29,3.8,4.16,1
divulge,4.79,5.43,5.04,1
divvy,4.81,3.27,5.77,1
dizziness,3.36,4.95,4.25,1
dizzy,3.14,4.67,3.55,1
doable,5.52,4.24,6.65,1
doc,4.67,3.14,4.28,1
docile,5.75,2.47,5.46,1
dock,5.05,3.44,5.88,1
docket,4.53,3.3,4.87,1
docking,5.2,3.74,5.71,1
doctor,5.93,4.05,4.69,1
doctorate,5.95,3.91,6.52,1
doctrine,4.89,3.0,5.35,1
document,5.385,3.315,5.87,1
documentary,5.91,3.76,5.41,1
documentation,4.84,3.38,6.12,1
dodger,4.7,3.95,6.16,1
dodgy,4.79,4.55,4.62,1
dodo,3.91,4.0,4.95,1
doer,5.63,4.38,6.96,1
dog,7.0,5.43,5.73,1
dogface,3.95,4.14,4.9,1
doggy,7.0,4.79,5.48,1
doghouse,5.1,2.68,4.72,1
dojo,6.0,4.15,5.38,1
dole,4.95,4.4,4.82,1
doll,5.88,3.51,5.66,1
dollar,7.39,5.57,5.07,1
dollhouse,5.6,3.55,6.0,1
dolphin,6.67,3.0,5.67,1
domain,5.05,3.36,6.92,1
dome,5.95,4.42,5.54,1
domestic,5.05,2.8,6.12,1
domesticated,5.82,3.67,5.59,1
dominance,5.19,5.5,4.59,1
dominant,5.15,5.36,6.78,1
dominate,4.4,6.4,5.54,1
domination,3.57,5.0,5.35,1
dominatrix,4.32,5.65,3.96,1
dominion,4.62,4.67,4.96,1
domino,5.0,3.46,4.75,1
donate,6.7,3.25,6.71,1
donation,7.0,4.0,6.73,1
donkey,6.29,2.9,5.12,1
donor,6.57,3.76,6.79,1
doodle,6.39,4.09,6.91,1
doom,3.0,6.17,2.42,1
doomsday,2.8,6.22,3.0,1
door,5.43,3.19,6.1,1
doorbell,5.33,4.17,5.12,1
doorknob,4.86,2.64,5.58,1
doorman,5.45,3.35,5.67,1
doormat,3.68,3.2,4.73,1
doornail,4.68,3.32,5.0,1
doorstep,5.14,3.26,5.1,1
doorway,5.68,3.65,5.58,1
dopamine,4.64,4.58,4.38,1
dope,4.14,4.24,4.95,1
dopey,3.86,2.91,4.2,1
dork,4.35,2.88,5.8,1
dorky,5.12,4.5,5.0,1
dorm,5.16,4.29,5.13,1
dormant,4.85,3.0,5.11,1
dormitory,5.06,4.5,4.87,1
dorsal,5.05,3.7,5.04,1
dosage,4.57,4.0,5.79,1
dose,4.91,2.95,5.0,1
dossier,4.84,3.72,5.38,1
dot,4.84,3.09,5.17,1
dotted,4.86,3.33,5.4,1
dotty,5.16,3.55,4.8,1
double,5.78,3.38,5.11,1
doubt,3.28,4.33,3.06,1
doubtful,3.86,4.55,4.23,1
douche,2.9,4.13,3.81,1
dough,6.0,4.1,5.96,1
doughboy,4.84,4.0,5.05,1
doughnut,7.5,4.5,5.87,1
douse,3.92,3.92,5.21,1
dove,6.9,3.27,6.14,1
downer,3.47,3.13,4.05,1
downfall,3.2,4.5,3.64,1
downfield,4.84,2.5,4.57,1
download,6.0,3.6,6.26,1
downriver,5.61,3.55,3.8,1
downside,3.55,4.63,4.29,1
downtime,5.8,3.06,6.14,1
downward,4.0,4.05,3.96,1
downy,5.77,3.11,5.52,1
dowry,4.7,3.11,5.17,1
doze,5.95,3.37,5.65,1
dozen,5.78,2.95,5.56,1
Dr. Pepper,6.9,4.48,5.95,1
drab,2.76,2.35,4.77,1
draft,5.3,4.1,5.28,1
drafty,4.3,3.73,4.89,1
drag,3.68,4.81,5.52,1
dragon,6.68,5.45,5.17,1
dragonfly,6.45,3.86,5.41,1
drain,3.8,2.94,5.17,1
drainage,3.89,3.52,4.65,1
drainpipe,4.52,2.91,4.72,1
drake,5.05,4.32,5.21,1
drama,4.37,5.14,4.14,1
dramatic,5.17,6.59,4.77,1
drape,4.95,3.29,5.38,1
drastic,4.63,5.2,4.92,1
drat,4.25,3.4,4.48,1
draught,3.9,3.32,4.36,1
draw,6.18,3.6,6.37,1
drawback,4.38,3.08,4.35,1
drawbridge,5.45,3.3,4.95,1
drawer,4.67,3.0,5.71,1
dread,2.555,4.8,3.56,1
dreadful,2.6,4.5,3.38,1
dream,7.43,4.37,5.4,1
dreamboat,7.47,4.27,5.91,1
dreamer,7.45,4.4,6.53,1
dreamland,7.0,3.95,5.31,1
dreamy,7.52,4.9,6.28,1
dreary,3.55,3.54,4.28,1
dredge,3.32,3.36,4.18,1
dress,6.42,4.73,6.64,1
dresser,5.28,2.58,4.96,1
dressmaker,6.85,3.05,5.52,1
dressy,5.82,4.15,7.55,1
dribble,4.68,3.75,4.67,1
drift,5.09,3.32,4.57,1
drifter,4.95,4.32,5.48,1
driftwood,5.53,3.1,4.96,1
drill,4.73,5.11,5.48,1
drink,6.67,5.19,5.87,1
drinker,3.72,5.32,3.96,1
drip,5.52,3.7,4.11,1
drive,6.5,4.19,5.67,1
drivel,4.29,4.65,4.4,1
driver,6.39,3.15,5.56,1
driveway,4.57,3.38,6.24,1
drizzle,5.18,4.23,4.68,1
droll,5.09,3.41,5.25,1
drone,3.5,4.3,4.89,1
drool,3.28,2.7,4.35,1
droopy,4.0,3.18,4.42,1
drop,4.23,4.67,4.82,1
dropout,3.33,4.7,3.95,1
dropper,5.05,3.45,4.46,1
drought,2.79,3.55,2.95,1
drown,2.33,5.35,2.65,1
drowsy,4.25,2.83,3.47,1
drug,3.985,5.130000000000001,3.995,1
drug dealing,2.81,4.7,3.71,1
druggist,3.89,4.0,3.88,1
drugstore,4.74,4.05,5.07,1
drum,6.05,4.67,5.65,1
drummer,6.53,4.5,5.92,1
drunk,4.06,5.05,2.94,1
drunk driving,1.58,5.73,3.36,1
drunkard,3.28,4.45,3.21,1
drunken,3.0,4.36,4.05,1
drunkenness,3.42,6.05,3.97,1
dry,4.86,3.8,6.21,1
dryer,5.21,2.43,4.57,1
dual,5.14,4.39,5.21,1
dub,5.35,4.58,5.36,1
dubious,3.47,4.33,5.17,1
duchess,6.15,3.92,4.45,1
duck,6.11,4.0,5.3,1
duckling,7.18,3.92,5.83,1
ducky,6.6,3.81,5.6,1
duct,4.24,2.8,4.63,1
dud,3.74,3.33,4.24,1
dude,5.91,3.81,5.59,1
duel,5.05,5.55,4.82,1
duet,6.11,3.79,5.71,1
duffel,4.9,3.5,5.83,1
dugout,4.55,4.08,4.95,1
duh,4.5,3.9,4.85,1
duke,4.8,4.21,5.41,1
dull,3.4,1.67,4.71,1
dullard,4.68,3.58,4.65,1
dumb,2.44,5.3,4.39,1
dumbbell,4.71,3.54,4.95,1
dummy,3.66,3.79,3.71,1
dump,3.73,3.67,4.5,1
dumpling,6.48,2.5,5.04,1
dumpster,3.48,4.0,4.44,1
dunce,3.24,4.95,4.72,1
dune,5.35,2.76,5.15,1
dung,3.86,3.45,4.65,1
dungeon,3.52,5.13,3.68,1
dunk,4.67,3.6,5.18,1
duo,6.45,3.75,5.75,1
dupe,4.0,3.73,3.86,1
duplex,5.67,3.09,4.8,1
duplicate,4.7,4.5,5.5,1
duration,5.43,3.3,4.81,1
duress,2.82,4.45,3.17,1
dusk,5.63,3.52,5.27,1
dusky,4.95,4.55,4.58,1
dust,3.72,3.45,4.56,1
duster,5.26,2.85,5.75,1
dustpan,4.67,2.86,5.36,1
dusty,3.95,4.1,4.7,1
duty,5.33,3.71,4.0,1
dwarf,4.71,3.43,3.84,1
dweeb,4.17,3.86,4.68,1
dwell,4.98,3.355,5.5600000000000005,1
dye,5.25,3.3,4.77,1
dyke,3.8,3.67,3.67,1
dynamic,6.1,5.43,5.52,1
dynamite,4.79,6.4,4.65,1
dynamo,6.21,5.18,5.82,1
dynasty,5.16,4.45,5.45,1
dysentery,3.0,3.75,3.05,1
dysfunction,3.18,4.9,3.16,1
dysfunctional,3.09,4.63,2.95,1
eager,6.37,5.78,6.46,1
eagle,6.47,4.57,5.09,1
ear,5.86,3.5,6.74,1
earful,4.27,4.19,4.73,1
earl,5.15,3.64,5.76,1
earn,7.0,4.35,6.75,1
earnest,5.9,3.81,6.67,1
earnings,6.37,4.84,6.85,1
earpiece,5.04,3.86,5.95,1
earring,5.885,3.905,5.71,1
earth,6.83,5.04,5.69,1
earthling,5.53,3.09,4.61,1
earthly,5.63,3.55,5.83,1
earthquake,3.05,6.76,2.14,1
earthy,6.5,3.29,6.56,1
ease,6.15,2.45,6.42,1
east,6.33,2.5,5.17,1
eastbound,5.65,2.2,5.68,1
eastern,5.37,3.48,4.48,1
easy,7.47,3.82,6.79,1
easygoing,7.03,3.2,6.76,1
eat,7.1,4.38,7.26,1
eater,4.95,4.23,5.87,1
eavesdrop,4.05,4.33,5.2,1
ebony,6.14,4.32,4.71,1
eccentric,5.37,5.19,6.1,1
echelon,5.55,3.17,4.43,1
echinacea,4.8,3.73,5.42,1
echo,5.2,3.61,4.59,1
eclectic,5.9,4.5,5.75,1
eclipse,6.76,5.12,5.79,1
ecological,5.62,3.81,5.08,1
economic,5.15,3.66,4.13,1
economy,3.64,5.32,4.16,1
ecosystem,6.5,3.71,4.41,1
ecstasy,7.19,6.11,5.52,1
ecstatic,6.45,6.95,5.63,1
edema,3.86,3.27,4.42,1
edge,4.43,4.65,4.31,1
edgy,4.81,4.39,4.56,1
edible,6.68,5.15,6.45,1
edifice,5.0,3.95,5.33,1
edit,5.2,4.84,6.605,1
edition,5.3,3.79,4.81,1
editor,5.43,4.09,5.9,1
editorial,5.18,2.9,5.77,1
educate,7.48,4.36,6.79,1
education,6.58,4.64,6.82,1
educational,6.6,4.52,5.68,1
educator,6.58,3.5,6.11,1
eel,4.14,4.79,4.86,1
eerie,3.4,5.57,3.91,1
effect,5.5,4.08,5.88,1
effective,6.95,3.95,7.2,1
effectiveness,6.9,4.95,6.19,1
efficiency,6.74,3.74,6.79,1
efficient,6.95,3.86,6.67,1
effort,6.47,4.12,6.64,1
effortless,7.1,3.43,7.0,1
egg,5.95,3.28,5.74,1
egghead,4.47,3.59,4.57,1
eggnog,6.0,4.27,5.26,1
eggplant,5.55,3.14,5.77,1
eggshell,5.2,3.17,4.33,1
ego,4.38,4.17,6.05,1
egomaniac,3.68,5.53,5.19,1
egotistical,3.08,5.14,5.23,1
eighteen,5.72,3.83,5.71,1
eighty,5.43,3.41,4.41,1
ejaculate,6.0,6.15,5.83,1
ejaculation,5.42,6.18,5.04,1
eject,3.95,4.42,5.18,1
ejection,3.5,4.29,3.62,1
El Nino,4.29,4.09,3.52,1
elaborate,6.38,4.23,6.05,1
elastic,5.71,4.35,5.05,1
elated,6.56,5.14,6.86,1
elbow,5.38,3.2,6.02,1
elder,6.11,2.5,4.14,1
elderly,4.63,2.73,4.91,1
elect,5.52,4.0,5.43,1
election,4.5,4.23,5.0,1
elective,5.38,3.54,6.35,1
electoral,4.21,3.86,4.96,1
electric,6.1,4.05,5.48,1
electric slide,6.05,4.73,5.67,1
electrical,5.57,6.0,4.97,1
electrician,5.21,3.19,5.73,1
electricity,6.15,4.3,4.68,1
electrocute,3.27,6.0,4.42,1
electrocution,2.45,5.76,2.5,1
electromagnetic,5.1,5.22,4.86,1
electron,5.33,3.82,4.57,1
electronic,6.51,4.12,5.6850000000000005,1
elegance,6.91,4.24,6.26,1
elegant,7.0,4.43,5.95,1
element,5.58,3.9,5.0,1
elemental,5.19,4.35,4.77,1
elementary,6.11,3.5,4.91,1
elephant,6.17,4.23,4.23,1
elevate,6.42,4.65,5.67,1
elevation,5.67,3.57,6.06,1
elevator,5.95,3.65,4.92,1
elf,6.1,4.3,5.43,1
elicit,4.14,5.27,4.4,1
eligible,6.45,4.81,6.0,1
eliminate,3.89,3.64,5.48,1
elimination,3.86,3.35,4.33,1
elite,5.71,5.9,5.34,1
elitist,4.5,4.57,5.74,1
elixir,5.68,3.95,5.43,1
elk,5.81,3.48,4.67,1
elm,6.32,3.05,5.43,1
elope,6.58,5.7,6.21,1
eloquence,6.76,3.91,6.46,1
eloquent,7.16,4.61,6.37,1
elude,4.62,4.0,5.05,1
elusive,4.3,4.5,4.73,1
email,6.0,4.5,6.11,1
emancipation,6.57,3.65,4.73,1
embankment,5.0,3.62,5.43,1
embargo,5.05,4.59,5.45,1
embark,5.89,4.3,6.39,1
embarrass,3.455,5.71,4.045,1
embarrassed,3.51,5.38,3.67,1
embarrassment,2.72,5.45,2.92,1
embassy,5.3,3.91,5.79,1
embattled,4.05,4.02,4.88,1
embezzlement,2.95,4.67,4.18,1
embezzler,3.05,5.24,3.79,1
emblem,6.0,2.67,5.46,1
embodiment,5.72,3.78,4.91,1
embolism,2.14,4.17,4.05,1
embrace,7.0,5.82,6.58,1
embroidery,6.53,2.85,6.05,1
embryo,5.75,3.7,4.86,1
emcee,5.15,4.05,4.74,1
emerald,7.3,5.33,6.32,1
emerge,5.75,4.74,6.67,1
emergency,2.72,6.43,2.72,1
emery,4.74,3.59,5.6,1
eminence,5.43,4.5,5.0,1
eminent,5.58,4.95,5.09,1
emissary,4.76,3.39,5.56,1
emission,4.1,3.67,4.68,1
emit,4.81,3.96,5.26,1
emotion,6.62,4.75,5.0,1
emotional,5.11,5.32,4.5,1
empathize,7.1,3.55,6.38,1
empathy,7.29,3.62,5.9,1
emperor,4.68,4.25,5.32,1
emphasis,5.26,4.1,5.0,1
emphasize,5.75,4.21,6.43,1
emphysema,2.47,4.25,4.3,1
empire,5.36,4.59,5.95,1
empirical,4.67,4.14,5.3,1
employ,5.89,3.83,5.0,1
employee,5.29,4.65,4.81,1
employer,5.3,4.06,3.3,1
employment,6.0,5.02,5.36,1
emporium,5.25,4.17,6.05,1
empress,4.95,3.87,6.1,1
emptiness,3.26,3.18,4.1,1
emu,5.45,4.0,6.21,1
emulate,5.11,4.15,5.83,1
enable,5.13,3.95,5.45,1
enamel,5.42,3.79,5.31,1
enchanted,7.16,5.27,6.0,1
enchanting,6.8,5.56,5.5,1
enchantment,6.8,5.29,5.22,1
enchantress,5.82,4.1,5.68,1
enchilada,6.63,4.39,5.82,1
enclosure,4.6,3.35,4.64,1
encore,6.9,4.09,5.52,1
encounter,5.16,4.67,5.3,1
encourage,7.025,4.305,6.535,1
encouragement,6.7,5.59,6.58,1
encryption,5.14,4.0,5.32,1
encyclopedia,6.14,5.0,6.48,1
end,4.48,4.07,4.5,1
end table,5.25,2.7,4.9,1
endanger,2.67,4.72,3.95,1
endangerment,3.0,4.84,3.84,1
endearing,7.17,4.17,6.26,1
endeavor,6.42,4.19,5.75,1
endgame,4.23,5.26,5.32,1
endless,4.0,4.23,3.25,1
endorse,5.2,3.17,6.45,1
endorsement,6.05,3.76,5.92,1
endowment,6.0,3.67,6.15,1
endurance,6.86,5.6,6.03,1
endure,5.8100000000000005,3.565,6.215,1
enema,3.29,4.13,3.2,1
enemy,2.22,5.3,2.5,1
energetic,7.57,6.1,5.81,1
energize,7.43,6.0,6.55,1
energy,6.9,6.25,6.53,1
enforce,5.32,5.3,5.49,1
enforcement,4.67,4.48,4.0,1
enforcer,3.81,4.2,5.36,1
engage,6.69,5.24,5.92,1
engagement,6.65,5.19,6.29,1
engine,5.48,3.89,5.36,1
engineer,5.79,4.22,6.53,1
engineering,6.0,3.14,5.61,1
engraving,6.17,3.05,5.44,1
enhance,6.62,4.04,6.58,1
enhancement,6.29,4.39,6.22,1
enigma,5.35,4.65,5.18,1
enjoy,7.67,5.0,7.28,1
enjoyable,7.63,4.77,7.0,1
enjoyment,8.37,5.48,6.56,1
enlarge,5.33,3.87,5.89,1
enlargement,4.65,3.86,5.4,1
enlighten,7.19,4.57,6.335,1
enlightenment,6.79,4.52,6.5,1
enlist,4.42,3.71,5.58,1
ennui,4.13,3.26,4.7,1
enormous,5.68,5.05,6.0,1
enraged,2.33,5.22,4.4,1
enroll,5.94,4.25,5.86,1
enrollment,6.19,3.76,6.05,1
ensemble,5.67,3.86,5.4,1
enslave,2.67,5.35,4.08,1
ensure,5.71,3.57,5.96,1
entail,5.35,4.11,5.0,1
enter,6.09,4.3,6.79,1
enterprise,5.76,4.165,5.925000000000001,1
entertain,7.605,5.235,6.575,1
entertainer,6.48,6.15,5.31,1
entertainment,7.59,6.42,5.86,1
enthusiasm,7.14,4.18,6.69,1
enthusiast,6.65,5.91,6.89,1
enthusiastic,7.55,5.9,6.21,1
entice,5.33,4.42,5.15,1
entire,5.67,2.85,5.06,1
entirety,5.95,3.1,6.13,1
entitle,4.89,4.0,6.38,1
entity,5.19,3.48,4.94,1
entourage,4.9,4.0,5.29,1
entrails,3.37,4.7,4.21,1
entrance,6.05,3.7,5.41,1
entrapment,3.3,5.91,3.57,1
entree,6.63,3.95,6.82,1
entrepreneur,6.14,3.68,7.67,1
entrust,6.32,3.2,6.8,1
entry,4.95,4.41,6.37,1
envelope,5.95,2.8,5.5,1
envious,3.52,5.1,3.86,1
environment,6.7,3.45,4.62,1
environmental,5.5,6.05,5.68,1
envision,6.14,3.76,6.64,1
envoy,4.9,3.74,4.64,1
envy,3.05,4.35,3.16,1
enzyme,5.14,3.1,4.92,1
epic,7.19,4.8,5.32,1
epidemic,2.05,6.18,2.58,1
epidural,3.65,4.94,4.26,1
epilepsy,2.7,5.0,2.9,1
epileptic,3.32,4.62,4.0,1
epiphany,7.06,4.6,5.48,1
episode,5.0,3.67,5.4,1
epitaph,4.53,3.52,5.26,1
epitome,5.67,4.23,6.14,1
equal,6.47,3.52,6.64,1
equality,6.75,4.73,6.0,1
equalizer,5.05,3.68,5.46,1
equate,6.16,3.84,5.13,1
equation,5.29,3.91,5.59,1
equator,5.42,4.1,5.26,1
equestrian,5.71,3.35,5.5,1
equilibrium,6.32,2.5,5.68,1
equipment,5.62,3.04,5.2,1
equity,5.41,3.91,5.65,1
equivalent,5.89,3.95,5.57,1
era,5.29,3.62,4.92,1
eradicate,3.79,5.09,4.95,1
erase,4.89,3.55,5.42,1
eraser,5.64,3.57,6.89,1
erect,5.79,5.43,5.7,1
erectile,4.5,5.5,4.53,1
erection,7.38,7.37,5.18,1
ergo,4.86,4.0,5.21,1
erosion,3.79,5.86,3.91,1
erotic,5.83,7.27,5.9,1
erotica,6.1,6.52,5.56,1
err,3.58,3.68,4.82,1
errand,4.68,3.89,6.15,1
errant,4.43,4.8,4.23,1
erratic,3.21,5.1,4.4,1
erroneous,4.38,4.64,4.07,1
error,3.36,4.43,4.18,1
erupt,5.14,6.41,3.32,1
eruption,4.74,6.09,2.82,1
escalate,4.404999999999999,5.375,5.41,1
escalation,4.82,4.91,4.6,1
escalator,5.95,4.55,5.31,1
escape,5.5,4.55,5.44,1
escort,5.35,5.32,5.63,1
escrow,4.56,3.11,4.38,1
esophagus,4.5,3.76,5.04,1
espionage,4.05,5.5,4.5,1
espresso,6.68,5.25,6.3,1
esquire,5.67,2.9,5.38,1
essay,4.9,4.0,5.55,1
essence,6.75,3.86,5.62,1
essential,6.26,4.3,6.3,1
establish,5.58,3.72,6.29,1
estate,5.65,3.45,5.27,1
esteem,6.38,3.91,6.45,1
esteemed,5.95,4.72,5.54,1
estimate,5.95,3.41,5.43,1
estimation,4.67,3.18,5.26,1
estranged,3.67,3.95,4.48,1
estrogen,5.22,4.45,4.2,1
eternal,6.76,3.59,5.41,1
eternity,6.05,3.77,4.37,1
ether,4.63,4.81,4.26,1
ethic,6.0,3.64,6.3,1
ethical,5.78,3.78,5.71,1
ethnic,5.36,3.55,5.05,1
etiquette,6.0,3.71,5.65,1
eucalyptus,6.05,3.1,5.57,1
eulogy,3.43,4.16,4.05,1
euphemism,5.05,3.48,5.5,1
euphoria,7.26,5.68,6.73,1
euphoric,7.8,5.25,6.77,1
euro,5.35,3.57,5.0,1
euthanasia,3.3,5.18,5.4,1
evacuate,3.4,5.17,3.32,1
evacuation,4.23,5.24,3.14,1
evade,4.55,5.91,5.95,1
evaluate,5.1,3.78,6.2,1
evaluation,4.86,5.89,4.62,1
evaporate,5.4,4.0,4.81,1
evasion,3.36,4.77,5.25,1
evasive,3.24,3.39,5.06,1
evening,7.09,3.1,5.22,1
event,6.21,5.1,5.0,1
eventual,5.05,3.42,4.75,1
everlasting,6.55,3.85,5.23,1
everyday,5.47,3.14,5.96,1
everyman,5.42,3.52,4.4,1
evict,2.63,4.73,3.96,1
eviction,3.0,4.67,3.68,1
evidence,4.72,3.9,4.61,1
evident,5.1,3.76,6.16,1
evidentiary,4.5,4.22,4.42,1
evil,2.34,5.67,3.6,1
evolution,5.35,6.3,4.77,1
evolutionary,5.62,5.59,4.43,1
evolve,5.7,4.46,5.48,1
ex,2.7,4.79,4.0,1
exact,5.5,4.2,5.405,1
exaggerate,4.36,4.48,5.55,1
exaggeration,4.19,5.8,4.84,1
exam,4.33,5.17,4.19,1
examination,5.05,4.5,5.05,1
examine,5.61,3.95,5.84,1
examiner,4.29,3.7,6.25,1
example,4.9,3.55,6.74,1
excavation,4.89,4.64,5.67,1
exceed,4.79,5.52,6.75,1
excel,5.95,4.85,6.61,1
excellence,7.87,5.3,7.4,1
excellent,7.56,5.15,7.22,1
excelsior,5.95,4.0,5.35,1
exception,5.25,4.35,4.12,1
exceptional,7.32,5.0,6.32,1
excess,4.29,5.42,5.29,1
excessive,4.37,3.73,4.04,1
exchange,5.9,4.76,5.88,1
excitable,5.68,5.43,6.55,1
excite,7.79,6.61,5.79,1
excited,8.11,6.43,7.33,1
excitement,7.62,6.21,6.33,1
exciting,7.95,6.95,7.21,1
exclamation,6.85,5.4,6.0,1
exclude,3.55,4.81,4.67,1
exclusive,4.5,5.0,5.58,1
excrement,2.0,4.64,3.38,1
excruciating,2.1,5.3,3.36,1
excursion,5.83,4.26,6.05,1
excuse,4.52,3.61,4.72,1
exec,4.86,3.71,5.55,1
execute,3.94,5.79,5.04,1
execution,2.28,6.0,3.27,1
executioner,2.23,6.59,3.68,1
executive,4.95,4.32,4.95,1
executor,3.95,5.1,5.54,1
exemplary,5.58,4.79,6.57,1
exempt,4.84,4.43,5.54,1
exemption,5.37,4.17,5.32,1
exercise,6.33,5.41,6.9,1
exert,5.47,4.64,6.0,1
exhale,6.11,3.75,6.27,1
exhaust,4.0,4.26,4.36,1
exhaustion,3.21,4.52,4.29,1
exhaustive,4.24,4.5,4.54,1
exhibit,5.77,5.48,6.21,1
exhibition,5.53,5.38,5.39,1
exhilarated,6.9,6.55,6.51,1
exhilarating,7.39,6.83,5.76,1
exhumation,2.89,4.5,4.14,1
exhume,3.95,4.5,4.81,1
exile,3.32,5.87,3.37,1
exist,5.365,4.525,6.255,1
existence,6.25,4.38,5.11,1
existential,5.86,4.28,6.06,1
exit,5.35,3.18,7.0,1
exodus,4.63,4.45,5.62,1
exonerate,5.44,3.83,5.82,1
exorcism,3.15,5.96,3.71,1
exorcist,3.76,6.29,3.8,1
exotic,7.55,6.9,5.65,1
expand,5.35,3.3,5.43,1
expansion,6.4,5.7,5.42,1
expect,5.95,4.86,4.89,1
expectancy,6.32,4.35,5.41,1
expectation,6.1,4.5,5.05,1
expedient,5.3,4.55,6.84,1
expedite,6.1,4.86,5.96,1
expedition,6.53,4.5,5.78,1
expel,3.75,4.24,4.17,1
expendable,3.85,5.11,4.0,1
expense,3.9,4.82,4.41,1
expensive,3.36,6.1,6.21,1
experience,6.89,3.71,6.94,1
experiment,6.05,4.86,5.7,1
experimental,5.65,5.57,4.62,1
experimentation,6.0,5.52,5.48,1
expert,6.74,4.05,6.91,1
expertise,6.1,5.95,6.73,1
expiration,3.45,4.29,3.72,1
expire,3.16,4.0,3.8,1
explain,5.41,4.0,6.22,1
explanation,6.38,4.05,6.14,1
explicit,4.82,5.23,4.18,1
explode,4.38,5.32,2.96,1
exploit,3.65,5.24,4.16,1
exploitation,2.89,6.1,5.0,1
exploration,6.71,5.0,5.36,1
exploratory,5.95,4.29,5.88,1
explore,7.0,4.05,6.52,1
explorer,5.9,5.24,6.43,1
explosion,3.17,6.35,3.62,1
explosive,4.14,6.62,3.32,1
expo,6.26,4.43,5.11,1
export,4.79,3.45,5.54,1
expose,4.14,5.89,4.24,1
exposition,5.43,4.3,5.4,1
exposure,4.81,5.45,5.08,1
express,5.53,4.79,6.57,1
expression,6.15,4.33,6.88,1
expressive,5.95,5.5,7.39,1
expressway,4.55,4.06,4.59,1
expulsion,2.52,4.65,3.58,1
exquisite,7.53,4.59,6.55,1
extend,5.86,3.62,6.0,1
extension,5.0,4.15,6.08,1
extensive,5.25,4.75,5.71,1
extent,5.57,3.68,5.0,1
exterior,5.55,3.39,5.91,1
exterminate,3.19,6.04,4.23,1
extermination,3.65,5.5,4.95,1
exterminator,3.19,5.13,4.62,1
external,5.37,3.0,5.5,1
extinct,2.74,4.55,3.42,1
extinction,3.1,5.0,3.04,1
extinguish,4.65,4.91,5.47,1
extinguisher,4.76,4.43,5.95,1
extort,3.19,4.48,3.48,1
extortion,2.15,4.56,3.05,1
extra,6.39,2.9,5.72,1
extract,5.15,3.45,6.18,1
extraction,3.86,5.2,5.62,1
extracurricular,6.1,4.33,6.77,1
extradition,3.68,3.45,4.17,1
extraordinaire,6.84,5.88,6.55,1
extraordinary,7.45,4.22,6.85,1
extraterrestrial,5.6,5.86,4.38,1
extravagance,5.74,5.4,5.79,1
extravagant,6.32,5.25,5.59,1
extravaganza,6.89,5.52,5.83,1
extreme,5.65,6.18,5.88,1
extremity,4.64,4.86,5.64,1
eye,6.375,3.5650000000000004,5.83,1
eyeball,5.67,3.86,5.19,1
eyebrow,5.26,2.91,5.33,1
eyeful,5.29,5.15,5.4,1
eyeglasses,5.09,3.39,5.68,1
eyelash,5.45,2.61,5.05,1
eyeliner,6.42,3.67,5.46,1
eyesight,6.14,3.52,6.28,1
eyewitness,4.47,4.73,5.5,1
fable,5.75,4.09,5.9,1
fabled,5.79,4.61,4.74,1
fabric,6.05,2.4,5.8,1
fabrication,4.0,4.11,5.8,1
fabulous,7.84,5.15,7.25,1
facade,4.63,3.62,4.91,1
face,6.36,4.59,5.96,1
faceless,2.58,4.1,3.91,1
facial,6.24,4.55,6.09,1
facilitate,4.63,3.62,6.58,1
facility,5.33,4.0,5.03,1
fact,6.23,3.29,6.0,1
faction,5.11,4.1,4.52,1
factor,4.9,3.6,4.68,1
factory,4.95,3.0,5.09,1
factual,5.89,3.18,7.13,1
faculty,5.63,4.86,4.87,1
fad,4.55,3.83,4.71,1
fade,4.65,3.2,4.63,1
fag,2.05,5.32,3.09,1
faggot,2.32,5.68,3.63,1
fail,2.33,5.5,4.74,1
failure,2.15,5.0,5.04,1
faint,4.0,3.74,3.5,1
fair,7.14,3.29,6.12,1
fairness,7.48,4.54,6.45,1
fairway,4.81,3.38,5.76,1
fairy,6.71,5.04,6.38,1
faith,6.44,3.4,5.5,1
faithful,7.95,4.48,7.29,1
faithless,3.57,4.1,4.57,1
fake,2.62,5.15,4.47,1
faker,2.76,3.96,4.33,1
falafel,5.52,3.68,4.76,1
falcon,5.5,5.0,5.29,1
fall,3.89,4.24,3.83,1
fallacy,4.0,4.0,3.96,1
fallback,4.81,3.72,4.94,1
fallopian,4.59,3.61,5.37,1
fallout,2.84,4.55,3.45,1
fallow,4.43,3.48,5.21,1
FALSE,3.27,5.23,4.7,1
fame,5.390000000000001,4.265,5.49,1
familiar,6.19,2.5,7.21,1
familiarity,6.8,2.67,6.62,1
family,7.25,4.35,5.98,1
famine,2.95,6.1,3.09,1
famished,4.47,6.43,4.3,1
famous,5.89,4.2,5.4,1
fan,6.81,3.7,6.05,1
fanatic,4.67,6.17,4.31,1
fanatical,3.86,5.87,3.83,1
fanciful,7.05,4.81,6.76,1
fancy,7.43,5.42,7.16,1
fanfare,5.3,4.91,6.0,1
fang,4.62,4.12,5.55,1
fantasize,7.0,5.0,6.65,1
fantastic,8.36,6.4,7.21,1
fantasy,7.15,6.18,6.35,1
faraway,4.7,3.44,5.08,1
farce,4.33,3.96,3.68,1
fare,4.86,2.3,4.0,1
farewell,3.43,4.2,4.67,1
farm,5.845,3.15,5.955,1
farmer,6.14,3.67,6.1,1
farmhouse,5.81,3.5,4.77,1
farmland,6.58,3.14,5.67,1
fart,4.05,4.74,3.69,1
fascinate,7.0,6.1,6.32,1
fascinating,7.37,5.14,6.17,1
fascination,7.25,5.08,6.0,1
fascism,2.5,5.1,3.05,1
fascist,3.1,4.74,3.88,1
fashion,5.26,5.25,5.6,1
fashionable,7.33,4.05,5.68,1
fastball,5.7,6.1,5.42,1
fasten,5.63,4.0,7.14,1
fat,2.74,3.89,4.0,1
fatal,2.0,6.79,3.54,1
fatality,2.85,6.05,3.69,1
fate,5.38,5.2,5.53,1
fated,4.43,3.85,2.55,1
fateful,5.0,4.5,4.8,1
fathead,3.47,5.0,4.32,1
father,6.88,3.68,5.19,1
fatherhood,6.77,4.57,5.61,1
fatherland,5.1,3.57,5.56,1
fatherly,6.53,3.54,6.61,1
fathom,5.21,4.71,4.3,1
fatigue,3.64,3.26,4.05,1
fatigued,2.89,3.78,4.33,1
fatso,2.68,5.33,4.0,1
fatten,3.89,3.39,4.65,1
fatty,2.38,3.35,3.5,1
faucet,5.55,3.53,6.31,1
fault,3.53,4.02,4.02,1
faulty,3.48,4.68,4.42,1
faun,5.1,4.18,5.47,1
fauna,6.05,3.25,6.0,1
faux,4.25,3.57,4.52,1
favor,6.67,4.61,6.24,1
favorable,6.9,4.59,6.78,1
favorite,7.39,4.4,7.0,1
favoritism,4.81,5.15,4.83,1
fawn,6.15,3.92,5.73,1
fax,5.24,3.37,5.67,1
faze,4.82,3.91,5.45,1
fear,2.93,6.14,3.32,1
fearful,2.66,5.45,3.12,1
fearless,5.81,4.05,6.93,1
fearsome,3.32,5.45,3.58,1
feasible,5.84,4.2,6.79,1
feast,7.57,5.26,6.21,1
feat,6.0,4.0,6.19,1
feather,6.295,3.325,5.904999999999999,1
feature,5.6,3.91,6.26,1
fecal,2.4,4.52,4.2,1
feces,2.23,4.35,4.53,1
federal,3.06,4.45,2.76,1
federation,4.68,3.55,5.35,1
fee,2.86,4.08,4.12,1
feeble,3.87,3.68,3.53,1
feed,6.95,4.55,6.79,1
feedback,5.91,4.17,5.58,1
feeder,5.18,4.22,4.95,1
feel,6.385,3.955,6.0,1
feign,4.45,3.72,5.05,1
feisty,5.76,6.3,6.11,1
feline,6.86,3.58,5.86,1
feller,4.82,3.14,4.5,1
fellow,6.28,3.05,6.0,1
fellowship,6.43,2.91,5.94,1
felon,2.2,4.95,3.36,1
felony,2.42,4.95,4.31,1
female,7.52,5.9,6.42,1
feminine,7.33,4.32,5.09,1
femininity,6.25,4.48,5.86,1
feminist,4.26,3.89,5.12,1
femme,6.17,4.4,4.84,1
femoral,4.5,4.28,4.52,1
femur,4.55,3.06,5.25,1
fence,5.109999999999999,3.28,5.550000000000001,1
fend,4.82,4.74,5.86,1
fender,5.11,3.25,5.06,1
fennel,5.35,3.59,6.29,1
fern,6.52,3.15,4.67,1
ferocious,3.21,6.67,3.96,1
ferret,4.89,4.11,4.25,1
ferry,6.3,2.71,5.43,1
ferryboat,5.86,4.1,5.28,1
fertile,7.0,5.41,4.92,1
fertility,5.85,4.72,4.55,1
fertilize,5.45,4.27,6.52,1
fertilizer,4.45,3.45,5.63,1
fess,3.57,3.43,5.0,1
fest,6.57,4.78,5.23,1
festival,6.84,5.86,5.6,1
festive,7.14,5.67,6.55,1
fetal,3.95,4.36,4.17,1
fetch,5.32,4.05,5.6,1
fetish,5.0,4.67,4.8,1
fetus,4.74,4.24,4.6,1
feud,4.04,5.1,4.25,1
fever,2.92,5.02,3.12,1
feverish,3.09,5.35,3.79,1
fiancee,7.14,5.04,6.05,1
fiasco,4.05,5.28,3.0,1
fib,3.15,5.6,4.68,1
fiber,5.42,3.58,5.36,1
fiberglass,4.37,2.59,4.61,1
fibrosis,3.26,4.1,4.87,1
fickle,4.75,5.25,4.46,1
fiction,6.47,4.7,6.45,1
fictional,5.95,3.61,5.89,1
fictitious,5.85,4.38,4.64,1
fiddle,5.05,4.05,4.85,1
fiddler,5.62,3.87,5.94,1
fidelity,6.7,3.83,6.68,1
field,5.73,3.84,5.74,1
field hockey,4.86,3.5,5.41,1
fielder,4.72,4.19,5.22,1
fiend,3.77,5.18,3.9,1
fiendish,3.95,4.72,3.89,1
fierce,4.0,5.7,5.7,1
fiery,5.7,5.64,5.89,1
fiesta,6.72,6.22,5.29,1
fig,5.23,4.22,6.05,1
fight,3.54,6.33,4.68,1
fighter,5.1,5.3,6.42,1
figment,5.0,4.35,5.0,1
figure,5.09,3.67,5.39,1
file,5.44,3.4,4.61,1
filet,6.14,3.18,5.14,1
fill,5.56,3.35,6.78,1
filler,4.9,3.89,5.85,1
fillet,6.7,4.62,5.35,1
filly,5.05,2.92,4.47,1
film,6.33,4.1,6.17,1
filmmaker,5.48,3.96,5.72,1
filter,5.5,3.62,5.62,1
filth,2.62,4.09,4.07,1
filthy,3.42,4.65,4.46,1
filtration,5.55,4.17,5.71,1
fin,5.27,4.45,5.45,1
final,4.56,4.4,3.94,1
finale,5.26,4.27,5.65,1
finalist,6.24,3.3,5.78,1
finality,4.43,4.18,4.52,1
finalize,5.6,4.85,5.78,1
finance,4.81,5.6,4.57,1
financial,5.0,4.55,4.82,1
finch,4.74,3.52,5.0,1
find,6.45,3.52,6.24,1
finder,5.77,4.35,5.79,1
fine,6.5,3.86,5.78,1
finesse,6.0,3.86,6.58,1
finger,5.8,4.15,5.32,1
fingernail,5.57,3.5,4.73,1
fingerprint,5.25,3.29,4.56,1
finish,6.41,3.81,6.44,1
finite,5.68,4.43,4.79,1
fir,5.0,3.0,5.5,1
fire,4.32,6.05,4.57,1
firearm,4.0,4.54,5.89,1
fireball,3.71,6.13,4.19,1
firecracker,5.7,6.67,4.64,1
firefight,4.32,5.5,5.0,1
firefighter,6.6,4.94,5.14,1
firefly,7.05,4.85,5.27,1
firehouse,5.16,4.73,4.58,1
firelight,6.38,3.58,5.55,1
fireman,6.47,4.52,5.0,1
fireplace,5.95,5.2,5.56,1
firepower,5.84,5.91,6.26,1
fireside,6.0,4.0,5.64,1
firewall,4.43,4.91,4.76,1
firewood,6.09,4.58,5.95,1
fireworks,6.8,6.05,5.61,1
firm,5.36,4.3,6.58,1
firmament,5.1,3.65,5.0,1
firstborn,6.65,5.65,5.24,1
fiscal,4.15,4.05,5.23,1
fish,6.42,3.33,6.08,1
fisherman,5.42,4.06,5.47,1
fishing,7.05,3.6,6.33,1
fishing boat,6.21,3.14,5.4,1
fishy,4.2,3.11,3.59,1
fissure,4.3,4.18,4.59,1
fist,2.95,4.85,4.95,1
fistfight,4.0,6.23,4.43,1
fistful,5.4,4.1,4.76,1
fit,6.28,4.35,6.11,1
fitness,6.45,5.32,6.96,1
fiver,5.24,4.87,4.3,1
fix,6.11,3.6,6.72,1
fixable,6.84,3.48,6.52,1
fixation,4.11,4.11,3.73,1
fixer,6.39,2.67,6.7,1
fixture,5.05,2.9,5.5,1
fizz,5.38,4.57,5.94,1
fjord,5.53,3.19,4.2,1
flabby,3.39,3.39,4.81,1
flaccid,3.55,3.14,4.84,1
flag,6.1,3.74,5.56,1
flagpole,5.11,3.19,5.05,1
flagrant,4.0,4.91,4.63,1
flagship,5.45,3.57,5.12,1
flagstaff,5.5,3.9,4.97,1
flair,5.89,4.32,6.09,1
flak,4.55,4.64,5.29,1
flake,4.58,3.48,4.11,1
flaky,3.58,3.5,3.65,1
flamboyant,5.0,5.52,5.15,1
flame,5.27,6.275,4.654999999999999,1
flamethrower,5.27,6.0,4.59,1
flamingo,6.74,4.59,6.19,1
flammable,4.25,5.95,4.54,1
flan,5.86,3.19,6.23,1
flank,4.95,3.91,5.58,1
flannel,5.55,2.32,4.68,1
flap,5.74,3.45,4.58,1
flare,4.985,5.02,5.42,1
flash,5.53,5.38,4.94,1
flashback,5.0,4.71,4.18,1
flashlight,6.0,4.04,6.06,1
flashy,4.85,5.77,5.78,1
flask,5.5,4.24,5.17,1
flat,4.43,3.04,4.0,1
flatbed,4.86,3.38,5.43,1
flatfoot,4.33,3.1,4.32,1
flatten,5.24,3.52,5.53,1
flatter,6.619999999999999,4.765000000000001,6.18,1
flattered,6.32,5.14,5.95,1
flattery,5.74,5.1,5.91,1
flatulence,3.79,5.95,4.35,1
flaunt,4.39,4.15,5.17,1
flavor,6.45,4.41,6.95,1
flaw,4.1,3.84,4.21,1
flawed,3.74,4.18,5.11,1
flawless,7.05,4.05,6.55,1
flea,3.0,3.0,4.42,1
fleabag,3.4,4.35,4.32,1
flee,3.84,4.95,5.0,1
fleece,5.79,3.71,5.64,1
fleet,5.4,4.43,6.24,1
flesh,5.2,4.11,5.29,1
fleshy,4.89,5.3,3.95,1
flex,5.32,4.8,6.04,1
flexibility,6.9,4.5,6.73,1
flexible,6.74,4.45,6.68,1
flick,5.41,4.31,6.46,1
flicker,5.5,5.15,5.38,1
flier,4.19,4.43,4.85,1
flight,6.11,4.2,5.33,1
flighty,4.9,4.88,4.32,1
flimsy,4.0,3.77,4.2,1
flinch,4.0,5.28,4.12,1
fling,5.68,4.95,6.1,1
flip,5.465,4.285,5.16,1
flip flop,4.76,4.04,5.1,1
flipper,5.84,3.05,5.15,1
flirt,6.73,5.93,5.8,1
flirtation,5.78,6.29,5.78,1
flirty,6.52,5.91,5.56,1
float,6.42,3.1,5.91,1
floater,4.2,3.06,4.33,1
flock,5.25,3.48,5.38,1
flood,2.76,5.31,3.16,1
floor,5.23,3.165,6.195,1
floozy,3.95,4.89,4.38,1
flop,3.95,3.41,4.79,1
floppy,4.61,4.45,4.65,1
floral,7.42,2.73,5.15,1
florist,6.55,3.19,5.82,1
floss,5.0,3.48,5.69,1
flotation,5.6,3.61,4.71,1
flounder,5.32,4.0,4.32,1
flour,5.25,3.26,5.86,1
flourish,7.21,5.22,6.17,1
flow,5.68,3.71,5.4,1
flower,7.3,3.67,6.43,1
flowery,7.47,3.81,5.57,1
flu,2.58,4.0,2.8,1
flue,4.45,2.86,4.32,1
fluent,6.53,3.9,5.74,1
fluff,6.18,3.54,6.12,1
fluffy,7.11,3.45,6.11,1
fluid,5.05,4.04,5.75,1
fluke,4.3,4.94,3.58,1
flunk,1.95,3.72,4.23,1
flunky,2.89,3.15,4.95,1
fluorescent,5.16,3.85,5.15,1
flurry,5.68,4.18,5.25,1
flush,4.67,4.35,5.62,1
flute,6.29,3.72,5.84,1
flutter,5.7,4.86,5.37,1
flux,4.17,4.18,4.79,1
fly,6.06,4.9,5.28,1
flyboy,4.7,4.33,4.97,1
flyer,4.95,3.76,5.4,1
foam,5.25,2.9,5.1,1
focal,4.85,3.94,6.41,1
focus,6.48,4.45,6.84,1
foe,3.15,4.71,3.82,1
fog,5.77,3.67,4.05,1
foggy,4.65,3.68,4.21,1
foil,4.57,3.7,5.04,1
fold,5.19,3.0,6.67,1
folder,5.7,2.33,5.42,1
foliage,5.68,4.25,6.21,1
folk,6.17,2.45,6.0,1
folklore,6.32,4.1,4.85,1
follow,4.82,3.76,4.81,1
follower,4.86,3.4,4.58,1
folly,4.11,4.56,3.65,1
fond,6.79,3.26,6.42,1
fondle,4.32,5.18,4.88,1
fondness,7.68,3.55,6.82,1
fondue,6.0,3.71,6.5,1
font,5.09,3.38,6.45,1
food,7.52,4.69,6.08,1
fool,3.56,4.86,2.94,1
foolhardy,3.86,5.05,4.71,1
foolish,3.0,4.57,3.9,1
foolishness,4.1,4.6,4.26,1
foolproof,5.82,4.36,6.0,1
foot,4.904999999999999,2.8600000000000003,5.77,1
foot stool,5.27,3.41,5.37,1
footage,5.33,3.12,5.71,1
football,6.52,5.65,5.42,1
foothold,5.2,3.83,5.1,1
footlocker,5.05,4.25,5.27,1
footloose,6.05,4.62,5.38,1
footprint,6.0,2.96,6.37,1
footwear,6.43,4.0,5.18,1
footwork,5.74,3.96,5.58,1
forbid,3.32,4.949999999999999,4.025,1
force,4.875,4.84,4.85,1
forceful,3.7,5.36,5.53,1
forceps,3.8,4.57,5.86,1
ford,5.79,2.85,6.0,1
fore,5.05,4.32,5.52,1
forearm,5.58,3.75,6.35,1
foreboding,3.53,5.3,3.48,1
forecast,4.89,3.7,4.73,1
foreclose,2.0,6.0,2.92,1
foreclosure,1.75,5.9,3.08,1
forefront,4.95,4.69,6.08,1
forego,4.89,4.33,5.32,1
foregone,5.06,3.32,4.16,1
foreground,5.47,2.68,5.11,1
forehead,5.04,3.14,6.5,1
foreign,4.86,5.43,4.79,1
foreigner,4.68,3.24,4.33,1
foreman,4.89,3.55,5.08,1
foremost,5.27,3.81,6.04,1
forensic,5.140000000000001,4.71,4.945,1
foreplay,6.4,6.71,5.92,1
foresee,5.67,3.64,6.05,1
foresight,5.79,3.5,6.13,1
forest,6.68,4.44,5.71,1
forevermore,6.48,4.3,5.0,1
forfeit,3.68,4.74,4.43,1
forge,5.0,4.16,5.55,1
forger,3.95,5.05,4.71,1
forgery,2.6,4.86,3.4,1
forget,3.73,4.43,3.5,1
forgetful,3.59,4.45,4.45,1
forgetfulness,3.8,4.55,4.19,1
forgive,6.9,3.785,6.445,1
forgiveness,6.86,4.04,6.26,1
fork,5.47,3.35,6.02,1
forklift,4.74,4.17,5.0,1
forlorn,3.95,4.08,3.73,1
form,5.64,3.85,6.47,1
formal,5.37,4.48,5.61,1
formaldehyde,2.9,3.85,3.59,1
formality,4.9,3.45,5.68,1
format,5.19,2.73,4.81,1
formation,5.58,4.0,5.0,1
formidable,5.52,3.96,5.56,1
formula,5.3,3.61,4.73,1
formulate,5.22,2.64,5.46,1
fornicate,4.67,5.43,5.62,1
fornication,5.95,6.65,6.59,1
forsake,3.58,3.32,4.05,1
forte,5.7,3.57,6.42,1
forthcoming,5.1,4.09,6.0,1
forthright,6.3,3.43,5.8,1
fortitude,6.26,4.59,6.75,1
fortnight,5.5,3.05,5.56,1
fortress,4.82,3.77,6.55,1
fortuitous,6.55,5.05,6.12,1
fortunate,7.33,3.81,5.83,1
fortune,7.24,5.8,6.68,1
forum,5.05,4.47,5.48,1
forwarding,5.23,3.73,6.0,1
fossil,6.0,4.1,4.75,1
foul,3.0,4.09,4.11,1
foundation,5.86,2.41,6.41,1
founder,5.45,3.95,5.69,1
founding,5.42,2.75,5.36,1
foundry,5.32,3.23,4.96,1
fountain,6.26,3.1,5.9,1
foursome,4.14,5.17,5.29,1
fourteen,5.42,3.62,5.32,1
fowl,4.57,4.05,5.8,1
fox,5.52,4.36,5.5,1
foxhole,5.35,5.0,5.1,1
foxtrot,5.83,5.0,5.54,1
foxy,6.0,4.75,5.3,1
foyer,5.95,3.55,5.54,1
fraction,5.21,3.95,5.09,1
fracture,3.62,5.27,4.2,1
fragile,4.67,3.05,4.0,1
fragment,4.59,3.55,4.8,1
fragrance,6.67,4.72,6.56,1
fragrant,7.05,4.85,6.0,1
frail,3.55,2.65,3.04,1
frame,5.32,4.04,5.78,1
framework,5.74,3.11,5.77,1
franc,5.21,3.71,5.12,1
franchise,5.0,4.1,5.48,1
frantic,3.79,5.39,3.59,1
frat,4.29,3.64,4.63,1
fraternity,4.89,4.64,5.41,1
fraud,2.05,5.18,3.48,1
fraught,2.94,4.32,4.05,1
fray,4.154999999999999,3.85,4.359999999999999,1
freak,3.73,6.3,5.11,1
freakish,3.71,5.12,4.86,1
freaky,4.26,6.05,4.21,1
freckle,5.53,3.36,4.43,1
free,8.25,5.38,6.5,1
freebie,7.3,6.1,6.05,1
freedom,7.72,5.67,7.37,1
freelance,6.05,4.2,6.0,1
freelancer,5.89,4.05,5.96,1
freeman,6.62,4.42,6.41,1
freestyle,6.42,5.45,6.26,1
freeway,5.32,4.67,4.96,1
freeze,3.985,4.92,5.025,1
freezer,5.32,2.7,5.12,1
freight,4.21,3.78,4.8,1
freighter,4.83,3.7,5.16,1
french horn,5.95,4.05,5.83,1
frenzy,4.2,5.96,4.0,1
frequency,5.19,4.87,5.62,1
frequent,5.57,4.05,5.88,1
fresh,6.67,2.35,6.28,1
freshen,6.56,4.68,7.25,1
freshener,5.71,4.17,6.19,1
freshman,5.05,3.82,3.78,1
freshness,7.43,4.1,6.29,1
freshwater,7.29,2.82,5.76,1
fret,3.73,5.89,4.24,1
friar,5.2,3.26,5.62,1
friction,4.0,5.05,4.24,1
fridge,6.29,4.6,5.69,1
fried,5.885,4.545,6.245,1
friend,6.79,4.29,6.31,1
friendless,3.15,4.18,4.63,1
friendly,7.84,4.27,7.6,1
friendship,7.76,5.2,6.95,1
fright,3.26,5.0,3.95,1
frighten,2.765,4.79,3.05,1
frightened,2.45,5.61,3.05,1
frightful,2.95,5.2,3.55,1
frigid,3.77,3.87,5.61,1
fringe,5.16,4.52,4.48,1
frisbee,6.35,3.33,6.14,1
frisk,4.8,6.6,4.83,1
frisky,6.57,6.05,6.23,1
frivolous,4.65,4.22,4.27,1
frock,4.67,4.48,4.71,1
frog,5.84,4.07,5.5,1
froggy,5.71,3.36,4.78,1
frolic,6.05,4.17,6.05,1
frontal,5.95,4.09,6.0,1
frontier,6.53,3.95,4.32,1
frostbite,2.1,7.05,4.0,1
frosted,6.965,4.16,5.365,1
frosty,6.15,4.61,5.0,1
frown,3.35,3.61,4.95,1
fruit,7.0,4.09,6.12,1
fruit punch,6.95,4.75,5.0,1
fruitcake,5.29,3.43,5.42,1
fruitful,7.11,4.14,6.91,1
fruitless,2.95,3.25,3.59,1
fruity,6.71,5.26,6.0,1
frustrated,2.55,5.4,3.85,1
frustrating,2.57,5.48,3.72,1
frustration,2.45,5.94,3.27,1
fryer,4.89,4.3,5.39,1
fuchsia,5.14,3.78,5.72,1
fuck,5.16,7.0,5.205,1
fucker,3.52,6.32,4.33,1
fudge,7.62,4.91,5.86,1
fuel,4.1,3.96,6.21,1
fugitive,2.74,5.26,4.0,1
fulfill,7.33,3.67,6.2,1
fulfillment,6.37,5.56,5.82,1
fullback,4.62,4.19,5.2,1
fullness,6.19,3.2,6.27,1
fumble,3.7,5.0,4.67,1
fun,8.37,6.32,7.04,1
function,5.55,4.1,6.18,1
functional,5.58,3.85,5.26,1
fund,6.0,4.27,5.390000000000001,1
fundamental,4.95,3.56,5.33,1
fundamentalist,4.47,4.14,4.36,1
fundraiser,5.68,4.29,5.27,1
fundraising,5.63,4.85,6.86,1
funeral,2.07,4.1,3.06,1
fungus,2.79,4.67,3.61,1
funk,3.2,4.52,4.68,1
funky,5.85,4.9,5.4,1
funnel,5.32,2.95,4.35,1
funny,7.59,5.38,6.33,1
fur,5.65,3.64,6.11,1
furious,2.57,6.09,3.89,1
furlong,4.58,3.72,5.71,1
furlough,4.95,3.35,5.16,1
furnace,5.11,3.24,4.82,1
furnish,5.65,3.86,6.41,1
furnishings,6.25,3.22,6.43,1
furniture,5.79,3.05,5.43,1
furry,6.63,3.7,5.26,1
fury,2.73,6.12,4.62,1
fuse,5.05,3.77,5.81,1
fuselage,4.5,3.06,5.04,1
fusion,5.6,5.0,4.83,1
fuss,3.32,4.77,3.5,1
fussy,2.71,3.61,3.83,1
futile,3.82,4.71,3.23,1
futility,3.8,4.45,3.7,1
futon,5.52,2.82,4.93,1
future,6.68,5.33,5.53,1
fuzz,4.64,3.9,5.41,1
fuzzy,6.53,3.95,4.29,1
gab,5.2,3.78,4.04,1
gad,5.15,3.15,5.04,1
gadget,5.74,3.86,5.36,1
gaff,3.89,3.9,4.4,1
gag,4.43,3.59,3.81,1
gaga,4.58,5.8,4.58,1
gaggle,5.16,3.95,5.7,1
gaiety,5.52,4.61,4.27,1
gain,5.9,4.33,6.82,1
gal,5.27,4.43,5.53,1
gala,6.16,4.67,5.95,1
galactic,7.0,5.8,4.77,1
galaxy,5.95,5.61,4.76,1
gall,4.3,3.5,4.85,1
gallant,6.38,5.55,5.42,1
gallbladder,4.35,2.75,3.64,1
gallery,6.9,3.32,5.68,1
galley,4.56,3.71,4.79,1
gallon,5.67,3.4,5.32,1
gallop,6.21,4.41,4.86,1
gallows,3.05,5.05,4.48,1
galore,5.95,3.86,6.04,1
gamble,3.85,5.615,3.925,1
gambler,4.15,5.8,4.44,1
game,6.79,5.05,5.84,1
gaming,5.67,5.23,6.29,1
gamma,6.25,4.8,4.86,1
gander,5.55,2.86,5.33,1
gang,2.71,6.55,5.37,1
gangland,3.24,4.26,3.83,1
gangrene,2.5,5.38,3.12,1
gangster,2.59,6.36,4.16,1
gangway,4.5,4.28,5.12,1
gap,4.715,4.72,4.825,1
garage,5.5,4.1,6.11,1
garbage,2.88,3.84,5.15,1
garbled,4.0,3.72,4.45,1
garden,7.25,3.71,6.13,1
gardener,6.35,2.95,6.77,1
gardening,6.86,3.2,6.32,1
gargle,5.1,3.48,6.61,1
gargoyle,3.95,4.38,4.56,1
garlic,5.67,4.12,6.62,1
garment,5.57,3.5,5.84,1
garnet,6.11,4.24,5.3,1
garnish,5.85,3.7,5.33,1
garrison,4.67,4.04,4.55,1
garter,5.47,4.35,5.14,1
gas,4.06,4.4,4.17,1
gash,3.89,4.9,3.9,1
gasket,4.45,3.42,5.0,1
gasoline,4.63,4.57,3.63,1
gasp,4.5,5.61,4.68,1
gassy,3.21,3.5,4.26,1
gastric,3.91,4.16,4.43,1
gate,5.32,4.5,5.95,1
gatekeeper,5.4,3.9,5.08,1
gateway,5.75,3.81,6.16,1
gather,5.72,3.7,6.16,1
gator,4.14,5.95,3.7,1
gatorade,5.85,3.895,5.460000000000001,1
gaudy,3.55,4.33,5.8,1
gauge,5.17,3.5,5.23,1
gauntlet,4.76,4.43,5.29,1
gauze,4.5,3.2,4.76,1
gavel,4.3,2.72,4.21,1
gay,6.11,4.05,4.78,1
gaze,6.15,4.15,6.35,1
gazebo,6.52,3.5,5.3,1
gazelle,6.47,4.05,5.2,1
gazette,5.05,4.18,5.16,1
gazillion,5.95,5.57,4.21,1
gear,5.19,3.17,5.9,1
geek,5.56,3.82,5.5,1
geeky,5.55,3.8,6.45,1
geezer,3.65,3.29,3.33,1
geisha,5.74,4.24,5.0,1
gel,5.67,3.21,5.25,1
gelatin,4.35,4.05,5.47,1
gelding,4.89,3.59,5.48,1
gem,7.35,4.44,6.09,1
gender,5.05,4.05,5.42,1
genealogy,5.85,3.94,4.96,1
general,5.32,3.71,5.24,1
generate,6.14,4.0,5.45,1
generation,6.08,4.24,5.23,1
generator,5.65,3.62,5.48,1
generic,4.5,2.5,4.68,1
generosity,7.55,4.29,6.56,1
generous,7.43,5.7,6.81,1
genetic,4.815,4.05,3.525,1
genie,6.1,4.41,5.32,1
genital,4.45,5.86,4.74,1
genitalia,4.16,5.77,5.12,1
genius,7.52,6.2,7.37,1
genocide,1.62,5.83,2.5,1
genome,5.84,3.41,4.32,1
genre,6.0,3.59,5.0,1
gent,5.86,3.05,5.1,1
genteel,5.09,2.38,6.0,1
gentile,5.29,3.09,5.56,1
gentle,7.42,3.17,6.95,1
gentleman,7.5,4.14,6.06,1
gentlemanly,6.77,3.91,7.0,1
gentry,5.45,2.57,6.12,1
genuine,7.11,4.27,7.5,1
geographic,6.21,3.05,4.57,1
geographical,6.21,3.18,4.65,1
geography,5.4,2.56,4.45,1
geological,6.43,3.95,5.61,1
geologist,6.62,3.75,5.81,1
geology,5.89,4.3,4.74,1
geometric,5.24,4.21,5.36,1
geometry,4.57,3.09,5.04,1
gerbil,5.2,2.59,5.38,1
geriatric,3.58,2.55,3.85,1
germ,2.59,4.69,3.325,1
gesture,5.75,4.36,5.85,1
getaway,5.47,3.6,6.47,1
getup,5.53,4.36,5.68,1
ghastly,3.05,5.0,3.95,1
ghetto,3.16,7.05,3.77,1
ghost,4.23,5.7,4.47,1
ghostly,4.14,5.71,4.14,1
ghoul,2.84,4.95,4.3,1
GI Joe,5.68,4.82,5.18,1
giant,5.41,5.1,6.68,1
gibberish,4.3,4.62,5.21,1
giddy,6.17,5.32,6.4,1
gift,7.27,4.64,6.32,1
gifted,6.62,4.43,6.67,1
gig,6.48,5.75,5.14,1
gigantic,5.35,5.89,5.54,1
giggle,7.95,5.39,4.75,1
gigolo,4.4,4.32,5.32,1
gilded,4.94,3.15,5.28,1
gimmick,3.89,4.63,3.48,1
gimp,2.9,3.29,3.64,1
gin,5.82,4.19,5.91,1
ginger,5.79,4.43,5.47,1
gingerbread,7.0,4.18,6.18,1
ginseng,5.79,4.05,4.96,1
giraffe,6.52,2.91,5.27,1
girder,4.53,3.53,4.5,1
girdle,3.94,4.35,4.68,1
girl,7.15,5.23,5.27,1
girlfriend,7.56,5.05,5.0,1
girlie,5.35,4.95,5.54,1
girlish,6.22,3.45,5.0,1
girly,5.32,4.45,5.65,1
girth,4.65,4.39,4.69,1
gist,5.2,4.05,5.8,1
giveaway,6.17,5.48,4.75,1
giver,7.14,3.83,7.29,1
gizmo,6.26,4.18,5.74,1
gizzard,3.86,3.86,5.05,1
glacier,5.5,3.88,4.55,1
glad,7.55,3.71,7.0,1
glade,6.32,2.82,5.68,1
gladiator,5.21,5.05,4.86,1
glamorous,6.58,4.81,6.22,1
glamour,6.0,5.05,6.09,1
glance,5.71,2.63,5.48,1
gland,4.39,4.14,5.09,1
glare,3.7,4.05,5.53,1
glass,5.48,3.14,5.42,1
glaucoma,2.47,3.45,2.91,1
glaze,5.63,3.56,5.18,1
glazed,6.7,4.36,5.86,1
gleam,6.085,4.3,6.1,1
glee,6.95,4.76,6.79,1
glide,6.1,4.58,6.23,1
glider,5.89,3.73,5.3,1
glimmer,6.68,4.58,5.79,1
glimpse,5.67,3.59,5.75,1
glisten,6.5,5.28,6.0,1
glitch,4.11,3.91,3.5,1
glitter,6.15,4.86,6.24,1
gloat,3.68,3.75,6.1,1
global,5.57,3.7,4.77,1
globe,6.15,3.36,5.4,1
gloom,2.89,3.9,4.07,1
gloomy,3.15,3.32,3.15,1
glorified,5.9,4.59,6.11,1
glorious,6.9,4.67,6.7,1
glory,6.45,6.31,6.72,1
gloss,6.0,4.82,5.52,1
glossy,5.42,4.33,5.88,1
glove,5.655,3.37,5.875,1
glow,6.55,4.95,5.38,1
glucose,3.59,4.25,4.05,1
glue,4.85,3.75,5.43,1
glum,2.82,3.58,4.62,1
glutton,3.53,4.4,3.68,1
gnat,3.43,2.75,3.65,1
gnome,6.24,4.21,4.21,1
goal,6.79,4.67,6.57,1
goalie,5.71,3.21,5.77,1
goat,5.3,2.94,5.17,1
goatee,5.48,3.48,5.62,1
gobble,5.5,4.96,5.28,1
goblin,3.16,4.7,3.84,1
god,5.9,5.56,5.0,1
goddamn,3.81,5.81,4.59,1
goddamned,3.36,6.05,4.65,1
goddess,6.63,4.55,5.75,1
godfather,6.24,2.83,4.78,1
godforsaken,3.62,4.3,3.78,1
godless,3.65,4.76,5.16,1
godlike,6.15,5.64,6.38,1
godmother,6.52,4.95,5.56,1
godsend,6.8,3.75,5.41,1
godson,6.05,3.05,6.44,1
goggle,5.605,3.73,6.075,1
gold,7.28,6.35,5.8,1
golden,7.79,4.25,5.67,1
goldfish,6.62,2.95,5.05,1
golf,5.67,3.68,5.81,1
golfer,5.46,3.0,5.56,1
golfing,5.55,3.11,5.55,1
gondola,5.48,4.09,5.28,1
goner,2.91,4.65,3.0,1
gonorrhea,1.65,4.52,2.92,1
goo,4.68,3.65,4.59,1
goober,6.09,4.29,5.25,1
good,7.89,3.66,6.41,1
goodie,6.1,4.47,5.88,1
goodness,7.38,5.2,7.37,1
goodwill,6.47,4.95,6.9,1
goody,6.73,3.33,6.36,1
gooey,5.29,4.68,4.86,1
goof,5.35,4.24,6.08,1
goofball,5.39,4.57,5.37,1
goofy,6.71,5.05,5.72,1
goon,3.53,4.76,4.74,1
goop,4.21,3.55,3.61,1
goose,5.68,3.29,4.76,1
gopher,5.37,3.58,4.67,1
gorge,4.5,4.26,5.33,1
gorgeous,7.57,4.92,7.05,1
gorilla,4.26,4.95,4.88,1
gory,2.57,5.1,4.32,1
gospel,5.28,2.7,3.84,1
gossip,3.5,3.91,3.94,1
gothic,4.7,4.95,5.69,1
gouge,3.14,4.75,4.62,1
goulash,4.86,4.4,5.42,1
gourd,5.33,4.1,5.29,1
gourmet,7.25,6.0,5.54,1
gout,3.67,4.2,3.81,1
govern,4.52,3.91,4.91,1
governess,5.53,2.82,5.17,1
government,3.78,3.75,3.11,1
governmental,2.89,3.8,3.04,1
governor,4.925000000000001,3.735,5.42,1
gown,6.0,3.86,5.5,1
grab,5.44,4.5,5.28,1
graceful,6.95,4.0,6.52,1
gracious,7.23,3.23,7.05,1
grad,6.81,4.12,6.9,1
grade,5.18,4.75,6.74,1
grader,5.26,3.38,5.17,1
gradual,5.1,2.95,5.84,1
graduate,7.26,4.52,7.18,1
graduation,6.47,5.83,5.59,1
graffiti,4.24,5.43,5.28,1
graft,3.58,3.68,4.17,1
grail,5.05,4.08,5.71,1
grain,5.83,1.6,5.12,1
gram,5.15,4.18,4.89,1
grammar,6.25,4.21,6.76,1
grand,6.28,3.75,6.0,1
Grand Canyon,6.76,4.35,4.0,1
grand theft auto,3.82,5.62,4.78,1
grandchild,7.0,3.9,5.68,1
granddad,7.32,2.95,5.55,1
granddaddy,7.0,3.38,5.09,1
granddaughter,6.86,4.6,5.33,1
grandeur,6.42,4.77,5.67,1
grandfather,5.68,3.77,6.15,1
grandiose,5.24,4.84,5.1,1
grandma,7.5,3.2,5.39,1
grandmother,7.62,3.75,6.32,1
grandpa,7.43,3.7,5.05,1
grandson,6.22,3.36,5.39,1
grandstand,4.9,4.91,6.21,1
granite,5.05,3.76,4.6,1
granny,5.71,2.38,5.0,1
granola,6.05,3.14,5.7,1
grape,6.7,3.5,5.88,1
grape juice,6.67,3.23,5.75,1
grapefruit,5.77,3.68,5.96,1
grapevine,5.9,3.19,5.38,1
graph,5.2,3.45,6.15,1
graphic,5.885,4.675000000000001,5.04,1
graphite,5.05,3.78,5.53,1
grappling,5.11,4.9,5.46,1
grasp,5.45,4.05,6.48,1
grass,6.47,3.39,5.67,1
grasshopper,6.05,4.43,5.82,1
grassy,6.0,3.09,5.68,1
grate,4.68,4.08,5.96,1
grateful,7.5,4.29,7.0,1
gratification,7.71,4.53,6.18,1
gratifying,6.65,4.89,6.26,1
gratitude,6.67,5.09,6.71,1
grave,2.4,4.54,3.73,1
gravel,4.42,2.95,4.8,1
graveyard,3.25,4.89,3.79,1
gravitational,4.91,5.0,4.37,1
gravity,5.81,4.85,4.48,1
gravy,6.21,3.85,5.87,1
gray,3.68,2.81,4.77,1
graze,5.26,3.57,5.65,1
grease,4.565,4.13,5.295,1
greaser,4.67,4.6,4.94,1
greasy,2.94,4.55,3.88,1
great,7.5,4.14,6.65,1
great aunt,6.85,3.83,4.42,1
great grandfather,6.67,3.88,5.16,1
great grandma,6.33,2.62,6.04,1
great grandmother,7.42,4.05,5.17,1
great grandpa,7.1,3.67,5.36,1
great uncle,5.6,3.05,4.58,1
greatness,7.76,4.43,6.76,1
greed,2.48,4.45,4.0,1
greedy,2.1,4.76,4.0,1
green,6.29,4.07,5.64,1
green bean,5.22,3.52,5.65,1
green pepper,5.7,3.52,6.36,1
green snake,4.65,5.7,5.0,1
greenhouse,6.4,3.6,5.84,1
greet,6.25,3.86,6.54,1
greeting,5.89,4.94,6.29,1
grenade,3.51,6.86,3.72,1
greyhound,5.95,3.9,5.26,1
grid,5.2,3.15,5.18,1
grief,2.33,4.95,3.26,1
grievance,3.45,3.74,4.33,1
grieve,2.85,4.805,3.305,1
grievous,3.14,3.92,5.25,1
grill,6.654999999999999,4.575,5.470000000000001,1
grim,2.41,4.48,4.18,1
grimy,3.63,4.4,4.08,1
grin,7.66,5.65,5.58,1
grind,5.2,3.43,4.58,1
grinder,4.77,5.24,5.09,1
grindstone,4.14,4.7,5.42,1
gringo,4.11,3.61,4.35,1
grip,5.14,3.64,5.59,1
gripe,3.42,4.24,5.0,1
grisly,3.71,5.09,4.0,1
grit,4.725,3.825,5.515000000000001,1
gritty,3.94,4.36,4.83,1
grizzly,4.45,5.0,5.0,1
groan,3.9,4.17,5.5,1
grocer,5.38,4.0,5.05,1
grocery,6.62,3.48,6.33,1
groggy,4.05,2.9,3.64,1
groin,5.1,5.5,5.62,1
groom,6.84,4.35,5.75,1
groove,6.32,5.33,5.91,1
groovy,6.42,4.67,5.46,1
grope,3.95,5.76,4.64,1
gross,3.2,5.0,4.62,1
grotesque,3.48,4.95,4.15,1
grotto,5.86,2.5,5.22,1
grouch,3.57,4.6,4.26,1
grouchy,3.33,4.91,5.39,1
ground,5.1850000000000005,3.095,4.7,1
groundhog,5.19,3.12,5.32,1
groundwork,5.71,2.86,5.77,1
group,5.34,3.595,5.015,1
groupie,4.0,4.09,4.71,1
grouse,3.73,4.05,4.64,1
grove,5.26,3.73,6.05,1
grovel,3.3,3.65,3.45,1
grow,6.28,2.6,5.5,1
growl,4.43,3.95,5.11,1
grownup,5.3,4.19,6.24,1
growth,6.0,4.95,6.04,1
grub,4.16,4.45,4.87,1
grubby,3.2,3.45,3.91,1
grudge,2.86,4.2,5.18,1
gruel,3.48,4.0,4.14,1
grueling,3.36,5.0,2.95,1
gruesome,2.89,6.62,3.83,1
gruff,4.05,4.25,5.67,1
grumpy,2.81,5.05,5.06,1
grunt,4.055,3.865,5.38,1
guacamole,5.47,4.76,5.78,1
guano,4.2,3.19,5.32,1
guarantee,6.17,3.67,6.0,1
guard,5.89,3.6,4.06,1
guardhouse,4.96,3.67,4.14,1
guardian,6.5,2.91,5.48,1
guardianship,5.21,3.1,7.35,1
guerrilla,5.3,5.59,4.16,1
guess,5.18,3.86,4.89,1
guesser,4.32,4.39,4.79,1
guesswork,4.29,4.08,5.04,1
guest,6.14,4.15,6.95,1
guesthouse,6.09,3.0,5.65,1
guidance,5.95,3.06,6.1,1
guide,5.58,4.05,5.665,1
guidebook,5.92,2.78,5.78,1
guild,5.43,4.6,6.29,1
guillotine,1.63,5.64,3.39,1
guilt,2.29,4.48,4.35,1
guilty,3.09,4.65,4.5,1
guinea,5.5,3.48,5.0,1
guise,4.25,3.86,4.28,1
guitar,7.1,4.4,5.89,1
guitarist,6.05,5.05,5.52,1
gull,5.67,3.8,5.03,1
gullet,4.35,5.25,4.46,1
gullible,4.16,4.06,3.59,1
gully,5.05,3.62,4.2,1
gulp,4.7,3.48,4.6,1
gum,5.89,3.2,4.92,1
gumbo,6.21,4.0,5.25,1
gummy,5.29,4.0,5.04,1
gumption,5.48,4.65,5.55,1
gun,3.66,7.74,4.71,1
gunboat,3.58,5.86,3.4,1
gunfight,3.42,6.19,4.13,1
gunfighter,4.33,6.1,4.36,1
gunfire,2.79,6.91,3.75,1
gunk,3.62,3.8,4.21,1
gunman,3.0,5.62,3.88,1
gunner,3.95,5.88,5.08,1
gunnery,3.89,4.41,4.74,1
gunplay,2.95,5.38,4.0,1
gunpoint,2.11,6.91,2.85,1
gunpowder,5.37,5.2,4.83,1
gunshot,2.79,5.55,3.7,1
gunslinger,4.53,6.1,4.05,1
gurney,2.95,3.33,3.33,1
guru,5.76,3.76,6.42,1
gush,5.32,5.57,5.19,1
gusher,4.67,4.9,4.28,1
gust,4.86,4.46,4.36,1
gusto,5.67,4.43,6.21,1
gut,3.9,3.67,5.27,1
gutless,4.05,4.65,3.9,1
gutsy,5.53,5.57,5.7,1
gutter,4.05,3.81,4.64,1
guy,6.55,4.71,5.12,1
guzzler,4.42,5.14,4.5,1
gym,5.84,5.0,5.96,1
gymnasium,6.2,4.1,5.09,1
gymnast,5.22,4.55,5.65,1
gymnastics,5.45,4.57,5.21,1
gynecologist,3.33,4.1,4.68,1
habit,5.2,4.55,5.67,1
habitat,5.85,3.06,5.62,1
habitual,4.2,3.33,5.32,1
hacienda,5.88,3.33,5.36,1
hack,3.95,5.48,4.08,1
hacker,4.5,5.24,3.74,1
hacksaw,3.86,4.55,4.84,1
hag,2.32,4.52,3.61,1
haggle,4.78,3.76,4.44,1
haiku,5.86,3.87,6.0,1
hail,4.81,3.83,4.44,1
hair,6.18,3.71,6.69,1
hairball,3.0,4.52,4.12,1
hairbrush,5.95,4.26,6.0,1
haircut,6.38,3.57,6.56,1
hairdo,5.37,4.35,5.82,1
hairdresser,5.71,3.91,4.71,1
hairdryer,5.52,2.61,6.23,1
hairless,4.45,5.2,4.96,1
hairline,4.37,3.0,3.91,1
hairpin,5.05,3.71,5.37,1
hairspray,5.21,2.65,6.74,1
hairstyle,6.16,3.36,6.12,1
hairy,3.8,3.5,5.22,1
half dollar,6.25,4.09,5.89,1
halfback,5.05,3.15,5.33,1
halftime,5.21,3.67,4.9,1
halibut,5.77,3.24,4.55,1
hall,5.89,2.57,4.22,1
hallmark,5.68,3.0,6.08,1
hallowed,5.45,3.45,4.95,1
hallucination,3.95,5.96,3.36,1
hallway,4.78,2.89,4.94,1
halo,6.63,3.27,5.39,1
halt,4.42,4.57,4.37,1
halter,4.33,3.26,5.22,1
ham,4.65,4.2,5.85,1
hamburger,6.93,4.2,5.35,1
hammer,5.17,4.56,5.59,1
hammerhead,4.63,4.43,4.11,1
hammock,6.95,2.9,5.22,1
hamper,5.15,3.14,5.19,1
hamster,5.88,4.0,5.72,1
hand,5.9,3.98,5.88,1
handbag,4.68,3.94,5.69,1
handball,5.43,3.23,5.26,1
handbook,5.3,3.36,5.85,1
handcuff,3.35,5.0,3.43,1
handful,5.45,3.83,5.73,1
handgun,4.95,6.78,5.04,1
handheld,6.26,3.61,6.14,1
handicap,2.855,3.7,3.495,1
handiwork,6.47,3.36,5.95,1
handkerchief,5.79,3.05,5.05,1
handle,5.73,3.48,6.0,1
handler,4.86,3.6,5.16,1
handmade,7.11,3.62,6.36,1
handout,3.85,3.75,4.96,1
handprint,5.63,4.24,5.45,1
handshake,6.21,4.32,6.5,1
handsome,7.15,4.41,6.22,1
handwriting,5.76,2.65,6.89,1
handy,6.19,3.62,6.16,1
handyman,6.23,4.09,6.11,1
hang,3.1,4.86,4.61,1
hangar,5.05,3.5,5.57,1
hanger,4.76,2.92,5.05,1
hangman,3.95,5.35,4.83,1
hangout,6.45,4.81,6.21,1
hangover,2.5,6.0,4.31,1
hankering,5.52,4.2,4.84,1
hanky,5.18,3.57,5.67,1
haphazard,3.28,4.67,3.7,1
hapless,3.63,4.1,4.61,1
happen,5.5,3.43,5.53,1
happiness,8.48,6.5,7.05,1
happy,8.47,6.05,7.21,1
harass,2.95,6.1,3.58,1
harassment,2.45,5.15,4.05,1
harbor,5.86,3.14,5.38,1
hard,4.35,4.5,4.96,1
hardball,5.1,4.81,5.86,1
hardcore,4.84,6.1,5.46,1
harden,4.404999999999999,3.925,5.404999999999999,1
hardheaded,3.58,4.38,4.25,1
hardship,2.8,5.1,3.61,1
hardware,6.11,4.41,5.32,1
hardwood,5.65,3.68,6.19,1
hardworking,6.58,3.81,6.89,1
hare,6.61,2.74,5.04,1
harebrained,4.05,4.28,4.58,1
harem,4.2,3.94,4.36,1
hark,4.65,3.1,5.05,1
harlot,4.58,5.6,4.25,1
harm,1.91,5.9,3.95,1
harmful,2.29,4.89,4.1,1
harmless,6.59,3.5,5.85,1
harmonica,6.32,3.2,5.7,1
harmonious,7.7,4.25,6.81,1
harmony,7.55,4.33,5.96,1
harness,4.47,3.89,4.53,1
harp,5.4,3.26,6.29,1
harpoon,4.16,4.67,5.59,1
harrowing,4.6,3.86,3.92,1
harsh,3.44,5.63,4.04,1
harvest,6.57,3.76,6.24,1
hash,3.95,4.45,4.95,1
hassle,2.95,3.83,4.83,1
haste,4.12,4.58,5.14,1
hasten,4.9,3.86,5.33,1
hasty,4.25,5.35,4.81,1
hat,5.69,2.88,6.21,1
hatch,5.26,4.9,5.09,1
hatchet,4.43,5.14,4.48,1
hate,1.96,6.26,4.47,1
hateful,1.9,5.71,4.32,1
hater,2.33,4.14,4.8,1
hatred,2.38,5.22,4.0,1
haughty,4.16,4.36,5.09,1
haul,4.95,3.18,5.6,1
haunt,4.05,4.87,4.39,1
haven,6.36,2.9,6.88,1
havoc,3.85,5.43,3.96,1
haw,4.35,3.72,4.71,1
hawk,6.46,4.83,5.5,1
hay,5.41,2.43,4.75,1
hayride,6.67,3.81,6.76,1
haystack,5.86,3.58,5.38,1
haywire,4.55,4.29,2.88,1
hazard,2.9,5.77,4.22,1
hazardous,2.8,5.25,4.36,1
haze,4.83,3.91,4.37,1
hazmat,3.62,5.54,4.21,1
hazy,3.79,2.73,3.79,1
head,5.86,4.45,5.56,1
headache,2.22,4.27,4.04,1
headband,5.16,3.33,5.81,1
header,5.33,3.33,5.46,1
headless,2.95,5.1,3.54,1
headlight,5.29,4.75,5.79,1
headline,5.0,4.14,4.0,1
headliner,5.8,4.11,5.09,1
headlock,3.6,4.39,4.18,1
headmaster,4.89,3.44,5.71,1
headphones,6.47,3.0,5.92,1
headquarter,5.14,3.81,5.46,1
headquarters,4.95,4.04,5.89,1
headset,5.37,4.1,5.7,1
headstone,2.45,4.18,3.6,1
headstrong,4.84,6.0,6.36,1
headway,5.2,3.95,5.88,1
heady,5.0,3.52,5.28,1
heal,7.52,3.995,5.695,1
healer,7.38,3.95,5.14,1
health,6.85,3.48,6.0,1
healthcare,4.76,4.56,4.0,1
healthy,7.76,4.19,7.0,1
heap,4.38,3.42,5.39,1
hear,6.68,3.62,6.71,1
hearsay,3.82,4.59,4.32,1
hearse,2.78,3.64,3.21,1
heart,6.95,5.07,5.43,1
heart disease,2.09,5.8,3.38,1
heartache,3.23,5.24,3.32,1
heartbeat,6.24,4.43,4.54,1
heartbreak,2.45,5.65,3.58,1
heartbreaker,3.76,4.45,5.0,1
heartbreaking,2.91,4.86,3.55,1
heartbroken,1.95,6.6,3.65,1
heartburn,2.9,4.0,4.25,1
hearted,6.0,4.5,6.7,1
heartfelt,6.7,3.83,5.93,1
hearth,5.86,3.61,4.86,1
heartland,6.0,4.32,5.88,1
heartless,2.8,4.82,5.22,1
hearty,7.25,3.71,6.4,1
heat,5.31,4.68,5.859999999999999,1
heater,6.57,3.26,4.81,1
heathen,3.71,4.2,4.32,1
heave,4.1,4.0,4.75,1
heaven,7.5,4.23,5.22,1
heavenly,7.89,4.95,6.75,1
heavy,4.78,3.65,3.61,1
heavy metal,4.61,4.86,5.35,1
heavyweight,4.37,3.83,5.53,1
heck,4.29,3.12,5.2,1
hectic,2.8,4.45,3.91,1
hedge,5.14,3.39,5.95,1
heed,4.77,4.44,4.95,1
heel,4.63,4.55,5.41,1
hefty,3.85,4.05,4.88,1
heifer,4.29,4.55,4.92,1
height,5.83,3.85,4.56,1
heightened,6.37,4.59,4.95,1
heinous,2.77,5.38,4.12,1
heir,6.29,4.0,5.61,1
heiress,5.68,4.6,5.42,1
heirloom,6.35,4.55,6.62,1
heist,4.16,6.4,4.46,1
helicopter,5.55,6.11,6.17,1
helipad,4.52,5.09,5.95,1
heliport,5.63,4.14,5.48,1
helium,6.35,3.57,5.46,1
helix,5.75,3.5,5.24,1
hell,2.55,6.26,3.47,1
hellfire,2.85,5.1,4.0,1
hellhole,2.1,6.33,3.46,1
hellish,2.67,4.48,4.72,1
helmet,5.26,3.71,5.52,1
helmsman,5.19,3.0,5.33,1
help,6.95,4.29,6.89,1
helper,6.71,3.22,6.6,1
helpful,7.43,3.88,6.79,1
helpless,2.24,4.91,3.0,1
hem,5.47,3.05,6.13,1
hematoma,3.11,4.62,3.25,1
hemisphere,5.33,3.32,5.37,1
hemlock,4.65,3.86,5.19,1
hemoglobin,5.32,3.09,4.72,1
hemorrhage,2.32,5.0,3.0,1
hemostat,4.65,3.92,4.32,1
hen,6.14,3.39,5.39,1
henhouse,4.6,3.91,5.05,1
hepatitis,2.33,3.83,4.05,1
herald,4.89,3.85,5.46,1
herb,6.404999999999999,3.61,5.365,1
herbal,6.14,3.87,5.25,1
herd,5.67,3.33,5.0,1
hereditary,5.25,4.05,4.0,1
heresy,4.47,4.7,4.3,1
heretic,3.55,5.36,5.04,1
heritage,6.86,3.77,4.35,1
hermit,4.1,3.88,5.62,1
hernia,2.48,5.42,2.95,1
hero,7.44,6.35,5.78,1
heroic,7.45,5.48,6.79,1
heroin,2.74,4.62,3.67,1
heroine,4.86,5.43,4.92,1
heroism,7.05,5.96,6.83,1
herpes,1.57,5.58,3.75,1
herring,4.9,3.35,5.18,1
hertz,5.0,3.5,5.76,1
hesitant,3.48,2.83,5.28,1
hesitate,4.0,3.96,4.59,1
hesitation,3.67,3.61,4.11,1
hetero,4.94,4.05,4.91,1
heterosexual,6.62,5.1,6.76,1
hex,2.47,4.77,4.42,1
hiatus,5.65,3.71,5.24,1
hibernation,6.05,3.55,5.29,1
hiccup,4.5,3.95,3.72,1
hick,3.67,4.24,5.05,1
hickey,5.14,5.04,4.5,1
hickory,5.9,2.95,4.95,1
hide,4.9,3.52,4.85,1
hideaway,5.76,3.57,5.65,1
hideous,3.14,4.95,3.92,1
hideout,4.55,4.67,5.48,1
hierarchy,4.95,4.11,3.84,1
hieroglyphics,6.14,3.33,4.75,1
high,5.77,4.1,5.76,1
high heels,6.11,5.2,6.17,1
highball,5.33,4.48,4.83,1
highland,5.9,4.95,5.5,1
highlight,6.58,3.8,6.25,1
highness,5.65,4.77,6.75,1
hightail,4.95,4.73,5.45,1
highway,5.19,4.28,5.14,1
hijack,1.84,6.1,3.06,1
hijacker,1.85,6.75,2.88,1
hike,6.68,4.32,5.69,1
hiking boot,5.19,3.78,5.96,1
hilarious,7.8,6.11,6.32,1
hill,5.41,3.15,6.95,1
hillside,6.27,4.28,5.52,1
hilltop,6.15,3.09,6.44,1
hilly,5.7,3.43,4.81,1
hilt,5.15,3.35,5.17,1
hind,4.7,2.71,4.42,1
hinder,3.9,3.43,4.68,1
hindsight,5.19,4.28,4.69,1
hinge,5.21,3.25,5.7,1
hint,6.05,4.75,6.05,1
hip,5.86,3.8,5.36,1
hip hop,4.84,4.5,5.33,1
hippie,4.6,3.91,6.24,1
hippo,5.68,5.09,5.47,1
hippopotamus,6.38,4.17,5.22,1
hire,7.09,5.65,6.42,1
hiss,3.65,4.29,3.32,1
historian,6.0,2.76,4.64,1
historic,6.2,4.12,4.82,1
historical,6.57,2.59,5.07,1
history,6.0,3.38,4.8,1
hit,3.95,5.48,5.15,1
hitch,5.29,4.22,4.89,1
hitchhike,4.74,5.05,4.57,1
hitchhiker,3.6,4.35,3.5,1
hitter,3.05,4.55,5.81,1
HIV,1.53,5.1,2.9,1
hive,4.0,4.28,5.71,1
hoard,3.7,4.82,5.24,1
hoarse,3.85,3.17,5.33,1
hoax,3.85,5.05,5.26,1
hobbit,6.28,4.25,5.0,1
hobby,6.67,3.05,6.81,1
hobo,3.94,4.5,4.4,1
hock,4.59,3.38,4.68,1
hockey,5.32,4.06,5.04,1
hoe,4.8,5.4,5.96,1
hog,4.55,2.9,4.68,1
hogwash,4.42,5.76,5.26,1
hoist,5.0,4.79,4.67,1
hokey,5.71,4.75,5.52,1
hold,6.05,4.86,5.67,1
holder,5.17,2.85,5.14,1
holdup,3.29,4.96,2.56,1
hole,5.28,2.95,3.72,1
holiday,7.18,4.93,6.37,1
holiness,5.18,3.48,5.0,1
holistic,6.33,3.0,4.89,1
holler,3.68,4.75,5.62,1
hollow,4.67,3.41,4.71,1
holly,6.67,4.3,4.97,1
hologram,6.22,4.23,4.64,1
holographic,6.33,4.23,5.11,1
holster,4.44,5.35,4.77,1
holy,6.06,3.37,4.78,1
homage,5.65,3.48,5.85,1
hombre,5.73,3.89,4.66,1
home,6.265000000000001,3.805,6.045,1
homeboy,5.67,3.5,5.4,1
homecoming,6.95,4.14,5.85,1
homeland,5.37,4.19,5.52,1
homeless,2.21,4.38,3.78,1
homely,4.7,3.45,4.79,1
homemade,7.38,4.08,6.75,1
homeowner,6.9,4.65,6.82,1
homeroom,4.67,3.88,6.16,1
homesick,3.0,4.05,4.64,1
homestead,5.84,3.45,5.95,1
hometown,6.8,3.52,5.59,1
homeward,6.37,4.24,5.96,1
homework,3.32,4.74,5.16,1
homey,5.68,3.41,6.3,1
homicidal,2.0,6.24,3.96,1
homicide,1.5,6.1,2.92,1
hominy,4.35,3.33,5.24,1
homo,3.11,3.36,3.78,1
homophobic,2.7,5.14,4.04,1
homosexual,4.65,3.67,4.36,1
homosexuality,5.11,4.05,4.0,1
honcho,5.0,3.05,5.27,1
hone,5.42,3.76,5.48,1
honest,8.16,4.0,6.7,1
honesty,7.43,3.32,6.81,1
honey,7.27,4.38,6.39,1
honeycomb,6.55,3.95,5.85,1
honeymoon,7.53,5.91,7.33,1
honk,4.95,3.96,5.47,1
honky,3.45,3.76,4.58,1
honor,6.9,4.63,6.9,1
honorable,7.68,4.78,6.58,1
honorary,6.42,3.9,6.55,1
hooch,4.19,4.36,4.68,1
hood,4.95,3.33,4.86,1
hoodlum,3.9,5.35,3.62,1
hoof,4.74,3.23,5.29,1
hook,4.0,4.0,5.68,1
hooker,3.42,4.91,4.36,1
hookup,5.78,4.81,4.77,1
hooky,4.4,4.24,4.56,1
hooligan,3.1,5.5,3.57,1
hoop,6.26,3.15,5.3,1
hoopla,5.23,5.19,5.33,1
hoot,6.0,4.91,5.32,1
hooter,4.7,3.96,5.0,1
hop,5.89,3.71,5.04,1
hope,7.48,5.29,6.78,1
hopeful,7.44,4.84,6.58,1
hopeless,2.2,4.52,2.84,1
horde,4.21,5.05,4.26,1
horizon,6.48,4.25,4.59,1
horizontal,5.86,4.25,4.45,1
hormonal,4.1,5.41,3.52,1
hormone,4.86,4.87,4.33,1
horn,5.0,4.22,5.68,1
horned,4.2,4.61,3.95,1
hornet,3.37,5.73,3.83,1
horny,6.84,6.28,4.53,1
horoscope,5.29,3.95,4.96,1
horrendous,2.58,5.81,3.68,1
horrible,2.33,5.95,5.16,1
horrid,2.68,6.0,3.67,1
horrific,2.2,6.0,4.15,1
horrifying,2.68,6.29,3.96,1
horror,3.38,6.13,3.49,1
horse,6.05,4.16,5.71,1
horseback,5.85,5.2,6.15,1
horseman,5.95,3.42,5.55,1
horsepower,5.57,4.52,6.0,1
horseradish,4.68,3.74,5.11,1
horseshit,2.95,4.17,5.0,1
horseshoe,4.91,4.15,6.04,1
horsey,5.52,4.48,5.08,1
hose,5.0,4.54,5.67,1
hospice,3.53,4.22,3.29,1
hospitable,7.0,3.62,6.24,1
hospital,3.52,5.07,3.93,1
hospitality,7.27,3.33,7.09,1
host,5.7,3.21,5.75,1
hostage,2.74,5.73,2.74,1
hostel,4.0,4.27,3.46,1
hostess,6.7,4.18,6.4,1
hostile,2.35,5.39,4.36,1
hostility,2.95,6.74,4.7,1
hot,5.73,4.76,5.0,1
hot sauce,6.32,5.04,5.83,1
hotdog,6.21,3.85,5.58,1
hotel,6.6,4.55,5.59,1
hothead,3.89,4.41,4.83,1
hotline,5.52,4.62,4.96,1
hotshot,4.38,3.83,5.39,1
hound,5.3,4.27,5.84,1
hour,5.05,3.38,6.25,1
hourglass,5.61,3.1,4.55,1
hourly,5.55,2.67,5.12,1
house,7.19,3.95,6.41,1
houseboat,6.15,5.75,5.69,1
houseboy,4.2,3.06,4.23,1
housebroken,5.65,4.23,6.55,1
houseguest,5.2,3.67,4.96,1
household,6.67,3.96,7.0,1
housekeeper,5.32,3.64,5.48,1
housekeeping,5.55,3.43,5.64,1
housewarming,6.26,4.23,6.13,1
housewife,5.42,3.73,5.86,1
housework,3.94,3.59,4.76,1
housing,5.85,2.73,6.12,1
hovel,3.82,3.69,4.83,1
hover,5.5,4.17,5.04,1
hovercraft,5.94,4.25,4.93,1
howl,5.29,5.6,5.28,1
hub,4.95,3.4,5.45,1
hubby,5.62,4.32,5.29,1
huckleberry,6.48,3.21,5.1,1
huddle,5.32,3.68,4.96,1
hue,6.26,3.4,4.56,1
huff,4.4,4.25,5.0,1
huffy,4.24,3.77,5.0,1
hug,8.23,4.85,6.8,1
huge,5.72,4.24,4.89,1
hugger,6.81,4.8,6.44,1
hulk,5.45,4.9,5.64,1
hull,5.05,2.67,4.91,1
human,6.45,3.62,5.71,1
humane,6.88,3.21,7.29,1
humanitarian,6.75,2.85,6.59,1
humanity,6.78,4.35,5.95,1
humankind,6.95,4.83,5.59,1
humanoid,4.52,3.89,4.59,1
humble,6.52,3.18,6.27,1
humbug,4.84,5.14,4.78,1
humdrum,4.24,2.64,3.81,1
humid,3.42,3.36,4.04,1
humidity,3.86,4.19,3.68,1
humiliate,2.38,5.275,3.405,1
humiliation,2.27,5.43,3.26,1
humility,5.65,3.95,5.6,1
hummer,5.81,3.71,5.71,1
hummingbird,6.74,4.68,5.3,1
humongous,4.91,5.39,5.12,1
humor,7.75,5.11,6.75,1
humorous,7.81,5.33,6.8,1
hump,4.75,5.16,3.77,1
humpback,5.1,3.64,4.16,1
hunch,5.38,4.64,5.85,1
hunchback,3.7,3.89,2.95,1
hunger,3.2,4.8,3.18,1
hungry,3.54,5.6,4.59,1
hunk,5.55,4.83,6.11,1
hunky,4.9,4.57,5.2,1
hunt,3.84,5.1,5.3,1
hunting,4.75,3.71,5.76,1
huntress,4.61,4.16,5.48,1
hurdle,4.3,4.05,4.21,1
hurl,3.32,4.43,5.11,1
hurricane,3.16,5.75,2.98,1
hurry,4.32,5.62,4.56,1
hurt,2.45,4.72,3.73,1
hurtful,3.09,5.41,3.3,1
husband,7.41,4.38,5.72,1
hushed,5.21,3.76,3.82,1
husk,5.0,3.14,5.56,1
husky,5.29,3.71,5.04,1
hussy,4.4,6.05,4.27,1
hustle,4.52,5.74,4.95,1
hustler,4.26,5.65,4.91,1
hut,5.1,2.91,5.7,1
hyacinth,6.0,4.4,5.62,1
hybrid,5.47,3.81,5.4,1
hydrant,6.26,3.5,5.81,1
hydrate,5.74,3.5,6.57,1
hydraulic,4.775,3.965,5.065,1
hydrogen,5.04,3.83,5.29,1
hydroponics,5.42,4.09,5.52,1
hyena,4.64,4.63,4.71,1
hygiene,6.38,4.63,7.0,1
hygienic,5.91,3.86,7.14,1
hygienist,5.95,3.7,5.26,1
hymen,4.9,5.35,5.55,1
hymn,6.14,2.73,5.7,1
hype,5.41,5.9,5.48,1
hyper,5.11,5.52,5.05,1
hyperactive,4.47,6.6,4.48,1
hyperspace,5.42,4.64,5.27,1
hypertension,2.84,4.59,2.58,1
hyperventilate,2.88,5.86,3.2,1
hypnosis,5.72,4.1,3.08,1
hypnotic,5.25,3.73,3.94,1
hypnotist,5.1,3.83,3.39,1
hypnotize,5.7,5.05,4.67,1
hypochondriac,2.89,5.29,3.75,1
hypocrisy,2.62,3.96,4.35,1
hypocrite,3.25,4.77,4.85,1
hypocritical,3.17,4.5,4.81,1
hypodermic,2.9,4.78,4.58,1
hypothalamus,5.3,4.04,4.46,1
hypothermia,2.57,5.78,3.12,1
hypothesis,5.78,3.29,5.6,1
hypothetical,4.94,4.43,5.71,1
hysterectomy,2.95,5.22,3.57,1
hysteria,3.79,5.59,3.46,1
hysterical,4.58,6.33,5.13,1
ibuprofen,5.75,3.83,4.91,1
ice,5.904999999999999,3.65,5.035,1
ice tea,6.58,3.25,6.13,1
iceberg,5.05,5.12,5.68,1
icebox,5.67,3.39,4.91,1
icebreaker,5.68,3.82,5.83,1
icing,6.05,4.32,6.09,1
icky,3.53,4.36,3.83,1
icon,6.05,3.04,5.65,1
icy,5.73,5.47,5.33,1
id,6.145,3.945,5.52,1
idea,7.05,4.66,6.11,1
ideal,6.63,3.78,6.33,1
idealism,5.95,4.67,6.55,1
idealist,6.55,4.19,6.11,1
idealistic,6.5,4.15,5.68,1
identical,5.3,4.4,5.35,1
identification,5.76,4.45,5.94,1
identify,6.0,4.16,6.14,1
identity,5.84,4.4,6.31,1
ideology,5.52,3.96,4.88,1
idiocy,3.1,4.16,3.95,1
idiot,3.03,4.85,4.2,1
idiotic,3.24,4.56,5.2,1
idle,4.29,4.1,4.9,1
idol,5.4,4.38,6.76,1
idyllic,6.11,4.1,5.05,1
iffy,3.81,4.5,5.21,1
ignite,4.7,5.86,5.84,1
ignition,5.81,4.33,5.88,1
ignorance,2.84,3.76,3.88,1
ignorant,3.24,4.18,4.07,1
ignore,3.33,3.8,4.83,1
iguana,5.23,4.33,4.46,1
illegal,2.53,5.55,4.72,1
illegitimate,2.79,4.0,4.15,1
illicit,2.68,4.77,3.5,1
illiterate,3.53,4.42,3.88,1
illness,1.95,5.11,3.02,1
illogical,3.5,4.78,3.36,1
illuminate,6.57,5.5600000000000005,6.155,1
illumination,6.84,4.0,6.18,1
illusion,5.16,4.5,3.73,1
illustrate,6.24,3.78,5.73,1
illustration,6.37,4.0,6.26,1
illustrious,6.21,4.09,5.61,1
image,5.58,3.48,6.04,1
imagery,6.86,4.55,5.55,1
imaginable,6.85,3.0,6.19,1
imaginary,6.22,3.8,6.0,1
imagination,7.22,4.41,6.55,1
imaginative,6.65,5.18,7.05,1
imagine,7.2,4.46,6.92,1
imaging,5.95,4.9,5.61,1
imbalance,3.9,4.58,3.86,1
imbecile,3.0,5.17,3.12,1
imitate,5.44,3.95,5.04,1
imitation,4.54,4.46,4.5,1
immaculate,6.53,4.85,7.35,1
immaterial,4.68,3.08,5.21,1
immature,3.17,4.21,4.19,1
immediate,5.85,4.64,5.84,1
immense,5.48,5.85,4.62,1
immigrant,5.43,5.05,4.1,1
immigration,4.0,4.22,3.5,1
imminent,5.25,3.45,3.55,1
immobile,2.89,4.38,3.63,1
immoral,2.79,5.42,4.15,1
immorality,4.32,5.81,4.0,1
immortal,6.24,5.3,4.94,1
immortality,5.42,4.9,5.45,1
immune,6.38,4.5,6.17,1
immunity,6.14,3.67,5.47,1
impact,5.76,5.85,5.25,1
impair,3.26,3.9,4.12,1
impart,5.63,3.76,5.13,1
impartial,5.22,3.89,5.0,1
impatience,3.63,4.22,4.29,1
impatient,3.53,4.61,3.95,1
impeach,3.45,5.74,5.71,1
impeachment,3.08,4.16,4.46,1
impeccable,5.9,4.88,6.18,1
impede,3.95,4.7,4.58,1
impediment,4.5,4.85,4.56,1
impending,3.68,4.55,3.8,1
impenetrable,4.95,4.61,4.19,1
imperative,5.21,3.67,4.65,1
imperfect,4.1,5.05,4.48,1
imperial,4.5,4.67,4.79,1
imperialist,4.29,4.17,4.55,1
impersonal,3.85,4.21,4.79,1
impersonate,4.73,4.12,5.96,1
impersonation,5.5,4.39,5.14,1
impersonator,4.21,3.95,3.86,1
impertinence,4.37,3.35,5.6,1
impertinent,4.24,3.88,4.63,1
impervious,5.21,4.36,4.58,1
impetuous,4.55,4.39,4.77,1
implant,4.39,4.15,4.08,1
implement,5.05,3.82,6.95,1
implicate,4.48,4.35,4.38,1
implication,4.77,3.71,4.82,1
implore,4.47,4.57,4.61,1
implosion,3.32,5.82,3.46,1
imply,4.79,4.0,4.74,1
impolite,3.1,5.25,3.95,1
import,5.28,3.95,5.58,1
importance,6.39,4.15,5.8,1
important,6.82,4.71,6.39,1
impose,3.86,4.89,5.38,1
imposition,3.35,3.76,3.88,1
impossibility,3.67,3.83,3.67,1
impossible,3.5,4.52,3.5,1
impostor,3.47,4.6,4.35,1
impotence,3.1,4.61,3.77,1
impotent,2.95,3.71,3.95,1
impound,2.68,4.23,3.08,1
impoverished,2.43,4.64,3.3,1
impractical,3.77,4.53,4.43,1
impregnable,4.68,3.95,5.61,1
impregnate,4.5,6.21,5.08,1
impress,6.455,4.86,6.5,1
impression,6.0,3.86,5.43,1
impressionable,5.4,4.0,5.19,1
impressive,7.05,4.1,6.08,1
imprint,5.24,2.43,5.32,1
imprison,2.48,4.7,3.42,1
imprisonment,3.1,5.14,2.93,1
improbable,4.05,3.95,4.78,1
impromptu,5.81,4.45,5.05,1
improper,3.55,4.8,4.59,1
impropriety,3.84,3.27,3.68,1
improve,6.14,4.61,6.04,1
improvement,6.53,4.95,6.6,1
improvisation,5.52,4.62,6.25,1
improvise,5.78,4.15,5.88,1
impudence,4.85,3.95,4.59,1
impudent,4.58,3.8,4.35,1
impulse,5.16,5.33,4.74,1
impulsive,4.67,6.0,3.72,1
impure,3.68,4.38,5.3,1
inability,3.0,3.5,3.4,1
inaccessible,3.82,4.05,3.41,1
inaccurate,3.35,3.95,3.71,1
inactive,4.24,3.05,5.04,1
inadequate,2.57,4.3,3.71,1
inadmissible,3.57,4.19,3.21,1
inalienable,6.1,4.4,4.4,1
inane,4.32,3.3,5.0,1
inanimate,4.55,3.05,4.73,1
inappropriate,3.7,4.95,4.35,1
inaudible,3.61,3.33,4.26,1
inaugural,5.0,3.78,5.14,1
inbound,5.11,4.05,5.95,1
inbred,3.25,3.57,3.92,1
incantation,4.63,3.6,4.52,1
incapable,3.55,3.9,2.59,1
incarceration,2.05,5.26,3.39,1
incarnate,4.62,4.7,4.83,1
incense,5.79,3.95,4.45,1
incentive,7.05,4.61,6.7,1
inception,5.68,5.73,4.59,1
incessant,3.21,4.71,3.55,1
incest,2.16,4.36,3.53,1
inch,5.4,3.29,4.46,1
incident,4.2,5.65,5.05,1
incidental,5.19,3.27,5.5,1
incinerator,3.2,5.67,4.18,1
incision,2.95,4.9,4.05,1
incite,4.76,4.77,5.67,1
inclination,4.89,4.1,5.1,1
inclined,4.95,3.79,5.37,1
include,6.39,3.05,5.84,1
incoherent,3.81,2.96,4.05,1
income,5.94,3.985,5.585,1
incomparable,4.71,3.0,4.18,1
incompatible,3.2,3.61,3.46,1
incompetence,2.26,5.17,3.09,1
incompetent,2.77,4.5,2.81,1
incomplete,3.55,4.12,3.96,1
incomprehensible,3.48,5.0,3.72,1
inconceivable,5.05,4.41,4.47,1
inconclusive,3.79,4.05,4.2,1
inconsequential,3.74,3.15,4.4,1
inconsiderate,2.58,5.05,4.41,1
inconsistent,3.32,3.2,4.3,1
inconspicuous,5.05,3.55,5.67,1
inconvenience,3.05,6.26,3.6,1
inconvenient,2.73,4.83,3.79,1
incorporate,5.37,2.71,5.26,1
incorrect,3.09,3.62,4.62,1
incorrigible,4.0,4.78,4.12,1
increase,5.9,5.06,6.09,1
incredible,7.59,6.35,7.74,1
incriminate,2.92,5.609999999999999,3.625,1
incubation,4.45,3.14,4.73,1
incubator,3.9,3.33,5.35,1
incumbent,4.05,3.19,4.21,1
incur,4.8,4.0,5.04,1
incurable,1.9,4.9,2.8,1
indebted,3.21,4.25,3.2,1
indecent,4.52,5.4,4.43,1
indecision,3.85,4.1,4.0,1
indecisive,3.52,4.81,3.62,1
indefinite,4.55,4.8,4.23,1
independence,7.53,5.27,7.1,1
independent,6.86,6.75,7.36,1
indescribable,5.05,5.7,5.21,1
indestructible,5.95,4.32,5.63,1
indicate,5.05,3.32,5.75,1
indication,5.0,3.83,6.06,1
indicative,4.71,3.71,4.91,1
indicator,5.47,2.86,5.04,1
indict,3.67,3.76,4.78,1
indictment,3.89,5.25,4.17,1
indie,5.57,4.1,5.84,1
indifference,4.35,3.61,5.64,1
indifferent,4.28,3.19,4.85,1
indigenous,4.75,4.22,4.96,1
indigent,4.7,4.19,4.61,1
indigestion,2.48,3.3,3.59,1
indignant,3.32,4.5,5.61,1
indignation,4.33,4.05,5.0,1
indignity,3.37,4.65,4.5,1
indirect,3.58,3.77,4.41,1
indiscreet,3.84,4.38,4.4,1
indiscretion,4.11,4.22,3.29,1
indispensable,6.37,4.15,5.75,1
indisposed,4.52,4.6,4.31,1
indistinct,4.32,4.39,4.21,1
individual,6.17,3.47,6.86,1
individuality,6.95,5.67,7.25,1
indivisible,5.38,4.1,4.95,1
indoor,6.29,2.86,6.54,1
induce,5.0,3.17,3.73,1
induction,5.32,4.09,4.91,1
indulge,6.33,5.2,5.5,1
indulgence,5.74,5.29,4.91,1
indulgent,4.86,4.68,5.85,1
industrial,4.65,4.72,5.08,1
industrialist,4.37,4.77,5.48,1
industry,5.07,4.25,4.65,1
ineffective,3.11,3.75,3.55,1
ineffectual,3.79,3.5,4.21,1
inefficient,4.05,3.96,5.6,1
inept,4.1,4.2,4.23,1
inertia,5.35,5.32,4.05,1
inevitable,4.1,4.27,3.15,1
inexcusable,3.68,3.59,3.82,1
inexpensive,7.63,4.74,5.72,1
inexperienced,3.5,3.67,3.64,1
inexplicable,4.55,5.0,4.43,1
infallible,5.86,3.79,5.3,1
infamous,4.86,4.32,5.04,1
infamy,4.36,5.05,4.65,1
infant,6.65,4.1,5.26,1
infantile,4.3,3.6,3.77,1
infantry,3.7,4.05,4.67,1
infatuated,6.0,6.0,4.8,1
infatuation,5.74,5.77,4.59,1
infect,2.84,4.0,3.7,1
infection,2.0,4.95,3.8,1
infectious,2.63,5.14,3.19,1
infer,4.79,3.82,4.95,1
inferior,3.43,4.55,3.35,1
inferiority,3.09,3.47,3.33,1
infernal,4.14,6.3,4.61,1
inferno,3.24,6.14,3.32,1
infertility,3.0,4.8,2.62,1
infestation,2.3,5.83,2.75,1
infidel,3.9,4.52,5.0,1
infidelity,2.1,5.7,3.86,1
infield,4.75,3.87,5.52,1
infiltrate,4.41,5.13,5.11,1
infiltration,3.7,4.78,4.33,1
infinite,6.05,4.6,5.16,1
infinity,6.74,4.0,5.65,1
infirmary,3.52,4.13,4.25,1
inflammation,2.76,4.46,2.64,1
inflammatory,3.0,4.67,4.17,1
inflatable,4.79,2.8,5.55,1
inflate,4.715,3.425,4.875,1
inflation,2.91,4.5,4.0,1
inflict,3.35,3.71,4.6,1
influence,5.53,4.3,5.96,1
influential,5.94,4.33,6.52,1
influenza,2.86,4.91,2.76,1
info,5.95,3.72,5.06,1
infomercial,3.52,4.35,4.67,1
inform,5.18,3.33,6.4,1
informal,5.05,3.24,5.58,1
informant,4.5,4.3,4.79,1
information,6.33,2.3,5.39,1
informative,5.94,3.89,6.47,1
informer,4.25,4.81,5.71,1
infraction,3.86,5.05,4.1,1
infrared,4.39,4.41,5.25,1
infrastructure,5.14,4.16,5.33,1
infuriating,2.63,5.9,4.48,1
infuser,5.05,4.2,3.62,1
ingenious,5.61,5.45,6.6,1
ingenuity,6.52,4.39,5.92,1
ingest,5.0,3.56,6.26,1
ingrate,3.5,4.47,3.38,1
ingredient,5.86,2.45,5.85,1
inhabit,5.38,3.65,5.45,1
inhabitant,5.11,3.57,5.69,1
inhalation,5.25,3.33,4.72,1
inhale,5.36,4.43,5.89,1
inhaler,4.43,3.46,5.05,1
inherent,5.95,3.71,5.68,1
inherit,7.11,4.35,4.76,1
inheritance,6.8,5.0,5.04,1
inhibition,3.95,4.29,4.48,1
inhibitor,4.43,5.45,4.43,1
inhospitable,2.65,4.36,3.35,1
inhuman,3.18,5.24,3.64,1
inhumane,3.1,5.43,3.36,1
iniquity,4.25,3.38,4.92,1
initial,5.38,4.09,5.27,1
initiate,6.1,3.52,6.67,1
initiation,5.09,4.29,4.68,1
initiative,6.68,4.09,6.67,1
inject,3.32,4.14,4.74,1
injection,2.89,5.67,3.5,1
injunction,4.18,4.26,4.19,1
injure,3.74,5.9,4.22,1
injury,2.32,5.56,3.6,1
injustice,2.45,6.45,3.27,1
ink,5.65,3.73,6.32,1
inkling,5.63,3.9,4.71,1
inlet,5.57,2.75,4.75,1
inmate,2.67,4.73,3.0,1
inn,5.71,3.26,5.52,1
innards,3.11,3.29,4.17,1
innate,5.14,2.95,5.07,1
inner,5.11,3.5,5.71,1
innermost,5.25,3.57,6.24,1
inning,5.14,3.4,5.79,1
innkeeper,5.06,3.05,5.5,1
innocence,6.73,3.65,6.38,1
innocent,6.55,4.4,5.92,1
innocuous,5.28,3.7,4.78,1
innovation,6.95,6.42,6.38,1
innovative,6.38,4.17,6.55,1
innuendo,4.65,4.68,5.63,1
inoperable,2.5,5.05,3.23,1
input,5.05,3.0,6.17,1
inquest,3.77,3.71,5.81,1
inquire,5.32,3.73,6.25,1
inquiry,5.09,3.67,5.76,1
inquisitive,6.0,5.33,5.85,1
inquisitor,4.0,5.14,4.04,1
insane,2.55,5.14,3.74,1
insanity,2.7,7.79,4.12,1
insatiable,4.26,5.48,2.95,1
inscription,6.14,4.85,5.06,1
inscrutable,4.1,4.33,4.96,1
insect,4.43,4.67,4.79,1
insecticide,3.86,5.09,4.47,1
insecure,2.3,4.57,3.62,1
insecurity,2.24,4.81,3.56,1
insemination,3.65,4.68,5.07,1
insensitive,3.55,4.32,4.48,1
inseparable,5.67,4.32,4.9,1
insert,5.1,3.68,5.85,1
insertion,4.47,5.05,5.18,1
insider,4.5,4.39,5.63,1
insidious,3.55,4.68,3.58,1
insight,6.76,3.96,6.3,1
insightful,5.43,4.27,6.85,1
insignia,5.57,2.83,5.44,1
insignificant,3.64,3.7,4.64,1
insinuate,4.09,5.22,5.84,1
insipid,4.16,2.9,4.29,1
insist,4.42,4.55,6.35,1
insistence,5.0,5.63,5.33,1
insistent,4.75,3.91,5.54,1
insolence,3.5,3.83,5.22,1
insolent,2.74,5.43,4.12,1
insomnia,2.67,4.91,2.92,1
inspect,5.26,4.05,4.78,1
inspection,4.32,4.05,4.48,1
inspector,4.33,3.61,5.89,1
inspiration,6.53,4.77,6.0,1
inspirational,6.95,4.0,6.08,1
inspire,7.154999999999999,5.73,7.205,1
instability,2.75,4.89,3.27,1
install,5.95,3.72,6.68,1
installation,5.06,3.42,5.75,1
installment,4.42,4.43,5.54,1
instant,5.84,4.33,6.22,1
instantaneous,5.16,4.72,5.96,1
instinct,5.67,4.44,6.26,1
instinctive,5.81,4.04,5.88,1
institute,4.95,3.5,5.11,1
institution,4.0,4.09,4.74,1
instruct,5.81,4.25,6.23,1
instruction,5.22,2.62,5.65,1
instructive,6.26,4.05,5.96,1
instructor,6.15,5.05,5.81,1
instrument,6.68,3.88,6.35,1
instrumental,6.76,3.92,6.68,1
insubordination,3.47,6.29,4.04,1
insufferable,3.85,3.65,3.38,1
insufficient,3.24,3.57,3.38,1
insulation,5.37,3.71,5.56,1
insulin,4.52,4.92,3.81,1
insult,2.255,5.0,4.220000000000001,1
insurance,3.76,3.8,5.84,1
insure,5.67,3.76,5.72,1
intact,6.0,3.18,7.3,1
intake,5.53,4.0,6.35,1
intangible,5.7,3.19,4.28,1
integral,5.19,3.65,6.11,1
integrate,5.78,3.37,5.08,1
integration,5.29,4.38,5.88,1
integrity,6.11,3.36,6.96,1
intellect,6.62,4.41,6.69,1
intellectual,7.65,4.53,6.56,1
intelligence,7.65,6.32,6.72,1
intelligent,7.6,5.67,6.77,1
intend,5.75,3.39,6.18,1
intense,5.65,6.6,5.57,1
intensity,5.19,7.05,5.34,1
intensive,4.25,4.38,5.9,1
intent,5.86,4.32,6.25,1
intention,5.58,3.91,6.81,1
intentional,5.37,3.89,6.0,1
interact,6.0,3.78,5.46,1
interaction,5.62,4.35,5.06,1
interactive,5.89,4.28,5.29,1
intercede,5.24,4.04,5.38,1
intercept,4.64,4.59,5.1,1
interception,5.41,4.23,4.5,1
interchangeable,5.37,3.77,5.75,1
intercom,5.26,2.86,5.52,1
intercourse,7.22,6.5,6.0,1
interest,6.720000000000001,4.73,6.57,1
interested,6.83,4.45,6.83,1
interface,5.32,3.35,6.15,1
interfere,3.94,4.33,4.71,1
interference,4.71,3.84,4.11,1
intergalactic,6.32,5.91,4.37,1
interim,4.68,3.68,5.4,1
interior,5.79,3.86,5.54,1
interject,4.29,3.52,5.18,1
interlude,5.47,3.96,4.79,1
intermediate,5.05,3.28,4.94,1
intermission,5.2,5.0,5.38,1
intermittent,4.65,3.6,4.77,1
intern,5.14,3.62,5.55,1
internal,5.18,3.67,6.25,1
international,5.65,3.95,5.33,1
internet,6.68,5.44,6.24,1
internship,5.9,6.25,5.11,1
interoffice,4.32,3.67,4.59,1
interpret,5.2,4.43,5.24,1
interpretation,5.6,4.21,5.43,1
interpreter,5.8,3.14,5.74,1
interpretive,5.16,2.9,6.3,1
interrogate,2.76,4.8,4.64,1
interrogation,2.21,5.41,2.92,1
interrupt,3.26,4.36,3.93,1
interruption,3.81,3.88,4.25,1
intersection,4.58,4.45,4.42,1
interstate,5.0,4.38,4.91,1
interstellar,5.95,4.95,5.33,1
interval,5.05,3.43,5.7,1
intervene,5.21,4.48,5.82,1
intervention,4.14,4.74,4.57,1
interview,4.68,6.35,6.84,1
interviewer,5.0,4.52,4.75,1
intestinal,3.3,3.82,4.47,1
intestine,3.37,4.5,4.21,1
intimacy,7.0,6.0,6.59,1
intimate,7.22,6.02,6.29,1
intimidate,2.92,4.8,4.875,1
intimidation,3.79,4.67,3.25,1
intolerable,3.14,5.41,4.15,1
intolerance,2.95,5.35,3.87,1
intolerant,3.43,4.05,4.74,1
intoxicating,5.58,5.81,2.82,1
intracranial,4.62,4.45,4.57,1
intravenous,4.29,4.09,4.59,1
intrepid,5.37,3.95,5.5,1
intricate,5.11,4.48,5.13,1
intrigue,6.05,5.18,6.21,1
intriguing,6.53,5.44,5.53,1
intro,5.15,4.48,5.84,1
introduce,5.91,4.55,6.84,1
introduction,5.81,3.9,5.36,1
intrude,3.1,5.2,3.92,1
intruder,2.46,5.66,3.18,1
intrusion,3.37,4.9,2.75,1
intrusive,3.05,5.77,4.47,1
intubation,4.1,4.04,4.32,1
intuition,6.42,4.81,5.84,1
intuitive,6.0,4.28,6.29,1
invade,3.32,6.0,4.31,1
invader,2.23,5.67,3.5,1
invalid,3.52,3.7,5.1,1
invaluable,5.6,5.21,5.14,1
invasion,2.45,6.59,3.0,1
invasive,3.1,6.28,3.23,1
invent,6.64,6.16,6.9,1
invention,6.4,4.24,6.67,1
inventive,6.29,4.22,6.39,1
inventor,6.21,4.62,5.15,1
inventory,4.95,3.58,5.48,1
inverted,4.91,3.85,5.58,1
invest,6.16,3.95,5.94,1
investigate,5.68,4.09,5.43,1
investigation,4.36,5.7,6.11,1
investigative,5.5,5.8,5.69,1
investigator,4.95,4.35,4.79,1
investment,5.14,4.73,5.19,1
investor,5.42,3.39,5.76,1
invincible,6.32,5.3,6.6,1
invisibility,5.32,4.32,5.1,1
invisible,5.0,3.95,4.27,1
invitation,7.05,4.94,6.43,1
invite,5.68,5.1,6.95,1
invoice,4.6,3.68,5.7,1
invoke,5.05,4.85,5.54,1
involuntary,4.05,3.75,4.13,1
involve,5.44,3.6,5.28,1
involvement,5.81,2.95,6.41,1
invulnerable,6.05,3.85,5.36,1
iodine,4.9,4.21,4.86,1
ion,5.1,4.19,5.16,1
iota,5.16,2.76,4.55,1
irate,2.9,4.71,3.6,1
iris,6.85,4.2,6.24,1
iron,5.03,3.24,5.51,1
ironclad,5.14,3.77,6.09,1
ironic,5.42,4.39,4.46,1
irony,5.19,4.09,5.28,1
irrational,3.5,5.12,3.46,1
irregular,4.05,4.86,4.93,1
irregularity,4.26,3.94,3.44,1
irrelevant,3.35,3.71,4.68,1
irreparable,4.05,5.05,3.5,1
irreplaceable,5.59,4.62,3.95,1
irresistible,6.58,5.71,4.68,1
irresponsible,2.5,5.0,3.91,1
irreversible,3.61,4.09,3.11,1
irrigate,5.23,3.77,5.6,1
irrigation,3.82,4.65,6.05,1
irritable,2.85,6.37,4.23,1
irritate,2.91,5.38,4.08,1
irritation,3.38,5.5,4.35,1
island,7.18,4.25,5.58,1
isle,6.05,3.24,4.7,1
isolate,4.35,4.6,4.38,1
isolation,3.77,3.0,4.52,1
isotope,5.35,2.73,5.19,1
issue,3.95,4.55,5.47,1
itch,3.11,5.0,3.86,1
itchy,2.53,4.9,3.0,1
item,5.29,2.9,5.5,1
itinerary,6.1,3.27,5.32,1
ivory,5.2,2.33,5.17,1
jab,3.81,4.85,5.42,1
jabber,4.38,3.78,4.95,1
Jack Daniels,5.38,4.78,5.59,1
jackal,4.65,4.58,4.57,1
jackass,4.05,6.57,4.59,1
jacket,5.86,3.35,6.89,1
jackhammer,3.9,4.7,4.76,1
jackpot,7.1,5.62,4.35,1
jackrabbit,5.95,3.61,4.36,1
jade,6.25,3.43,5.37,1
jaded,3.62,3.79,5.65,1
jagged,3.95,6.05,4.48,1
jaguar,5.63,5.55,5.1,1
jail,1.91,4.47,3.91,1
jailbird,2.38,4.48,3.18,1
jailbreak,3.5,5.6,5.27,1
jailer,2.61,4.95,3.79,1
jailhouse,2.57,4.5,2.89,1
jalopy,5.15,3.94,4.12,1
jam,5.81,3.95,5.89,1
jamboree,6.14,5.28,5.5,1
jammer,5.19,4.22,5.1,1
janitor,4.86,2.3,5.36,1
janitorial,4.87,3.86,5.35,1
jar,5.71,2.77,5.26,1
jargon,4.85,3.95,5.25,1
jarhead,4.16,4.41,4.14,1
jasmine,6.74,3.7,5.75,1
java,5.9,5.05,6.16,1
javelin,5.24,3.89,5.71,1
jaw,4.415,5.0,5.26,1
jawbone,4.63,4.19,5.65,1
jazz,6.57,6.05,6.42,1
jazzy,6.81,4.74,5.42,1
jealous,2.38,5.9,4.68,1
jealousy,2.58,5.45,3.89,1
jean,5.76,3.18,5.725,1
jeep,5.53,4.05,5.0,1
jeering,2.52,5.57,4.32,1
jelly,5.9,3.63,5.68,1
jellybean,6.4,4.77,6.14,1
jellyfish,4.9,3.73,4.0,1
jeopardize,3.1,6.15,3.65,1
jeopardy,3.84,4.23,4.32,1
jerk,2.43,6.45,4.84,1
jerky,4.74,4.0,4.21,1
jest,6.2,4.21,5.64,1
jester,4.53,4.75,5.35,1
jet,6.74,5.26,5.44,1
jewel,6.68,3.83,5.1,1
jeweler,5.95,3.73,5.73,1
jewelry,7.0,3.38,6.19,1
jib,5.53,4.57,4.83,1
jiff,5.21,4.17,4.68,1
jiffy,6.09,4.89,6.05,1
jig,4.95,4.95,5.33,1
jiggle,6.15,5.22,4.88,1
jigsaw,5.05,4.0,6.57,1
jihad,2.32,5.35,3.08,1
jingle,5.16,4.33,5.81,1
jinx,3.59,4.95,4.16,1
jittery,3.35,4.89,3.5,1
jive,6.32,5.68,5.29,1
job,5.64,4.0,4.44,1
jockey,4.95,4.84,5.62,1
jockstrap,3.5,4.33,4.58,1
jog,5.81,3.43,6.35,1
jogger,5.11,3.5,5.94,1
join,5.83,3.9,4.94,1
joint,5.32,4.5,6.16,1
joke,7.88,5.73,5.79,1
joker,5.67,4.21,5.05,1
jolly,7.47,5.95,7.4,1
jolt,4.43,6.63,4.76,1
jot,4.79,4.0,5.77,1
jour,5.74,2.95,5.45,1
journal,5.91,3.23,6.31,1
journalism,4.95,4.22,5.67,1
journalist,5.3,3.86,6.15,1
journalistic,5.55,3.2,6.45,1
journey,6.65,4.89,6.77,1
joust,4.9,5.61,5.11,1
joy,8.21,5.55,7.0,1
joyful,8.21,5.53,7.05,1
joyous,7.45,6.62,6.25,1
joyride,6.1,3.71,5.93,1
jubilee,7.05,5.2,6.35,1
judge,3.89,4.5,3.78,1
judgment,4.65,4.27,5.54,1
judgmental,3.0,5.05,3.79,1
judicial,4.0,4.59,4.9,1
judo,5.79,4.5,6.17,1
jug,5.45,3.73,5.45,1
juggle,5.84,5.14,4.7,1
juggler,6.3,4.05,5.23,1
jugular,5.2,4.56,4.84,1
juice,6.9,4.6,5.74,1
juicer,5.84,4.44,5.35,1
juicy,7.05,4.7,5.48,1
juju,4.73,4.12,5.21,1
juke,5.0,3.3,4.92,1
jukebox,6.76,4.9,5.67,1
jumbo,4.9,4.24,4.92,1
jump,6.44,5.14,5.72,1
jump rope,5.74,4.7,5.54,1
jumper,4.55,3.76,5.0,1
jumpsuit,5.1,3.62,5.7,1
jumpy,4.8,5.45,4.47,1
junction,5.21,3.86,6.36,1
juncture,5.25,4.08,5.79,1
jungle,5.7,4.06,4.5,1
junior,5.36,4.15,6.26,1
juniper,6.33,3.27,5.3,1
junk,3.57,3.95,4.86,1
junket,4.22,3.5,5.35,1
junkie,2.5,4.62,3.82,1
junky,3.05,4.3,4.86,1
junkyard,4.05,3.95,4.82,1
jurisdiction,4.68,3.95,4.33,1
juror,4.65,4.5,5.08,1
jury,4.23,5.2,5.21,1
justice,6.8,5.4,6.31,1
justifiable,6.1,3.58,5.84,1
justification,5.68,4.09,6.48,1
justify,6.17,3.2,6.04,1
juvenile,3.74,3.85,4.12,1
kale,5.79,3.29,5.5,1
kamikaze,3.58,4.68,3.87,1
kangaroo,6.45,4.27,5.37,1
kappa,5.65,2.79,4.59,1
kaput,3.95,4.45,4.52,1
karaoke,6.29,5.0,6.17,1
karate,6.26,4.6,6.74,1
karma,6.28,4.18,3.29,1
karmic,5.63,4.22,4.19,1
kayak,5.68,3.77,5.43,1
kazoo,5.76,5.05,5.1,1
kebab,5.95,3.65,5.23,1
keel,4.64,4.15,5.74,1
keen,6.72,3.21,5.52,1
keeper,5.89,3.81,4.83,1
keepsake,6.73,4.43,5.95,1
keg,5.65,4.52,6.33,1
kelp,5.0,3.46,5.18,1
kennel,4.64,3.67,5.73,1
kerchief,5.31,2.95,5.1,1
kernel,5.23,3.87,5.53,1
kerosene,3.86,4.0,5.34,1
ketchup,6.03,3.85,5.48,1
kettle,5.67,3.1,5.68,1
key,6.22,3.9,6.75,1
keyboard,5.17,3.59,5.13,1
keyhole,5.39,3.96,5.74,1
keynote,5.67,3.1,5.84,1
keypad,5.65,3.0,6.0,1
keyword,5.6,3.67,5.73,1
khaki,5.05,2.64,6.08,1
kibble,5.5,3.7,5.46,1
kick,4.55,5.1,5.1,1
kickboxing,5.33,4.45,5.18,1
kicker,5.11,4.85,5.53,1
kickoff,4.95,5.0,6.11,1
kid,6.855,5.2,4.98,1
kidder,6.38,3.25,5.09,1
kiddo,5.65,4.68,5.26,1
kidnap,2.19,5.59,2.37,1
kidnapper,1.77,6.52,3.33,1
kidnapping,2.05,5.36,2.47,1
kidney,4.9,3.95,5.44,1
kill,1.88,6.164999999999999,4.04,1
killer,1.74,7.05,4.43,1
killjoy,3.84,4.14,4.05,1
kilo,4.29,3.26,5.19,1
kilometer,5.52,4.1,4.81,1
kilt,5.12,4.74,4.81,1
kimono,5.9,3.77,5.08,1
kin,5.85,3.0,5.05,1
kind,7.78,3.19,7.62,1
kindergarten,6.62,3.09,6.17,1
kindling,5.45,4.05,5.85,1
kindness,7.65,3.96,6.95,1
kindred,6.47,3.23,5.46,1
kinesiology,4.9,3.89,5.14,1
kinetic,5.11,4.95,5.29,1
king,6.0,4.45,5.53,1
king snake,3.26,6.64,3.8,1
kingdom,6.74,4.2,6.75,1
kingpin,4.37,5.14,5.17,1
kink,5.29,4.8,4.82,1
kinky,5.71,5.52,5.33,1
kinship,7.53,4.65,6.26,1
kiosk,5.0,3.35,5.1,1
kiss,7.78,6.05,6.52,1
kisser,7.33,5.85,5.38,1
kissy,7.06,5.32,5.2,1
kit,6.1,3.68,6.29,1
kitchen,6.17,3.52,5.89,1
kite,6.9,4.2,6.24,1
kitten,7.58,3.19,6.67,1
kiwi,6.11,3.65,5.5,1
klutz,3.81,4.08,4.21,1
knack,5.68,3.77,5.71,1
knapsack,5.3,3.86,5.5,1
knee,4.7,4.25,5.38,1
kneecap,4.55,3.74,5.46,1
kneel,4.0,3.18,4.88,1
knick,5.0,3.45,4.84,1
knickers,5.74,3.7,4.09,1
knife,4.33,4.86,5.29,1
knighthood,6.2,4.86,5.81,1
knit,5.85,3.35,6.44,1
knob,5.21,3.05,5.35,1
knock,5.44,3.95,5.11,1
knockoff,3.55,4.22,4.68,1
knockout,4.95,5.91,4.11,1
knoll,5.09,3.68,5.55,1
knot,4.57,3.84,6.04,1
know,6.82,3.24,5.78,1
knowledge,7.28,4.86,7.2,1
knowledgeable,7.95,4.65,7.19,1
knuckle,4.68,4.32,4.95,1
knucklehead,3.79,4.82,4.64,1
koala,6.65,3.73,6.62,1
kook,4.5,3.38,4.78,1
kooky,6.42,5.67,5.3,1
kool-aid,6.6,4.09,5.22,1
kosher,4.68,3.06,6.12,1
kraut,4.72,3.55,4.6,1
kryptonite,5.21,5.86,4.96,1
kudos,6.95,4.27,6.95,1
kumquat,6.1,2.75,4.59,1
lab,4.57,4.35,6.68,1
label,4.79,3.38,5.48,1
labor,4.74,5.23,5.41,1
laboratory,5.14,4.38,4.77,1
laborer,4.71,4.08,5.21,1
labyrinth,4.84,4.24,3.8,1
lace,6.58,3.75,6.7,1
laceration,3.43,6.67,3.64,1
lack,3.68,2.24,5.46,1
lackey,4.32,4.0,4.13,1
lacquer,4.95,3.3,5.0,1
lacrosse,5.29,3.7,4.84,1
lactose,4.44,3.44,4.26,1
lad,6.19,3.6,5.0,1
ladder,5.32,4.09,5.56,1
laddie,5.5,4.32,5.0,1
ladle,5.11,2.82,5.42,1
lady,6.91,4.05,5.87,1
lady bug,7.0,3.38,5.8,1
ladybug,6.9,3.45,5.33,1
ladylike,5.68,3.77,5.37,1
ladyship,6.24,3.45,5.15,1
lag,3.9,4.0,4.57,1
lager,5.4,3.11,5.64,1
lagoon,6.23,3.56,4.62,1
lair,5.0,5.35,5.12,1
lake,7.13,2.64,5.36,1
lamb,6.3,3.32,5.72,1
lame,3.2,2.74,3.45,1
lament,4.16,3.33,3.47,1
lamp,5.74,2.71,6.04,1
lamppost,5.29,2.76,6.17,1
lance,4.7,3.6,5.17,1
lancer,4.58,3.25,4.61,1
land,5.85,3.335,5.78,1
landfall,4.95,3.45,5.04,1
landfill,3.14,3.65,4.46,1
landlady,4.1,4.9,4.52,1
landlord,3.5,3.95,4.64,1
landmark,6.0,4.15,5.5,1
landscape,7.0,3.75,5.0,1
landscaping,6.58,4.0,6.31,1
landslide,4.76,5.89,3.81,1
lane,5.29,3.95,6.95,1
language,6.38,3.7,7.37,1
lanky,5.71,4.32,5.11,1
lantern,5.37,3.21,5.24,1
lap,5.89,3.45,5.26,1
lapdog,6.45,3.2,4.53,1
lapel,5.74,3.17,5.21,1
lapse,4.35,3.11,3.59,1
laptop,6.95,4.62,6.5,1
larceny,3.1,5.44,4.29,1
lard,3.55,2.95,4.18,1
large,5.77,5.35,5.05,1
lark,5.19,3.52,4.96,1
laryngitis,3.14,3.56,4.06,1
larynx,4.45,4.0,5.84,1
lasagna,7.1,5.04,5.89,1
laser,5.64,5.09,5.52,1
lash,4.63,4.65,5.2,1
lass,5.42,4.24,5.75,1
lasso,5.33,4.67,4.68,1
latch,5.0,3.09,4.78,1
late,3.32,5.57,4.22,1
latent,4.48,3.04,4.11,1
lateral,5.43,4.11,4.68,1
latex,3.95,3.72,5.54,1
lather,5.57,4.39,6.16,1
latitude,4.82,3.74,5.47,1
latrine,4.0,3.82,5.56,1
latte,6.45,4.79,6.4,1
laugh,7.56,6.62,7.39,1
laughable,6.21,5.6,5.46,1
laughingstock,3.77,5.16,3.52,1
laughter,8.05,5.39,7.02,1
launch,6.4,5.26,6.75,1
launcher,5.38,4.39,5.11,1
launder,5.225,3.64,4.6,1
laundry,5.15,4.5,6.09,1
lava,4.33,5.26,3.12,1
lavatory,5.18,4.21,5.57,1
lavender,6.9,3.81,6.03,1
lavish,6.79,4.88,5.88,1
law,4.55,3.55,4.83,1
lawful,6.26,3.7,5.71,1
lawless,3.1,4.17,3.94,1
lawlessness,2.61,4.73,3.54,1
lawman,4.79,4.14,4.38,1
lawn,6.05,2.62,6.04,1
lawnmower,5.48,2.92,5.74,1
lawsuit,2.84,5.39,3.2,1
lawyer,3.94,3.95,3.56,1
lax,4.43,3.12,5.33,1
laxative,3.1,4.14,3.0,1
lay,6.18,3.7,6.32,1
layaway,5.29,3.9,5.35,1
layer,5.2,3.45,6.04,1
layman,5.1,3.48,5.11,1
layout,4.95,3.52,4.95,1
layover,3.37,4.1,2.63,1
laziness,3.9,2.76,4.95,1
lazy,3.05,3.05,5.79,1
lead,5.039999999999999,3.735,4.725,1
leader,6.24,4.96,6.3,1
leadership,6.0,4.76,6.84,1
leaf,6.16,3.05,5.54,1
leafy,5.95,3.57,5.88,1
league,5.35,4.25,6.28,1
leak,4.0,5.43,4.57,1
leakage,3.52,5.23,3.67,1
leaky,3.95,4.33,4.59,1
lean,6.35,3.32,5.84,1
leap,4.8,4.0,5.33,1
learn,6.85,4.8,7.0,1
learner,6.4,4.23,7.14,1
lease,4.75,3.23,4.63,1
leash,5.25,3.0,4.32,1
leather,5.84,3.57,5.32,1
leave,4.68,4.48,5.47,1
lecherous,3.33,3.79,3.65,1
lecture,4.0,3.16,4.5,1
lecturer,4.42,3.48,4.88,1
ledge,5.24,4.95,4.36,1
ledger,5.33,3.24,5.87,1
leech,2.43,4.09,4.5,1
leeway,5.26,3.88,6.11,1
leftover,4.94,3.835,5.815,1
lefty,5.7,3.33,4.92,1
leg,6.22,2.75,5.5,1
legacy,7.38,4.75,5.67,1
legal,5.24,3.35,6.68,1
legend,6.86,5.13,6.78,1
legendary,6.86,6.61,6.95,1
legion,5.32,4.18,4.87,1
legislation,3.55,4.09,3.85,1
legislature,3.55,3.22,4.48,1
legit,6.85,4.8,5.77,1
legitimacy,5.55,4.09,6.37,1
legitimate,5.7,3.94,6.29,1
lego,6.14,5.05,6.3,1
legwork,4.86,3.5,6.36,1
leisure,7.4,4.48,6.68,1
leisurely,6.92,3.6,6.58,1
lemon,6.37,4.52,5.43,1
lemonade,7.05,4.63,6.0,1
lend,4.95,3.22,5.5,1
length,5.21,3.41,5.67,1
lengthy,4.4,3.39,5.24,1
leniency,5.8,3.78,5.71,1
lenient,5.52,3.61,5.54,1
lens,5.42,2.95,5.04,1
leopard,6.43,6.26,4.29,1
leotard,5.1,3.95,5.0,1
leper,3.3,4.24,2.88,1
leprechaun,6.0,5.11,4.43,1
leprosy,2.25,4.38,3.35,1
lesbian,5.76,6.04,5.34,1
lesion,2.95,5.62,4.13,1
lessen,4.5,4.08,4.73,1
lesson,5.57,3.8,6.79,1
let,5.95,2.71,6.06,1
lethal,2.48,5.64,4.72,1
letter,5.41,3.155,5.695,1
letterhead,4.68,3.27,6.32,1
lettuce,5.84,3.64,5.44,1
leukemia,1.47,5.75,2.83,1
levee,5.09,4.26,5.14,1
level,5.72,2.15,5.61,1
lever,4.5,2.56,6.29,1
leverage,4.9,4.08,5.25,1
levitate,5.4,6.1,5.04,1
lewd,3.58,4.41,4.53,1
liability,3.45,4.58,4.24,1
liable,4.0,4.32,5.19,1
liaison,5.05,3.35,5.81,1
liar,2.41,6.6,4.74,1
libel,3.68,5.0,4.78,1
liberate,6.77,5.3100000000000005,7.135,1
liberation,6.74,5.29,5.59,1
liberty,7.2,4.5,7.04,1
libido,6.86,5.68,4.95,1
librarian,6.38,1.75,5.0,1
library,6.33,2.52,6.35,1
lice,2.24,5.2,2.77,1
license,5.91,4.7,6.79,1
lick,6.38,6.2,5.97,1
licorice,4.58,4.14,5.52,1
lid,5.14,2.91,6.33,1
lie,2.39,4.81,4.72,1
liege,4.6,3.32,5.11,1
lieutenant,4.91,4.1,5.28,1
life,6.68,5.59,5.89,1
lifeboat,5.84,3.96,5.7,1
lifeguard,6.35,4.64,5.73,1
lifeless,2.24,3.55,2.81,1
lifelike,6.16,4.32,5.39,1
lifeline,5.77,4.46,5.26,1
lifelong,6.76,4.32,6.74,1
lifer,3.74,4.55,4.32,1
lifesaver,7.24,4.92,6.19,1
lifestyle,5.95,5.52,6.4,1
lifetime,7.3,4.52,5.09,1
lift,5.32,4.9,6.84,1
liftoff,4.7,6.17,5.62,1
ligament,4.19,3.16,4.89,1
ligature,4.05,4.12,4.42,1
light,6.535,4.22,6.035,1
light year,6.24,4.79,4.55,1
lightbulb,5.55,3.07,6.67,1
lighten,6.21,3.14,5.45,1
lightheaded,4.89,3.96,3.0,1
lighthouse,6.24,3.67,6.24,1
lightness,6.37,4.5,5.88,1
lightning,5.34,6.75,4.0,1
lightweight,5.9,3.05,5.36,1
likable,6.83,4.23,7.35,1
like,7.44,4.4,6.28,1
likelihood,5.74,2.9,5.59,1
likely,6.9,4.42,6.14,1
likeness,6.6,4.27,6.43,1
lilac,6.95,3.64,6.24,1
lily,7.05,2.64,5.39,1
limb,4.42,2.7,6.37,1
limber,6.45,3.41,6.07,1
limbo,4.53,4.1,4.05,1
lime,6.1,3.83,6.23,1
limelight,6.05,5.47,5.86,1
limestone,5.05,2.83,5.61,1
limey,4.86,3.55,5.37,1
limit,4.53,4.29,4.37,1
limitless,7.11,5.83,6.05,1
limo,6.14,4.15,5.88,1
limousine,6.14,5.65,6.2,1
limp,2.81,3.0,4.45,1
line,4.82,3.24,4.89,1
lineage,5.32,3.37,5.45,1
linear,5.05,3.2,6.0,1
linebacker,5.42,4.41,4.5,1
linen,6.0,2.95,5.73,1
liner,4.79,3.71,5.57,1
lineup,4.45,4.47,5.15,1
linger,4.6850000000000005,4.265000000000001,4.9,1
lingerie,6.89,5.18,5.87,1
lingo,5.33,3.3,5.28,1
linguini,5.45,4.09,5.53,1
linguist,5.0,3.71,5.59,1
linguistics,6.37,2.76,5.87,1
link,5.9,3.15,5.91,1
linoleum,4.47,2.77,5.54,1
lint,4.3,2.44,4.75,1
lion,5.84,5.29,4.86,1
lip,6.38,4.6,5.95,1
liposuction,4.68,4.05,4.21,1
lipstick,6.35,4.0,5.58,1
liqueur,4.74,5.05,5.73,1
liquid,5.35,3.67,6.16,1
liquidate,3.95,4.36,4.36,1
liquor,4.85,5.85,4.5,1
lira,5.6,3.1,5.08,1
lisp,3.9,3.78,3.5,1
list,5.779999999999999,2.725,5.585,1
listen,6.91,3.76,5.56,1
listener,6.1,3.83,5.67,1
listless,3.84,3.33,4.67,1
liter,4.37,3.65,5.16,1
literacy,7.55,3.95,6.36,1
literal,5.84,4.35,6.32,1
literary,5.95,3.9,6.43,1
literature,6.43,3.7,6.06,1
lithium,4.75,3.5,4.79,1
litigation,3.8,4.33,4.21,1
litigator,3.52,4.43,4.36,1
litter,2.58,3.8,5.7,1
little,5.91,4.2,5.18,1
live,7.95,4.71,6.5,1
livelihood,6.21,4.6,6.09,1
lively,7.12,6.1,6.86,1
liven,6.1,5.84,5.95,1
liver,4.19,3.27,4.67,1
livery,4.59,5.11,5.37,1
livestock,5.95,2.95,4.68,1
livid,3.42,5.38,4.55,1
lizard,5.43,5.5,5.86,1
llama,5.43,4.04,5.63,1
load,4.43,4.55,6.68,1
loader,4.48,2.96,6.33,1
loaf,5.75,2.45,5.32,1
loafer,4.05,3.63,5.05,1
loan,4.19,3.3,3.77,1
loathe,2.68,5.18,4.77,1
loathing,2.42,4.5,3.95,1
loathsome,2.89,4.45,3.57,1
lobby,4.76,4.65,5.53,1
lobbyist,3.32,3.73,4.45,1
lobe,4.52,3.92,5.59,1
lobotomy,2.45,5.32,2.0,1
lobster,6.43,4.67,5.55,1
local,6.77,3.8,6.68,1
localized,5.05,2.4,5.86,1
locate,5.58,3.67,6.3,1
location,5.77,4.58,6.19,1
locator,5.14,2.83,5.45,1
loch,5.67,3.89,5.25,1
lock,4.56,3.0,4.11,1
locker,4.79,3.35,6.35,1
locket,5.71,3.39,5.2,1
locksmith,5.48,3.83,5.68,1
lockup,3.19,4.11,4.63,1
loco,4.53,4.8,4.21,1
locomotive,5.95,5.5,5.23,1
locust,3.16,4.24,3.45,1
lode,5.24,3.45,5.03,1
lodge,6.43,3.33,5.8,1
loft,5.96,3.42,5.09,1
lofty,5.65,2.95,5.85,1
log,4.94,4.29,5.7,1
logic,6.58,3.67,6.7,1
logical,6.38,3.83,7.29,1
logistics,5.05,3.76,5.65,1
logo,5.53,3.32,5.0,1
lollipop,7.29,3.88,6.1,1
lone,3.75,3.84,4.32,1
loneliness,2.35,4.09,3.61,1
lonely,2.67,4.37,3.33,1
loner,3.5,3.94,5.45,1
lonesome,3.35,3.45,4.28,1
longboat,5.35,3.72,5.38,1
longevity,6.57,4.75,5.89,1
longitude,4.76,2.91,5.04,1
longtime,5.5,3.36,6.0,1
look,5.95,3.76,5.88,1
looker,6.05,4.88,6.17,1
lookout,4.43,4.32,6.0,1
loom,4.94,3.65,4.96,1
loon,4.74,3.85,4.75,1
loony,4.48,4.04,4.2,1
loop,5.26,3.52,4.9,1
loophole,4.84,4.71,5.35,1
loopy,4.67,4.25,4.16,1
loose,4.52,4.3,5.53,1
loosen,5.0,4.0,6.0,1
loot,4.43,5.15,5.62,1
lop,4.8,4.55,5.08,1
lopsided,4.19,4.42,3.95,1
lord,5.59,3.81,5.75,1
lordship,5.2,4.42,5.41,1
lore,6.42,4.5,5.58,1
lose,3.06,5.27,4.12,1
loser,2.85,3.94,4.53,1
loss,2.9,5.2,4.47,1
lotion,5.52,3.55,5.75,1
lottery,6.33,6.05,3.45,1
lotto,6.05,6.0,3.29,1
lotus,6.24,3.77,4.86,1
loudmouth,3.24,5.21,4.39,1
loudspeaker,4.67,4.3,4.62,1
lounge,5.95,2.64,5.88,1
louse,3.34,3.61,3.93,1
lousy,3.14,4.28,4.33,1
lovable,8.26,5.41,6.83,1
love,7.825,5.475,6.3,1
loveless,2.59,4.46,3.96,1
loveliness,7.5,5.65,5.24,1
lovely,7.55,3.95,6.38,1
lovemaking,7.95,6.14,6.22,1
lover,8.05,7.45,6.37,1
lovesick,3.63,5.81,3.8,1
low,4.39,2.21,3.11,1
lowdown,3.74,4.0,4.87,1
lowlife,2.68,4.29,3.4,1
lowly,4.0,3.95,3.57,1
lox,4.74,3.86,5.68,1
loyal,7.31,3.65,6.8,1
loyalty,7.18,4.52,7.0,1
luau,6.05,4.59,6.33,1
lube,5.1,4.17,5.58,1
lubricant,5.32,5.38,5.52,1
lucid,5.35,4.78,5.27,1
luck,6.73,4.57,6.06,1
lucky,7.32,5.3,5.36,1
lucrative,6.81,5.15,6.11,1
ludicrous,3.95,4.78,4.79,1
lug,4.58,3.45,4.96,1
luggage,5.19,3.75,5.42,1
lukewarm,4.5,2.61,5.76,1
lull,4.05,3.76,5.41,1
lullaby,7.57,3.79,6.05,1
lumbar,4.47,3.28,4.82,1
lumber,5.65,3.32,5.96,1
lumberjack,5.79,3.81,5.75,1
luminous,6.29,3.73,5.85,1
lump,3.07,3.74,4.72,1
lumpy,3.75,3.94,4.12,1
lunacy,4.58,5.2,4.1,1
lunar,6.15,5.5,4.5,1
lunatic,3.47,5.64,3.29,1
lunch,6.64,3.57,6.44,1
lunchbox,6.64,4.19,6.12,1
luncheon,7.19,4.12,5.41,1
lunchtime,7.26,4.95,6.7,1
lung,4.84,2.64,4.74,1
lunge,4.27,4.73,6.1,1
lurch,3.9,4.09,4.38,1
lure,4.65,4.48,5.44,1
lurk,3.48,4.43,5.0,1
luscious,6.91,5.75,5.59,1
lush,6.48,4.24,5.79,1
lust,6.26,6.44,4.64,1
lustful,5.53,6.6,5.04,1
lusty,5.8,5.59,4.84,1
luxurious,7.58,4.73,6.62,1
luxury,7.25,4.71,5.86,1
lycra,4.5,3.39,4.46,1
lye,4.26,4.29,4.91,1
lymphoma,2.6,4.59,2.38,1
lynching,1.67,4.92,2.53,1
lyric,6.475,4.26,5.72,1
lyrical,6.84,3.81,5.76,1
macadamia,6.33,3.8,5.37,1
macarena,6.52,4.24,5.26,1
macaroni,7.75,5.09,6.27,1
mace,4.14,5.43,4.76,1
mach,5.35,3.95,5.24,1
machete,4.13,6.18,4.7,1
machine,5.0,4.39,4.8,1
machinery,4.65,3.89,4.76,1
macho,4.84,3.96,4.94,1
mackerel,4.78,3.45,5.63,1
macro,5.2,3.85,5.45,1
mad,2.47,5.59,4.9,1
madam,5.17,3.05,4.67,1
madden,4.75,5.17,5.33,1
mademoiselle,6.35,4.5,5.68,1
madhouse,3.11,5.77,3.21,1
madman,3.45,6.09,3.76,1
madness,2.86,6.25,4.18,1
maestro,6.14,3.7,6.24,1
mafia,3.11,7.05,3.65,1
magazine,6.24,4.2,7.05,1
magenta,5.95,4.58,5.43,1
maggot,2.0,5.6,3.55,1
magic,7.17,6.05,5.33,1
magical,8.23,5.88,5.3,1
magician,5.68,4.73,4.26,1
magistrate,4.71,3.68,4.7,1
magna,5.09,4.63,4.9,1
magnesium,4.95,2.86,4.87,1
magnet,5.65,3.38,4.89,1
magnetic,6.17,3.55,4.84,1
magnetism,6.0,4.56,5.12,1
magnification,6.65,4.38,5.38,1
magnificence,7.47,3.95,6.93,1
magnificent,6.95,4.52,6.05,1
magnify,5.485,3.995,5.93,1
magnitude,5.1,5.11,5.09,1
magnolia,6.8,4.19,5.32,1
magpie,5.5,3.08,4.3,1
mahi mahi,5.52,5.16,5.86,1
mahjong,5.55,3.61,5.64,1
mahogany,6.48,2.67,5.63,1
maid,5.38,3.19,6.2,1
maiden,5.65,4.05,5.68,1
mail,6.28,3.81,5.26,1
mailbox,6.05,2.29,5.03,1
mailing,5.33,3.14,5.88,1
mailman,5.32,3.32,4.82,1
maim,3.14,4.56,4.0,1
main,5.27,4.1,6.79,1
mainframe,5.0,3.95,5.59,1
mainland,5.3,3.67,5.71,1
mainstream,4.55,3.38,5.48,1
maintain,6.29,2.75,5.89,1
maintenance,5.95,2.81,5.28,1
majestic,7.14,4.16,6.63,1
majesty,6.86,4.7,7.21,1
major,5.52,4.24,5.28,1
majority,4.95,4.3,4.76,1
makeover,5.76,5.13,5.5,1
maker,5.74,4.16,6.15,1
makeshift,5.32,4.79,5.1,1
makeup,5.21,4.1,6.46,1
malady,3.86,4.48,4.37,1
malaria,2.34,5.07,3.32,1
malarkey,4.45,4.33,4.33,1
male,6.91,4.5,5.89,1
malfunction,2.68,4.62,2.92,1
malice,2.81,4.81,4.56,1
malicious,2.32,4.95,4.78,1
malignant,3.1,4.42,4.2,1
mall,4.45,5.3,6.0,1
mallet,4.7,3.95,6.24,1
malnutrition,2.48,3.5,5.3,1
malpractice,2.74,5.26,4.3,1
malt,6.14,3.75,5.91,1
mama,7.64,4.29,5.28,1
mambo,5.52,5.05,5.1,1
mammal,5.95,3.81,6.0,1
mammoth,5.84,4.09,5.23,1
mammy,5.1,3.82,4.7,1
man,5.279999999999999,4.415,5.575,1
manage,4.71,3.52,5.88,1
manageable,5.33,3.05,6.86,1
management,4.95,3.24,4.7,1
manager,4.82,4.15,7.16,1
managerial,4.5,2.81,5.38,1
mandarin,6.15,3.91,5.56,1
mandate,3.76,4.32,4.0,1
mandatory,3.9,3.89,3.54,1
mandible,4.32,3.05,4.9,1
mandolin,5.7,3.14,6.25,1
mane,5.32,4.17,5.58,1
maneuver,4.63,4.33,5.88,1
manger,5.5,3.05,6.1,1
mangle,2.9,5.0,4.35,1
mango,6.57,3.05,5.76,1
mangy,4.3,4.86,4.53,1
manhole,4.8,4.09,5.59,1
manhood,6.5,5.27,5.91,1
manhunt,3.61,6.33,4.09,1
mania,3.62,4.74,3.83,1
maniac,3.5,5.77,3.8,1
maniacal,3.3,6.0,4.1,1
manic,4.19,4.55,3.63,1
manicure,6.15,4.23,5.56,1
manicurist,5.57,4.17,5.19,1
manifest,4.81,4.12,5.16,1
manifestation,4.38,4.21,5.5,1
manifesto,4.05,4.59,5.12,1
manifold,4.8,3.22,4.91,1
manipulate,3.21,4.76,5.74,1
manipulation,2.84,4.86,5.39,1
manipulative,2.9,4.44,3.67,1
mankind,6.59,4.89,5.14,1
manly,6.09,5.63,6.48,1
mannequin,5.35,3.9,6.38,1
manner,5.86,3.52,5.45,1
manor,5.9,3.68,5.05,1
manpower,6.0,4.32,5.92,1
mansion,6.415,4.895,6.15,1
manslaughter,2.05,5.67,3.88,1
mantel,4.74,2.93,5.28,1
mantis,4.95,3.25,5.88,1
mantle,5.35,2.45,5.05,1
mantra,5.47,3.48,5.87,1
manual,4.95,3.17,6.48,1
manufacture,5.0,4.455,5.5600000000000005,1
manufacturer,4.0,3.61,4.95,1
manure,3.19,4.15,4.51,1
manuscript,6.05,3.29,5.32,1
map,5.81,3.95,5.79,1
maple,6.09,3.77,5.47,1
mar,3.47,3.41,4.52,1
marathon,5.48,5.04,4.9,1
marble,5.8,3.57,5.38,1
mare,5.62,3.64,5.0,1
margarine,4.85,3.14,5.96,1
margarita,6.33,5.2,6.19,1
margin,4.75,3.71,5.15,1
marginal,4.6,3.57,5.47,1
mariachi,5.95,4.43,5.33,1
marijuana,3.63,4.36,4.77,1
marinara,5.95,3.0,6.59,1
marine,5.95,3.44,5.14,1
mariner,5.58,3.43,4.96,1
marital,5.24,4.91,5.43,1
maritime,4.9,3.36,5.26,1
marker,5.8,4.05,5.48,1
market,6.21,3.55,5.77,1
marketing,4.83,4.75,5.09,1
marketplace,6.25,4.32,5.81,1
marksman,5.05,4.59,5.37,1
marksmanship,5.19,4.96,6.0,1
marmalade,5.95,3.95,5.15,1
maroon,4.835,5.135,4.029999999999999,1
marquee,6.0,4.21,5.64,1
marquis,4.77,3.77,4.6,1
marriage,7.56,4.95,5.33,1
marrow,4.29,3.65,4.12,1
marry,7.09,5.52,5.67,1
marshal,4.62,4.08,5.79,1
marshmallow,6.84,4.7,5.58,1
mart,5.32,3.55,5.24,1
martial,5.4,4.23,4.59,1
martini,6.14,5.9,5.33,1
martyr,4.24,4.52,3.79,1
marvel,5.84,4.77,5.21,1
marvelous,7.21,3.77,6.21,1
marzipan,5.4,3.91,5.23,1
mascara,4.79,4.55,6.27,1
mascot,5.5,4.11,5.65,1
masculine,5.79,5.19,5.48,1
masculinity,5.75,4.7,5.91,1
mash,4.71,4.0,4.53,1
mask,4.975,3.63,5.1,1
masochist,3.39,4.77,4.45,1
masquerade,5.53,5.17,5.29,1
mass,4.78,3.835,5.005,1
massacre,1.77,6.68,3.33,1
massage,7.16,3.88,6.57,1
masseur,5.73,4.68,5.24,1
masseuse,6.61,4.09,4.71,1
massive,5.18,5.79,5.71,1
mast,4.85,3.71,5.32,1
master,5.72,4.4,4.17,1
masterful,6.72,4.38,6.77,1
mastermind,5.15,5.58,6.61,1
masterpiece,7.14,4.7,6.0,1
mastery,6.55,5.68,7.25,1
masturbate,5.65,6.42,6.46,1
masturbation,5.89,6.3,5.92,1
mat,5.38,4.605,5.484999999999999,1
matador,5.0,4.35,4.89,1
match,5.955,3.025,5.925,1
matchbook,5.05,3.65,6.22,1
matchmaker,5.63,4.0,5.39,1
mate,7.18,5.95,6.79,1
material,5.71,3.74,5.48,1
materialism,3.52,3.52,4.89,1
materialistic,3.79,4.04,4.6,1
materialize,5.75,3.95,6.55,1
maternal,6.7,4.38,6.32,1
maternity,5.76,4.83,4.81,1
math,4.45,4.96,5.79,1
mathematical,5.29,3.48,6.0,1
mathematician,5.24,3.57,4.81,1
mathematics,4.89,4.33,5.3,1
matinee,6.0,3.05,5.3,1
matrimony,7.0,5.77,6.32,1
matrix,5.9,4.4,4.58,1
matron,4.79,3.59,5.68,1
matter,5.82,4.05,6.12,1
mattress,5.74,3.45,6.17,1
mature,5.95,3.48,7.05,1
maturity,6.53,3.55,6.78,1
maudlin,4.75,3.58,4.61,1
mausoleum,4.5,3.87,4.62,1
mauve,5.1,2.88,5.37,1
maverick,6.63,4.55,5.25,1
maxim,5.74,4.1,5.64,1
maximize,6.2,4.74,5.9,1
maximum,4.7,5.05,5.62,1
mayday,4.42,4.27,4.25,1
mayflower,5.29,2.91,5.26,1
mayhem,3.59,5.95,3.9,1
mayonnaise,5.65,3.9,5.88,1
mayor,4.59,4.15,6.21,1
maze,5.84,4.83,4.56,1
meadow,7.3,2.62,6.15,1
meager,3.35,4.63,4.46,1
meal,7.05,4.85,7.11,1
mean,4.44,4.43,5.35,1
meanie,3.17,4.85,4.48,1
meaningful,6.79,3.78,6.29,1
meaningless,2.95,3.05,3.57,1
meanness,3.09,5.19,5.09,1
meantime,4.44,3.9,5.26,1
measles,2.57,4.5,4.1,1
measure,5.14,4.36,5.41,1
measurement,5.11,3.09,5.18,1
measuring cup,5.75,3.62,6.47,1
measuring tape,5.43,2.15,6.86,1
meat,6.62,4.3,5.58,1
meatball,6.68,4.79,5.38,1
meathead,3.38,4.22,3.81,1
meatloaf,5.16,4.46,5.57,1
mechanic,5.725,4.18,5.18,1
mechanical,5.67,5.4,5.0,1
mechanism,4.9,3.64,5.42,1
med,5.0,3.52,5.64,1
medal,5.2,5.3,5.88,1
medallion,5.85,3.25,5.52,1
meddle,3.86,4.35,4.78,1
medial,4.65,3.55,4.96,1
median,4.5,3.23,5.95,1
mediation,5.5,2.85,5.77,1
medic,5.2,3.55,5.46,1
medical,5.22,4.05,4.22,1
medicate,4.15,4.14,5.88,1
medication,3.65,4.56,6.21,1
medicinal,5.45,5.87,5.16,1
medicine,5.9,4.0,5.35,1
medieval,5.6,4.4,5.29,1
mediocre,4.43,3.0,4.16,1
mediocrity,3.71,3.55,3.67,1
meditate,6.47,2.85,7.15,1
meditation,7.21,2.5,7.35,1
medium,4.85,3.0,5.22,1
medley,6.6,4.48,5.95,1
meek,4.92,3.14,5.05,1
meet,5.32,3.71,5.68,1
mega,5.6,5.11,6.21,1
melancholy,3.74,4.13,3.96,1
mellow,6.68,2.81,7.0,1
melodrama,4.25,4.83,4.58,1
melodramatic,4.21,5.79,4.57,1
melody,6.65,4.86,6.25,1
melon,6.32,3.68,5.79,1
melt,5.95,3.0,4.47,1
meltdown,3.05,4.81,2.96,1
member,5.95,3.47,6.89,1
membership,5.61,4.45,5.5,1
membrane,4.95,3.23,4.33,1
memento,6.8,4.04,5.29,1
memo,4.7,2.39,5.86,1
memorabilia,6.55,3.77,6.05,1
memorable,6.54,4.83,6.32,1
memorandum,4.5,3.96,6.08,1
memorial,5.72,3.25,5.24,1
memories,6.79,4.135,5.93,1
memorize,5.7,3.9,5.65,1
menace,3.135,4.824999999999999,4.275,1
mend,6.53,3.76,5.83,1
menial,3.8,3.85,5.32,1
meningitis,2.55,5.41,3.43,1
menopause,1.89,3.55,4.32,1
menstrual,2.79,4.3,3.37,1
mental,4.58,3.68,5.48,1
mentality,4.76,4.62,6.24,1
menthol,4.9,2.9,5.45,1
mention,5.39,2.65,5.33,1
mentor,7.05,3.5,6.6,1
menu,6.3,4.17,6.29,1
meow,6.14,3.42,5.75,1
mercenary,3.89,5.14,4.29,1
merchandise,5.21,3.78,4.76,1
merchant,5.21,3.68,5.18,1
merciful,7.0,4.22,6.75,1
merciless,3.05,5.05,5.05,1
mercury,5.67,4.8,3.96,1
mercy,6.4,3.67,5.55,1
mere,4.68,3.71,5.21,1
merengue,6.47,3.45,5.13,1
merge,4.95,3.5,5.53,1
merger,4.09,4.22,4.63,1
meringue,6.57,4.04,5.16,1
merit,6.94,3.16,5.88,1
mermaid,7.05,5.58,4.33,1
merry,7.2,4.57,7.1,1
mescaline,5.0,4.65,4.6,1
mesh,5.25,3.11,5.18,1
mess,3.5,4.7,2.89,1
message,6.18,3.81,6.78,1
messenger,5.65,4.57,5.65,1
messiah,6.67,3.75,3.71,1
messy,3.0,4.61,4.83,1
metabolic,5.11,4.67,5.0,1
metabolism,5.4,4.17,4.36,1
metal,5.05,3.48,6.54,1
metallic,5.26,4.32,5.17,1
metamorphosis,5.25,4.27,5.11,1
metaphor,6.11,4.14,5.36,1
metaphysical,5.48,4.0,5.37,1
meteor,5.1,5.62,3.92,1
meteorite,7.25,6.37,3.49,1
meter,5.53,3.25,5.25,1
meth,2.55,4.43,3.12,1
methadone,3.05,3.76,4.48,1
methane,3.48,3.73,4.37,1
method,5.2,4.17,6.13,1
methodical,5.11,3.76,5.43,1
methodology,4.84,3.41,5.48,1
meticulous,5.14,4.8,5.36,1
metric,4.95,3.67,5.13,1
metropolis,4.95,4.95,5.6,1
metropolitan,5.84,4.91,5.42,1
mew,6.05,4.62,5.56,1
mezzanine,5.32,3.77,5.11,1
micro,5.5,3.48,4.36,1
microchip,5.6,3.52,5.24,1
microfilm,5.53,3.5,5.33,1
microphone,5.11,4.19,5.35,1
microscope,6.33,4.0,5.05,1
microscopic,5.24,3.86,5.33,1
microwave,5.25,4.0,5.6,1
mid,5.21,2.8,5.33,1
midair,5.0,5.23,4.84,1
midday,5.37,3.63,4.9,1
middle,5.22,2.85,5.11,1
middleman,4.24,3.92,5.33,1
middleweight,4.1,4.04,4.0,1
midget,4.58,4.0,3.7,1
midlife,4.71,3.09,5.26,1
midline,4.79,3.36,4.42,1
midnight,6.18,4.05,6.26,1
midshipman,4.75,2.72,5.14,1
midst,5.25,2.62,5.08,1
midsummer,6.24,4.8,5.14,1
midterm,4.14,4.82,4.28,1
midtown,5.83,4.2,5.54,1
midwife,5.65,3.14,5.96,1
mighty,6.45,5.43,6.85,1
mignon,5.57,3.37,4.82,1
migraine,2.68,4.96,3.11,1
migrate,4.57,3.33,5.55,1
migration,4.52,3.54,4.88,1
mil,4.85,4.05,5.58,1
mild,5.9,2.39,5.67,1
mildew,2.61,4.14,4.19,1
mile,4.78,3.43,5.33,1
mileage,5.9,2.95,5.64,1
milestone,6.85,4.56,6.36,1
militant,3.95,5.38,4.4,1
military,4.9,5.8,5.89,1
militia,4.21,4.36,4.52,1
milk,6.74,2.33,6.31,1
milkman,5.75,2.73,5.54,1
milkshake,7.26,4.05,6.0,1
milky,5.0,3.7,5.37,1
mill,5.39,2.21,4.76,1
millennium,4.85,4.59,4.71,1
milligram,5.28,3.1,4.12,1
millimeter,4.86,3.62,5.75,1
million,7.55,5.38,5.82,1
millionaire,7.32,6.14,5.73,1
millionth,5.42,4.64,5.0,1
millstone,4.86,3.12,6.4,1
mime,4.58,2.81,4.85,1
mimic,4.67,3.85,6.05,1
mince,5.23,4.14,5.68,1
mincemeat,4.05,3.84,4.19,1
mind,6.7,5.05,6.09,1
mindful,6.7,6.0,6.76,1
mindless,3.0,3.1,3.86,1
minefield,3.65,5.5,3.71,1
miner,4.81,4.05,4.67,1
mineral,6.05,2.86,4.67,1
mingle,5.21,4.41,5.36,1
mini,5.86,3.0,5.16,1
miniature,6.11,3.95,4.39,1
minibus,4.89,3.56,4.53,1
minimal,4.62,3.41,4.67,1
minimize,5.16,4.19,5.45,1
minimum,4.8,3.27,5.22,1
mining,4.5,4.57,5.53,1
minion,5.33,5.0,3.94,1
minister,5.0,3.85,5.65,1
ministry,5.08,3.85,4.5,1
minivan,4.4,2.95,5.92,1
mink,5.86,3.24,4.86,1
minor,4.81,3.26,4.79,1
minority,4.75,3.1,4.88,1
mint,6.55,4.9,6.62,1
minty,7.0,3.19,5.09,1
minute,5.5,3.76,4.17,1
minx,6.63,3.95,4.78,1
miracle,7.3,5.52,5.26,1
miraculous,6.37,6.17,4.38,1
mirage,4.47,3.8,4.21,1
mire,4.2,3.94,4.19,1
mirror,5.9,4.55,5.5,1
misbehave,3.79,4.28,4.65,1
miscalculation,3.21,4.71,4.96,1
miscarriage,2.48,5.7,2.33,1
miscellaneous,5.38,4.0,5.11,1
mischief,4.78,5.77,4.97,1
mischievous,4.48,4.88,4.86,1
misconception,3.65,3.45,4.33,1
misconduct,3.55,4.59,5.16,1
misdemeanor,2.76,5.24,3.95,1
misdirection,3.7,3.78,3.42,1
miser,3.45,3.88,4.46,1
miserable,2.6,5.06,3.86,1
misery,2.2,4.82,3.8,1
misfire,2.63,4.64,3.0,1
misfit,4.19,5.09,4.52,1
misfortune,2.4,4.24,2.92,1
misguided,3.58,4.33,3.25,1
mishap,3.5,4.61,3.26,1
mislead,3.17,4.79,3.945,1
misplace,3.15,4.83,4.14,1
misread,3.59,3.79,3.33,1
miss,4.1,3.9,5.12,1
missile,2.85,5.67,4.2,1
mission,6.39,5.52,4.89,1
missionary,5.33,4.24,5.6,1
missy,5.4,3.39,4.82,1
mist,6.47,3.05,4.7,1
mistake,2.89,4.93,4.69,1
mister,5.56,3.2,4.83,1
mistletoe,7.1,4.77,6.57,1
mistress,3.86,5.96,5.33,1
mistrial,4.15,3.29,4.3,1
mistrust,2.0,5.09,4.45,1
misty,5.14,2.5,5.0,1
misunderstand,4.05,5.09,3.5,1
misunderstanding,2.86,4.52,3.83,1
misuse,3.25,4.48,4.9,1
mite,3.9,4.68,5.19,1
miter,4.53,3.05,4.4,1
mitigate,4.925,3.875,5.28,1
mitt,5.48,2.75,5.0,1
mitten,5.6,2.33,5.91,1
mitzvah,4.47,4.22,5.06,1
mix,5.71,2.86,5.56,1
mixer,4.9,4.17,5.18,1
mixture,5.9,3.52,6.0,1
mnemonic,5.1,3.45,5.32,1
moan,4.05,5.52,6.04,1
moat,5.19,4.17,4.95,1
mob,3.7,4.86,3.47,1
mobile,5.81,3.76,5.9,1
mobility,5.53,4.7,7.11,1
mobilize,5.95,4.56,6.18,1
mobster,3.05,5.14,4.04,1
mocha,6.53,3.36,5.61,1
mock,3.81,4.95,5.17,1
mockery,2.95,4.48,4.11,1
mockingbird,6.37,4.62,5.48,1
mod,5.57,3.65,4.81,1
mode,5.25,3.43,6.1,1
model,6.38,3.9,6.53,1
modeling,5.67,3.92,4.65,1
modem,5.29,3.55,4.5,1
moderate,5.52,4.0,5.53,1
moderation,5.3,3.67,5.44,1
modern,6.05,5.4,5.31,1
modest,6.42,2.93,7.05,1
modesty,6.19,4.41,5.81,1
modicum,4.95,3.33,5.18,1
modification,5.05,4.1,6.62,1
modify,5.1,3.78,6.43,1
module,4.9,4.33,5.41,1
mogul,5.42,3.48,5.11,1
moist,5.53,4.2,4.5,1
moisture,5.5,4.39,4.14,1
moisturizer,6.35,2.95,5.86,1
molar,4.73,3.54,5.12,1
molasses,5.9,3.09,5.71,1
mold,2.71,3.77,4.5,1
moldy,1.95,4.35,4.29,1
mole,4.23,3.81,5.32,1
molecular,5.5,3.52,5.14,1
molecule,5.37,3.7,4.75,1
molest,1.89,6.43,2.57,1
molester,1.48,5.0,3.22,1
molten,4.75,4.26,4.08,1
mom,7.64,4.62,6.29,1
moment,6.1,4.05,6.0,1
momentary,4.95,3.73,4.8,1
momentous,6.35,4.9,5.95,1
momentum,6.1,4.14,5.16,1
momma,7.45,3.45,5.11,1
mommy,7.39,3.7,4.89,1
monarch,4.33,3.41,3.78,1
monarchy,3.29,3.7,4.04,1
monastery,4.75,2.5,4.59,1
monetary,6.32,4.46,5.62,1
money,7.1,6.86,6.32,1
mongoloid,4.23,4.28,3.79,1
mongoose,4.95,3.55,4.23,1
mongrel,3.47,4.5,3.46,1
monitor,5.05,3.86,5.81,1
monk,4.9,2.61,5.04,1
monkey,5.82,5.15,5.74,1
mono,3.85,3.0,4.88,1
monogamous,7.05,4.4,7.0,1
monogamy,6.43,3.48,5.57,1
monogrammed,4.79,2.82,4.78,1
monolith,5.24,3.57,4.32,1
monologue,5.43,3.05,4.67,1
monopoly,5.29,4.83,6.14,1
monotonous,3.05,2.68,4.55,1
monoxide,3.0,4.55,4.85,1
monsieur,5.5,3.3,5.89,1
monsoon,2.85,4.5,3.09,1
monster,2.55,5.55,5.0,1
monstrosity,3.84,5.83,4.21,1
monstrous,3.43,5.9,3.86,1
montage,5.48,4.85,5.76,1
month,5.78,3.64,5.05,1
monthly,5.32,3.5,4.67,1
monument,6.24,2.82,5.45,1
monumental,5.74,5.24,6.06,1
moo,5.48,3.95,5.18,1
mooch,3.71,5.8,5.2,1
mood,5.29,4.5,5.79,1
moody,3.71,5.0,4.26,1
moon,7.0,3.43,6.11,1
moonbeam,7.17,4.52,4.82,1
moonlight,7.05,3.61,6.28,1
moonlit,7.24,3.96,6.05,1
moonshine,5.5,4.67,4.95,1
moonwalk,6.18,5.15,6.08,1
moor,4.95,3.95,5.28,1
moose,6.71,4.85,4.97,1
moot,4.62,3.71,5.52,1
mop,4.765000000000001,3.38,5.35,1
mope,3.27,3.26,4.76,1
moral,6.85,3.73,6.31,1
morale,5.95,4.1,6.23,1
morality,6.48,4.76,6.5,1
moray,4.74,4.45,5.24,1
morbid,2.73,5.29,4.49,1
morgue,1.79,3.48,3.32,1
morn,3.62,3.0,4.3,1
morning,6.41,3.95,6.35,1
moron,4.3,4.5,4.55,1
moronic,3.25,3.81,3.2,1
morph,5.5,5.19,4.65,1
morphine,4.58,5.14,4.57,1
morsel,5.3,3.41,5.52,1
mortal,4.39,3.55,3.88,1
mortality,5.15,6.9,3.58,1
mortar,4.14,4.37,4.94,1
mortgage,3.45,4.43,3.74,1
mortician,3.56,3.33,3.59,1
mortuary,2.21,3.59,3.91,1
mosaic,6.33,3.7,5.19,1
mosey,5.85,4.5,5.36,1
mosque,4.11,3.0,4.04,1
mosquito,3.12,5.17,3.88,1
motel,5.3,3.55,4.52,1
moth,4.47,2.55,4.6,1
mother,7.53,4.73,6.11,1
motherfucker,1.61,7.33,2.56,1
motherfucking,3.95,5.92,4.16,1
motherhood,6.8,5.52,6.0,1
motherland,5.8,4.22,5.76,1
motherless,1.9,4.52,4.23,1
motherly,7.67,3.74,5.08,1
motif,5.27,4.24,6.42,1
motion,5.8,4.71,6.15,1
motivate,6.05,5.09,7.22,1
motivation,6.24,4.73,6.35,1
motivational,6.76,6.37,7.14,1
motive,5.32,4.86,6.2,1
motley,4.89,2.95,4.52,1
motor,5.64,5.42,5.5,1
motorbike,5.95,5.68,5.58,1
motorboat,6.2,4.22,5.18,1
motorcade,4.64,4.67,4.81,1
motorcar,5.7,3.95,6.03,1
motorcycle,5.8,5.8,5.55,1
motorist,5.47,4.24,5.83,1
motto,5.95,3.86,6.3,1
mould,3.57,3.35,5.28,1
mound,5.43,3.63,5.5,1
mount,5.38,4.09,5.63,1
mountain,6.65,4.12,6.18,1
Mountain Dew,5.47,5.05,5.74,1
mountaintop,6.5,4.28,5.46,1
mourn,2.055,4.425,3.86,1
mournful,3.32,2.78,3.59,1
mouse,4.8,3.38,4.29,1
mousetrap,4.82,4.05,5.5,1
mousse,6.0,3.19,6.04,1
moustache,5.35,3.23,5.32,1
mousy,3.74,3.1,3.2,1
mouth,5.59,4.14,6.0,1
mouthful,4.88,3.8,4.64,1
mouthpiece,4.65,3.62,4.62,1
mouthwash,5.7,2.67,5.38,1
movement,6.58,4.0,5.96,1
mover,4.55,3.82,5.42,1
movie,7.24,4.39,5.68,1
mow,4.94,4.17,5.58,1
mower,4.76,2.79,5.45,1
moxie,6.1,3.78,5.79,1
mozzarella,7.19,4.54,6.29,1
muck,3.14,3.55,4.09,1
mucous,2.95,3.83,4.41,1
mucus,2.84,4.17,4.16,1
mud,5.06,3.19,4.27,1
muddle,4.47,3.05,4.8,1
muddy,4.14,4.2,4.6,1
muff,5.63,3.59,4.43,1
muffin,7.1,4.05,6.29,1
muffled,4.74,3.86,4.18,1
muffler,3.63,4.27,4.64,1
mug,4.16,3.83,4.82,1
mugger,1.9,5.67,2.97,1
mulberry,5.74,2.75,5.43,1
mulch,5.33,3.52,5.24,1
mule,4.26,2.78,4.5,1
mull,4.38,3.12,5.11,1
mullet,3.86,3.81,5.64,1
multimedia,6.53,4.8,5.9,1
multinational,5.3,3.94,5.33,1
multiple,5.0,4.0,5.64,1
multiple sclerosis,2.45,5.11,2.33,1
multiplex,5.09,4.95,5.45,1
multiply,5.43,4.39,5.48,1
multitude,5.0,4.09,5.16,1
mum,5.43,3.35,4.54,1
mumble,4.4,3.19,3.68,1
mumbo,4.76,5.1,4.75,1
mummy,4.81,3.75,4.4,1
mumps,2.61,3.84,3.44,1
munch,6.32,3.62,6.14,1
munchkin,6.95,4.27,4.13,1
mundane,3.63,2.76,4.0,1
municipal,4.89,3.05,4.92,1
mural,6.67,3.4,5.95,1
murder,1.48,6.24,3.38,1
murderer,1.92,6.83,2.83,1
murderess,2.56,5.8,3.52,1
murderous,2.05,7.05,2.95,1
murky,3.4,3.45,3.77,1
murmur,4.57,4.08,4.36,1
muscle,6.15,4.55,6.81,1
muscular,6.32,4.98,6.52,1
muse,6.3,4.75,6.12,1
museum,6.67,3.74,5.4,1
mush,4.05,3.21,4.79,1
mushroom,5.61,3.14,5.5,1
mushy,4.6,3.71,5.47,1
music,7.67,5.57,6.5,1
musical,7.68,5.63,5.43,1
musician,6.79,5.52,5.7,1
musk,4.5,2.45,4.56,1
musket,4.13,4.0,4.64,1
musketeer,4.76,4.71,4.96,1
muskrat,4.15,3.5,4.32,1
mustang,6.32,6.14,6.0,1
mustard,4.74,3.39,5.69,1
muster,4.67,3.65,5.41,1
musty,3.37,3.5,4.22,1
mutant,5.06,4.61,4.53,1
mutate,4.16,5.88,4.04,1
mutation,4.14,4.56,4.16,1
mute,3.95,2.45,4.18,1
muted,3.63,2.15,4.9,1
mutilate,2.365,5.48,3.115,1
mutilation,2.27,5.38,2.73,1
mutiny,4.2,5.18,4.56,1
mutt,4.84,4.14,4.5,1
mutter,4.4,3.67,5.57,1
mutual,6.48,3.5,6.45,1
muzzle,3.95,4.65,3.54,1
myriad,5.52,3.52,5.41,1
mysterious,6.05,5.45,4.76,1
mystery,5.29,5.04,4.33,1
mystic,6.12,4.52,4.7,1
mystical,6.57,5.04,5.79,1
mysticism,6.0,4.29,4.58,1
mystified,6.05,5.8,4.67,1
mystique,6.52,5.67,5.32,1
myth,6.11,4.0,5.38,1
mythical,6.11,5.1,4.91,1
mythology,6.1,4.27,4.81,1
nab,3.65,4.27,4.84,1
nacho,7.05,4.38,5.82,1
nada,4.57,3.7,4.11,1
nag,2.3,4.72,3.96,1
nail,4.6,3.05,5.17,1
nail gun,4.09,4.85,5.96,1
naive,4.22,3.86,5.0,1
naked,6.21,5.58,5.6,1
nakedness,6.67,6.62,5.21,1
nameless,2.79,2.8,4.58,1
nana,5.79,3.82,5.09,1
nanny,5.86,4.05,5.42,1
nanometer,5.15,3.59,5.54,1
nap,6.53,4.14,5.91,1
napalm,2.7,5.29,4.08,1
napkin,5.63,3.09,5.21,1
nappy,3.1,3.32,4.24,1
narcissism,3.25,5.05,4.15,1
narcissist,3.11,5.81,4.04,1
narcissistic,3.0,5.0,4.94,1
narcotic,3.52,4.38,3.45,1
narrative,6.32,3.23,5.61,1
narrator,6.48,2.57,5.76,1
narrow,4.95,4.53,5.19,1
nasal,4.26,3.38,4.3,1
nasty,2.95,5.44,3.98,1
nation,6.0,4.78,4.74,1
national,5.62,3.45,6.63,1
nationality,5.6,3.5,5.32,1
nationwide,5.2,3.72,5.45,1
native,5.85,3.05,6.05,1
natural,6.42,3.67,5.16,1
natural gas,4.47,3.36,5.19,1
nature,6.88,4.0,5.0,1
naughty,6.04,6.95,5.76,1
nausea,1.68,4.59,2.95,1
nauseating,2.73,4.33,3.68,1
nauseous,1.95,4.18,3.19,1
nautical,6.15,3.41,4.9,1
nautilus,5.29,3.76,5.6,1
naval,5.19,2.86,5.15,1
nave,3.9,3.52,4.33,1
navel,4.89,3.36,5.5,1
navigate,5.05,4.18,5.71,1
navigation,5.84,4.0,6.59,1
navigational,5.1,4.0,6.42,1
navigator,5.47,4.09,6.37,1
navy,5.38,3.64,5.07,1
nearsighted,4.5,3.83,3.9,1
neat,6.95,4.1,5.64,1
nebula,7.0,4.05,4.26,1
necessary,5.39,3.38,4.89,1
necessity,5.32,4.55,4.75,1
neck,5.44,3.65,5.17,1
necklace,6.85,3.52,5.64,1
necktie,4.84,2.62,4.87,1
necromancer,4.11,6.05,3.91,1
nectar,6.8,3.95,5.83,1
need,5.45,3.67,5.06,1
needle,3.97,4.36,5.12,1
needlepoint,5.55,3.2,5.42,1
needless,4.25,2.95,4.16,1
needy,2.9,4.68,4.27,1
nefarious,3.79,5.72,4.25,1
negative,2.52,5.05,4.29,1
negativity,2.74,5.09,3.42,1
neglect,2.16,4.72,3.69,1
negligee,6.2,4.67,5.64,1
negligence,2.7,4.22,3.79,1
negligent,2.05,4.45,4.57,1
negligible,3.81,3.89,4.67,1
negotiable,6.0,4.62,5.61,1
negotiate,5.57,5.0,5.84,1
negotiation,6.05,4.76,6.17,1
negotiator,5.1,4.45,5.6,1
negro,3.83,5.27,4.35,1
neighbor,5.775,3.835,5.015000000000001,1
neighborhood,6.09,4.05,6.95,1
nemesis,2.44,5.5,4.25,1
neon,6.48,4.56,5.62,1
nephew,6.75,4.33,5.94,1
nerd,5.18,4.46,5.91,1
nerdy,4.68,4.3,5.7,1
nerve,4.45,5.27,5.42,1
nervous,3.56,5.51,4.02,1
nervousness,3.1,4.45,3.93,1
nest,5.65,3.35,5.5,1
net,5.0,3.0,4.61,1
nether,4.81,4.05,4.92,1
network,5.05,4.43,5.39,1
networking,5.6,3.71,6.31,1
neural,6.05,3.19,4.64,1
neurological,3.89,4.55,4.32,1
neurologist,5.05,3.86,5.22,1
neurology,4.95,4.55,4.62,1
neurosis,3.15,4.3,3.14,1
neurosurgeon,4.67,4.85,5.33,1
neurosurgery,4.25,5.09,3.74,1
neurotic,3.84,4.98,4.15,1
neuter,4.11,4.9,4.21,1
neutral,5.5,3.45,5.81,1
neutralize,5.19,3.36,5.45,1
neutron,6.62,4.47,4.78,1
new,7.68,5.14,5.22,1
new age,5.05,4.39,4.84,1
newborn,7.48,4.96,4.89,1
newcomer,5.8,5.05,4.58,1
newfound,5.89,3.45,6.17,1
newlywed,6.9,6.32,5.92,1
news,4.96,4.61,4.48,1
newscast,5.43,4.74,4.8,1
newscaster,4.89,2.95,4.85,1
newsflash,5.26,4.64,4.52,1
newsletter,5.19,3.63,5.03,1
newsman,5.52,3.12,4.35,1
newspaper,5.11,2.67,5.05,1
newspaperman,5.63,3.0,5.0,1
newsreel,5.47,4.86,5.57,1
newsroom,4.83,4.11,4.94,1
newsstand,5.79,3.22,5.05,1
newt,4.65,3.64,5.59,1
nexus,5.57,3.96,5.42,1
nibble,6.3,3.96,6.05,1
nice,6.95,3.53,6.47,1
niche,5.75,3.43,5.18,1
nickel,5.62,4.22,5.0,1
nickname,6.14,4.38,5.7,1
nicotine,3.05,4.04,3.58,1
niece,6.52,3.95,5.36,1
nifty,6.3,4.59,6.41,1
nigger,1.67,6.81,2.96,1
night,6.68,3.57,5.22,1
nightcap,5.22,4.0,6.1,1
nightclub,5.32,5.08,5.57,1
nightfall,6.63,4.0,3.8,1
nightgown,5.85,3.35,5.67,1
nightie,7.11,4.57,5.53,1
nightlife,5.95,6.36,6.09,1
nightly,5.38,3.61,5.32,1
nightmare,1.79,5.83,3.21,1
nightstand,5.62,4.04,5.68,1
nightstick,3.79,4.81,4.32,1
nighttime,6.18,3.91,4.78,1
Nike,5.86,4.71,5.95,1
nimble,6.25,4.5,5.41,1
nimrod,4.21,3.67,3.41,1
nincompoop,5.0,3.21,4.72,1
nineteen,5.63,3.86,5.09,1
ninety,4.65,3.28,5.36,1
ninja,5.14,5.61,5.23,1
ninny,4.33,5.42,4.81,1
nintendo,6.8,6.37,6.23,1
nip,5.25,4.39,4.68,1
nipper,5.43,4.42,4.86,1
nipple,5.73,5.88,5.64,1
nippy,4.79,5.45,5.14,1
nitrate,5.0,4.0,5.12,1
nitro,5.0,4.55,4.71,1
nitrogen,4.6,5.2,4.82,1
nitrous,5.1,5.25,5.35,1
nitwit,3.75,3.96,3.54,1
nix,4.0,3.89,3.9,1
nobility,5.83,4.57,4.89,1
noble,7.16,4.14,6.71,1
nobleman,6.86,4.0,5.36,1
nocturnal,5.29,3.48,5.61,1
nod,5.05,2.92,6.1,1
node,4.84,3.5,5.62,1
noggin,5.63,4.29,5.74,1
noir,5.37,3.59,5.32,1
noise,3.36,5.75,5.47,1
noisy,3.21,5.15,4.42,1
nomad,4.71,3.17,5.3,1
nominal,5.1,3.55,4.61,1
nominate,5.86,3.48,6.05,1
nomination,5.63,4.04,6.0,1
nominee,5.5,4.4,5.75,1
nonchalant,4.58,3.64,5.84,1
nonexistent,3.89,3.81,3.83,1
nonfat,5.74,3.57,6.0,1
nonfiction,5.95,3.85,5.47,1
nonsense,4.0,4.52,4.74,1
nonviolent,6.84,3.95,5.17,1
noodle,6.48,3.09,5.48,1
nook,6.33,2.8,5.47,1
noon,5.38,2.87,6.22,1
noose,2.43,5.38,3.99,1
norm,5.56,3.06,5.06,1
normal,6.17,2.29,6.39,1
normalcy,4.84,3.15,6.65,1
north,5.72,2.15,5.0,1
northbound,5.45,4.8,5.73,1
northeast,5.5,3.65,5.9,1
northern,5.65,3.17,5.08,1
northwest,5.81,2.71,4.9,1
northwestern,5.39,3.05,5.13,1
nose,5.5,3.1,4.61,1
nosebleed,3.16,5.27,3.5,1
nostalgia,6.65,4.38,5.36,1
nostalgic,6.68,4.37,5.05,1
nostril,3.58,3.43,4.58,1
nosy,3.1,4.65,5.04,1
notable,5.95,3.45,6.23,1
notary,5.43,3.23,5.5,1
notch,5.32,2.95,4.8,1
note,5.78,3.33,5.28,1
notebook,6.05,3.58,6.12,1
nothingness,2.79,3.25,3.2,1
notice,5.94,3.38,5.11,1
noticeable,5.86,4.25,5.75,1
notification,5.24,4.5,5.09,1
notify,4.9,3.13,5.67,1
notion,5.86,4.25,5.42,1
notoriety,5.68,5.23,5.77,1
notorious,4.19,4.68,5.23,1
noun,5.22,2.37,5.28,1
nourish,7.5,3.85,7.06,1
nourishment,7.44,3.1,6.0,1
nouveau,5.9,3.1,4.76,1
novel,5.74,3.41,5.09,1
novelist,6.1,3.95,6.29,1
novelty,5.82,5.04,5.47,1
novice,5.1,4.0,5.6,1
nuance,5.47,4.55,4.58,1
nuclear,4.3,7.3,4.12,1
nucleus,5.59,3.65,4.32,1
nude,6.1,5.86,6.05,1
nudge,5.67,4.33,4.95,1
nudie,4.5,6.0,4.53,1
nudist,6.0,6.05,5.05,1
nudity,6.48,6.15,5.28,1
nugget,6.29,3.32,4.93,1
nuisance,3.0,4.7,3.79,1
nuke,3.67,5.0,3.29,1
numb,3.79,2.5,4.04,1
number,5.59,3.5,6.13,1
numbskull,3.65,4.0,4.28,1
numerical,5.0,2.76,5.43,1
numerous,5.35,3.39,6.25,1
nun,5.79,2.43,4.53,1
nunchucks,5.7,4.7,5.76,1
nunnery,4.25,2.78,4.77,1
nuptials,5.63,4.55,5.71,1
nurse,5.41,4.64,5.58,1
nursemaid,5.38,3.83,5.17,1
nursery,6.1,4.29,4.89,1
nursing,6.39,3.57,5.05,1
nurture,7.14,4.12,6.29,1
nut,5.44,4.24,4.56,1
nutcase,2.81,3.76,3.36,1
nutcracker,5.45,4.84,6.05,1
nuthouse,3.4,4.33,3.45,1
nutmeg,5.76,3.24,6.04,1
nutrition,6.86,4.48,6.46,1
nutritional,6.83,3.4,5.68,1
nutritious,7.09,4.38,7.32,1
nutshell,5.05,3.95,5.73,1
nutty,5.35,4.72,5.29,1
nylon,5.21,3.375,5.115,1
nylong,4.95,4.24,4.67,1
nymph,5.42,5.32,4.5,1
nymphomaniac,4.95,5.17,4.54,1
O'Doul's,4.5,2.71,5.42,1
oaf,3.5,2.95,4.04,1
oak,6.47,2.64,5.91,1
oar,5.15,2.72,6.38,1
oasis,8.0,4.95,5.73,1
oat,5.67,2.82,5.32,1
oath,6.4,4.0,6.47,1
oatmeal,5.47,3.1,5.65,1
obedience,4.63,3.29,4.06,1
obedient,6.05,2.82,4.74,1
obese,2.32,3.95,4.22,1
obesity,2.81,4.63,4.55,1
obey,5.13,4.1,4.43,1
obituary,3.1,5.04,3.43,1
object,5.52,4.08,5.91,1
objection,3.83,4.48,4.22,1
objective,5.55,4.38,6.47,1
objectivity,5.63,4.09,7.04,1
obligation,4.68,5.76,5.39,1
obligatory,3.94,3.6,3.88,1
oblige,5.19,3.74,5.11,1
oblique,4.57,3.18,5.6,1
oblivion,3.95,4.38,4.92,1
oblivious,4.5,3.5,3.81,1
obnoxious,2.76,5.95,4.1,1
obscene,3.1,5.24,4.64,1
obscenity,3.41,6.11,4.43,1
obscure,5.15,3.1,4.48,1
obscurity,4.64,3.28,3.88,1
observant,6.37,4.05,6.04,1
observation,5.61,3.23,6.04,1
observatory,5.36,4.61,5.95,1
observe,5.3,4.25,5.92,1
observer,5.0,4.5,6.08,1
obsess,4.045,4.705,4.93,1
obsession,4.38,5.64,4.15,1
obsessive,3.35,6.14,4.0,1
obsolete,3.53,3.27,3.61,1
obstacle,4.38,4.6,4.11,1
obstinate,3.81,4.43,4.9,1
obstruct,3.61,4.29,4.7,1
obstruction,3.75,3.68,3.48,1
obtain,5.11,3.67,6.7,1
obvious,5.33,3.65,6.47,1
occasion,6.45,4.79,5.52,1
occasional,5.5,2.45,4.72,1
occipital,4.45,4.14,5.35,1
occult,3.5,4.63,4.64,1
occupant,5.19,3.17,5.24,1
occupation,4.77,4.33,5.47,1
occupational,6.18,4.32,5.8,1
occupy,4.86,4.27,5.29,1
occur,6.26,3.57,4.46,1
occurrence,4.94,4.1,4.7,1
ocean,7.39,3.5,5.88,1
oceanic,7.45,4.26,5.57,1
octopus,6.0,5.1,5.76,1
ocular,4.86,4.0,5.42,1
odd,4.94,4.324999999999999,5.37,1
oddball,6.17,3.55,4.11,1
ode,5.75,2.81,4.48,1
odor,3.0,5.05,4.12,1
odyssey,5.7,4.83,6.57,1
oedipal,3.95,3.5,4.54,1
offence,3.4,4.29,4.79,1
offend,3.29,4.81,4.17,1
offender,3.25,4.52,3.86,1
offense,4.05,4.67,4.4,1
offensive,3.8,4.95,5.17,1
offer,5.67,3.5,5.44,1
office,4.54,3.05,5.16,1
officer,4.91,4.38,4.41,1
official,5.75,4.04,5.45,1
offset,4.79,4.05,4.75,1
offshore,4.95,3.5,4.13,1
offspring,5.89,4.65,6.35,1
ogre,3.57,5.19,4.32,1
oil,3.91,4.25,5.63,1
oily,4.14,4.53,4.62,1
oink,5.21,3.73,4.62,1
ointment,4.81,2.86,5.0,1
okra,5.55,3.27,6.24,1
old,3.19,4.48,4.22,1
olden,5.25,3.17,4.46,1
oldie,5.470000000000001,3.98,5.699999999999999,1
olive,6.05,3.92,5.18,1
omega,5.5,4.65,5.36,1
omelet,6.25,3.89,6.35,1
omen,3.77,4.52,3.59,1
ominous,3.95,5.57,4.48,1
omission,4.71,2.82,4.81,1
onboard,5.1,3.95,6.78,1
oncologist,3.45,3.71,4.48,1
oncology,3.32,5.8,4.27,1
oncoming,4.68,4.06,4.35,1
oneness,6.4,3.19,4.8,1
ongoing,4.79,4.24,5.08,1
onion,5.37,4.95,4.78,1
onset,4.35,4.39,4.62,1
onstage,5.48,4.48,4.94,1
oodles,5.74,5.09,5.35,1
oomph,5.52,4.27,5.07,1
ooze,3.57,5.0,3.44,1
op,5.13,3.725,4.995,1
opal,6.0,3.14,5.26,1
open,6.045,4.515,6.425,1
openness,6.52,4.37,5.86,1
opera,5.68,3.84,6.25,1
operate,5.37,4.62,5.78,1
operation,2.94,5.71,3.78,1
operational,5.6,4.32,5.81,1
operative,5.9,4.36,6.05,1
operator,4.85,2.67,4.74,1
opiate,5.35,5.06,5.12,1
opinion,6.38,4.53,6.28,1
opinionated,5.57,3.95,5.54,1
opium,3.42,3.65,4.68,1
opponent,4.42,5.5,5.8,1
opportunity,7.1,5.5,7.11,1
oppose,4.03,4.71,5.005,1
opposite,4.77,3.43,4.95,1
opposition,3.21,4.5,4.0,1
oppressed,3.1,5.05,3.81,1
oppression,2.67,4.57,2.94,1
oppressive,3.05,6.24,3.43,1
oppressor,2.81,5.48,3.0,1
opt,4.85,2.44,6.32,1
optic,5.984999999999999,3.265,5.32,1
optical,5.15,3.44,5.12,1
optimism,7.21,4.95,6.9,1
optimist,7.19,4.43,6.78,1
optimistic,7.45,4.19,7.0,1
optimum,7.38,5.21,5.55,1
option,6.37,3.19,6.36,1
optional,5.76,2.59,7.11,1
oracle,6.16,3.62,4.07,1
oral,4.95,4.33,4.56,1
orange,6.81,4.04,5.58,1
orange juice,6.62,3.95,5.91,1
orangutan,5.74,4.87,4.0,1
orb,5.0,4.26,5.48,1
orbit,5.95,4.26,5.06,1
orbital,5.5,4.24,5.48,1
orchard,6.15,3.86,5.5,1
orchestra,6.5,4.07,5.76,1
orchid,7.0,4.11,5.58,1
ordeal,3.84,5.14,4.65,1
order,5.82,3.19,6.56,1
orderly,6.36,5.05,6.38,1
ordinance,4.75,3.95,4.67,1
ordinary,5.05,2.86,5.89,1
ordnance,4.52,2.84,5.09,1
ore,5.78,2.85,4.92,1
oregano,6.11,3.7,5.16,1
organ,4.95,3.41,5.55,1
organic,5.55,4.29,6.17,1
organism,6.0,3.48,5.22,1
organist,5.67,2.25,5.2,1
organization,5.71,3.09,5.96,1
organize,6.75,4.05,6.95,1
organizer,6.35,3.17,6.96,1
orgasm,8.01,7.19,5.84,1
orgy,5.37,7.3,5.26,1
oriental,6.26,3.18,5.45,1
orientation,6.0,3.38,5.58,1
orifice,4.48,3.17,4.45,1
origami,5.95,2.87,6.17,1
origin,5.19,3.7,5.29,1
original,7.5,4.4,7.16,1
originality,6.94,5.0,6.3,1
ornament,6.63,3.32,5.39,1
ornery,3.85,4.19,5.19,1
orphan,2.725,3.92,3.1950000000000003,1
orphanage,2.95,3.12,4.0,1
orthodontist,4.38,4.9,4.22,1
orthodox,3.95,3.14,4.75,1
orthopedic,4.32,3.78,4.63,1
ostentatious,5.05,5.25,4.4,1
ostrich,5.16,3.87,4.11,1
otter,6.95,4.42,5.19,1
ought,5.0,3.0,4.39,1
ounce,5.65,3.77,5.26,1
outage,3.86,3.92,3.0,1
outback,5.3,3.72,4.55,1
outbid,4.86,5.15,5.22,1
outboard,5.15,3.43,5.25,1
outbreak,2.47,5.38,3.4,1
outburst,4.15,6.33,4.25,1
outcast,2.86,5.17,3.81,1
outcome,5.62,3.68,6.37,1
outdated,3.63,3.76,4.0,1
outdo,4.95,5.43,6.9,1
outdoor,7.33,3.55,5.2,1
outdoors,6.91,3.94,6.2,1
outer,5.19,3.27,5.19,1
outfit,6.05,4.19,6.64,1
outgoing,6.89,5.71,5.65,1
outgrow,4.4,3.78,5.18,1
outhouse,4.19,3.43,4.59,1
outing,6.09,5.52,6.16,1
outlaw,4.1,6.0,4.1,1
outlet,5.45,3.5,6.31,1
outline,5.1,2.62,5.8,1
outlive,5.52,4.39,5.15,1
outlook,6.15,3.43,6.12,1
outnumber,3.86,4.45,4.56,1
outpatient,4.14,3.35,5.6,1
outpost,4.67,3.05,6.06,1
output,4.85,3.67,6.21,1
outrage,3.09,6.085,4.635,1
outrageous,4.19,5.35,4.56,1
outrank,4.4,4.14,5.73,1
outreach,4.94,3.95,5.74,1
outrun,6.26,5.62,5.0,1
outsider,4.3,3.52,5.17,1
outskirts,5.0,3.75,4.88,1
outsmart,5.8,5.3,7.38,1
outspoken,6.16,5.36,6.14,1
outstanding,7.1,4.04,6.86,1
outstretched,5.19,4.14,4.8,1
outweigh,4.19,3.95,5.33,1
outwit,5.3,4.04,6.89,1
oval,5.14,3.5,5.54,1
ovary,5.23,3.67,5.14,1
ovation,5.21,5.32,7.05,1
oven,6.16,2.95,6.04,1
overactive,5.19,5.12,4.27,1
overall,5.17,2.95,4.81,1
overbearing,3.65,5.1,4.26,1
overcast,4.35,3.83,4.19,1
overcoat,5.43,3.1,5.77,1
overcome,6.81,5.75,6.32,1
overcrowded,2.55,5.39,3.15,1
overdo,3.61,4.6,4.88,1
overdose,2.67,4.92,3.16,1
overdrive,5.43,5.16,5.53,1
overdue,3.39,4.62,4.37,1
overestimate,5.33,3.52,4.41,1
overflow,4.76,4.25,4.32,1
overgrown,3.29,4.29,4.86,1
overhaul,5.23,3.92,6.21,1
overhear,3.89,4.27,5.21,1
overheated,3.63,5.43,3.87,1
overjoyed,7.17,5.57,6.78,1
overkill,3.35,6.0,4.69,1
overlap,4.425000000000001,3.165,5.265000000000001,1
overlay,4.58,3.18,4.54,1
overload,3.64,4.96,4.79,1
overlook,4.3,3.78,5.1,1
overlord,3.73,4.78,4.42,1
overpass,4.77,4.0,5.32,1
overpower,4.14,4.96,5.58,1
overpriced,3.05,4.55,3.93,1
overprotective,3.16,4.37,4.85,1
overrated,3.65,5.4,4.81,1
overreact,3.59,5.23,4.48,1
override,4.355,4.0,5.555,1
overrun,3.14,4.56,3.38,1
oversee,5.68,3.65,5.42,1
overseer,4.71,5.3,5.11,1
oversight,3.6,4.45,5.32,1
oversized,4.4,3.65,4.44,1
overtake,3.95,4.36,5.39,1
overthrow,3.71,4.78,5.39,1
overtime,4.8,5.71,5.47,1
overture,5.33,4.29,5.77,1
overview,4.85,3.18,5.38,1
overweight,3.14,3.91,3.57,1
overwhelm,3.595,4.61,3.425,1
overwhelmed,2.8,4.9,2.7,1
overworked,1.9,4.42,4.36,1
overwrought,3.52,4.56,4.11,1
overzealous,5.16,5.9,5.19,1
owe,3.56,4.67,3.17,1
owl,6.3,3.57,5.02,1
owner,6.38,4.71,6.59,1
ownership,5.85,4.41,7.53,1
ox,4.95,3.82,5.81,1
oxide,5.53,2.91,4.39,1
oxygen,7.25,4.9,5.69,1
oyster,4.81,3.11,5.18,1
ozone,5.05,4.17,5.25,1
pace,5.0,3.0,6.11,1
pacemaker,4.9,4.36,5.1,1
pacifier,5.52,3.2,5.11,1
pacifist,4.78,3.17,5.46,1
pacify,5.67,2.55,5.32,1
pack,5.55,4.1,6.05,1
package,5.17,4.73,5.17,1
packaging,5.15,3.3,5.36,1
packer,4.9,4.23,4.86,1
packet,5.16,3.62,5.55,1
pact,5.0,3.73,6.0,1
pad,5.195,3.36,5.165,1
padded,5.14,2.87,5.56,1
paddle,5.38,4.17,5.43,1
paddle boat,5.85,3.05,6.44,1
padlock,4.8,3.33,5.16,1
padre,5.84,3.57,5.0,1
pagan,5.0,5.25,4.81,1
page,5.4,4.025,6.28,1
pageant,5.0,4.42,4.88,1
pager,3.8,3.73,5.16,1
pagoda,5.6,4.5,5.52,1
pail,4.5,2.24,5.08,1
pain,2.0,6.27,3.47,1
painful,2.58,5.52,3.83,1
painkiller,5.43,3.39,4.67,1
painless,7.4,4.1,5.72,1
paint,6.32,3.875,6.94,1
paintball,5.22,5.19,4.48,1
paintbrush,6.18,3.33,5.74,1
painter,6.6,3.29,5.71,1
pair,5.95,3.35,6.68,1
paisley,5.6,3.83,5.32,1
pajama,6.86,4.37,6.54,1
pal,6.67,3.25,5.11,1
palace,6.1,4.67,5.4,1
palate,5.89,2.75,4.8,1
pale,4.11,3.18,4.18,1
paleontology,5.82,3.9,5.59,1
palette,5.14,3.3,5.76,1
pallet,4.73,4.05,5.95,1
palm,6.05,2.67,5.83,1
palomino,5.64,4.26,4.38,1
palpable,4.85,4.59,5.37,1
pamper,7.11,4.38,6.18,1
pamphlet,4.37,2.7,5.12,1
pan,5.15,3.05,6.0,1
pancake,7.57,3.665,6.215,1
pancreas,4.14,2.74,5.0,1
panda,7.55,4.05,5.14,1
pandemonium,4.4,6.15,3.77,1
pane,4.95,3.57,4.85,1
panel,4.81,2.92,5.0,1
pang,4.94,4.5,3.88,1
panhandle,4.05,3.26,4.09,1
panic,2.56,6.4,2.65,1
panicky,3.84,7.0,4.13,1
pansy,4.1,3.96,4.05,1
pant,5.475,3.85,5.425,1
pantheon,5.9,4.85,5.04,1
panther,6.1,5.45,4.4,1
panties,6.16,5.325,5.15,1
pantry,5.38,4.0,6.14,1
pantyhose,5.5,4.08,5.44,1
pap,4.71,3.52,4.11,1
papa,7.0,4.4,6.37,1
papaya,6.43,4.4,5.58,1
paper,5.42,3.52,5.64,1
paperback,6.5,4.84,5.48,1
paperboy,5.41,3.19,5.32,1
paperweight,5.05,3.38,5.62,1
paperwork,4.25,4.1,5.23,1
paprika,6.4,4.09,5.69,1
par,4.85,2.94,5.67,1
parachute,5.2,4.94,4.09,1
parade,6.37,4.8,5.78,1
paradigm,5.55,4.71,5.0,1
paradise,7.0,4.82,7.9,1
paradox,5.4,5.0,4.26,1
paraffin,5.1,3.11,5.29,1
paragraph,5.4,3.26,5.1,1
parakeet,6.65,4.5,4.55,1
paralegal,4.52,3.28,5.47,1
parallel,5.29,2.87,5.56,1
paralysis,2.9,5.07,2.9,1
paralyze,2.52,4.47,3.05,1
paramedic,5.105,4.785,4.16,1
paramilitary,3.82,4.05,4.79,1
paranoia,2.6,5.57,4.56,1
paranoid,2.9,5.09,3.81,1
paranormal,4.05,4.42,4.25,1
paraphernalia,5.11,5.18,4.59,1
paraplegic,2.85,3.82,2.6,1
parasite,1.9,5.65,3.08,1
parasitic,1.95,4.82,2.71,1
parasol,5.57,3.5,4.91,1
parcel,5.45,4.18,5.83,1
parched,3.3,4.91,4.38,1
parchment,5.48,2.9,5.23,1
pardon,5.5,2.8,5.0,1
parent,6.73,4.14,5.0,1
parental,6.21,2.73,5.93,1
parenthood,6.05,6.0,5.38,1
parenting,7.24,4.92,6.27,1
pariah,3.71,3.65,4.56,1
parish,4.0,3.45,5.57,1
park,7.0,2.7,5.56,1
parka,5.84,2.72,5.86,1
parking,4.57,3.8,6.47,1
parkinsons,2.09,4.76,3.3,1
parlay,5.15,3.29,5.38,1
parliament,4.9,2.81,4.08,1
parlor,5.85,2.71,5.29,1
parmesan,7.0,4.22,5.58,1
parody,5.75,4.76,5.52,1
parole,3.25,4.91,4.38,1
parrot,6.79,4.65,4.25,1
parsley,6.26,2.77,4.26,1
partake,5.79,4.3,6.8,1
partial,5.29,3.8,5.59,1
participant,5.32,3.29,6.43,1
participate,5.5,4.44,6.42,1
participation,6.15,3.55,6.3,1
particle,5.24,4.74,4.59,1
particular,5.05,3.9,7.53,1
partition,4.0,3.1,5.39,1
partner,7.11,3.7,6.0,1
partnership,6.5,3.73,6.33,1
partridge,5.95,3.15,4.55,1
party,7.18,6.08,5.92,1
pass,5.73,4.38,4.78,1
passage,5.88,3.35,5.68,1
passageway,5.58,4.45,5.42,1
passenger,4.55,3.82,4.0,1
passion,7.53,6.08,6.23,1
passionate,7.17,6.33,6.62,1
passive,4.84,3.55,5.64,1
passkey,5.37,3.39,5.53,1
passport,6.0,4.35,5.32,1
password,5.5,3.71,6.39,1
past,5.09,4.71,5.18,1
pasta,7.08,3.97,5.98,1
paste,4.95,2.62,5.84,1
pastime,5.94,2.75,5.48,1
pastor,5.35,3.91,5.38,1
pastrami,6.38,3.68,5.74,1
pastry,6.9,4.95,5.61,1
pasture,6.15,3.14,5.75,1
pasty,3.94,3.39,4.47,1
patch,5.11,2.84,4.4,1
patent,5.195,3.62,5.45,1
paternal,5.86,3.27,5.59,1
paternity,5.81,3.95,5.32,1
path,5.71,3.74,4.62,1
pathetic,3.11,3.56,3.18,1
pathological,2.71,3.5,4.0,1
pathologist,4.2,3.74,4.55,1
pathology,3.91,4.15,4.83,1
pathway,6.05,2.77,6.23,1
patience,6.62,3.16,7.18,1
patient,6.71,2.77,4.83,1
patio,6.61,2.55,5.64,1
patriot,5.8,4.86,6.09,1
patriotic,6.6,4.55,6.69,1
patriotism,6.55,3.89,6.23,1
patrol,4.04,4.26,5.27,1
patrolman,4.63,4.57,4.04,1
patron,5.7,2.91,6.11,1
patronize,3.295,4.41,5.205,1
patter,5.79,3.5,5.17,1
pattern,5.53,3.14,5.39,1
pauper,3.95,3.33,3.85,1
pause,5.53,2.57,6.35,1
pave,5.61,2.74,5.04,1
pavement,5.5,2.64,4.65,1
pavilion,6.1,3.04,5.25,1
paw,5.43,4.09,5.56,1
pawn,3.9,4.29,5.16,1
pawnshop,4.63,4.15,4.5,1
pay,6.23,4.24,6.33,1
payable,6.75,3.95,6.15,1
payback,5.09,5.85,5.88,1
paycheck,7.48,6.77,6.62,1
payday,7.95,6.81,5.54,1
payload,5.42,5.36,5.64,1
payment,5.16,4.44,5.19,1
payoff,6.5,6.22,5.42,1
payout,6.58,5.84,6.05,1
payphone,5.11,2.6,6.0,1
payroll,6.19,3.82,5.11,1
pea,6.05,2.68,5.359999999999999,1
peace,7.75,4.65,7.17,1
peaceful,8.0,4.38,6.84,1
peacekeeper,6.79,4.0,6.32,1
peacetime,6.7,2.57,6.21,1
peach,6.83,4.7,5.74,1
peachy,6.47,4.7,5.93,1
peak,6.1,3.9,6.48,1
peanut,6.005,3.67,5.595000000000001,1
pear,6.7,3.76,5.71,1
pearl,6.05,3.5,5.94,1
pearly,6.43,3.45,5.04,1
peasant,4.62,4.0,4.92,1
pebble,5.72,2.85,4.67,1
pecan,6.63,3.52,5.05,1
pecker,4.81,4.5,4.82,1
peculiar,4.68,4.05,5.67,1
pedal,5.16,3.89,6.06,1
peddle,4.89,3.52,5.22,1
peddler,3.77,4.83,4.0,1
pedestal,5.81,3.18,5.26,1
pedestrian,5.21,3.71,5.65,1
pediatric,5.52,3.1,5.055,1
pediatrician,6.95,4.29,5.32,1
pedicure,6.14,3.78,6.05,1
pedigree,6.33,4.09,5.59,1
pedophile,1.26,5.05,3.37,1
pee,4.5,3.32,5.91,1
peek,5.37,4.29,5.57,1
peekaboo,6.28,3.84,5.24,1
peel,4.68,3.71,5.57,1
peep,4.42,4.3,4.96,1
peeper,2.89,5.41,4.41,1
peephole,4.29,5.39,4.81,1
peer,5.64,4.05,6.05,1
peeved,3.55,5.5,5.22,1
pelican,6.21,3.55,4.96,1
pellet,4.65,3.8,5.67,1
pelvic,5.42,3.73,4.39,1
pelvis,5.33,4.2,5.16,1
pen,5.63,2.75,6.17,1
penal,3.55,3.44,3.45,1
penalty,2.8,3.89,3.7,1
penance,4.77,3.89,4.9,1
penchant,5.47,4.71,5.14,1
pencil,5.65,3.11,6.03,1
pendant,5.83,4.05,5.68,1
pending,3.79,4.55,5.4,1
pendulum,5.17,2.77,4.13,1
penetrate,5.71,6.08,5.41,1
penetration,5.81,7.25,5.41,1
penguin,6.65,4.0,4.86,1
penicillin,5.67,3.38,4.64,1
penile,4.15,4.86,4.79,1
peninsula,5.95,3.55,4.5,1
penis,5.3,5.9,6.21,1
penitent,4.81,3.8,4.37,1
penitentiary,2.05,6.35,3.43,1
penmanship,5.62,3.04,6.67,1
pennant,5.42,3.2,5.75,1
penniless,2.55,5.76,5.6,1
penny,6.29,5.55,5.4,1
pension,6.19,2.9,4.77,1
pentagram,4.42,3.89,4.24,1
penthouse,6.42,5.74,5.82,1
people,5.7,3.77,5.4,1
pep,6.15,4.83,5.86,1
pepper,5.63,4.3,5.75,1
peppermint,6.84,4.52,6.05,1
pepperoni,6.26,3.82,5.54,1
peppy,6.19,5.1,5.81,1
Pepsi,6.3,4.58,5.32,1
peptide,4.74,3.0,4.69,1
perceive,5.81,4.43,6.0,1
percent,5.67,3.24,5.5,1
percentage,4.81,2.96,6.22,1
percentile,4.55,4.52,5.24,1
perception,6.05,3.57,6.2,1
perceptive,5.95,4.36,6.95,1
perch,5.35,3.38,5.26,1
percussion,6.53,3.43,5.62,1
perfect,7.19,4.71,6.53,1
perfection,6.59,5.55,6.42,1
perfectionist,5.91,5.42,6.75,1
perfecto,7.3,4.04,5.71,1
perform,6.48,5.15,5.82,1
performance,6.2,5.61,6.95,1
performer,5.75,4.45,6.84,1
perfume,6.58,4.28,5.71,1
perfumed,6.4,4.75,6.25,1
peril,3.19,5.95,3.12,1
perilous,4.57,4.24,3.52,1
perimeter,5.45,3.7,5.85,1
period,3.33,4.2,6.0,1
periodic,4.79,3.55,4.59,1
peripheral,4.95,3.86,5.52,1
periscope,5.21,3.6,5.3,1
perish,2.22,5.19,3.35,1
perjury,2.95,4.68,4.35,1
perk,7.32,5.78,5.89,1
perky,6.0,6.57,5.75,1
perm,5.05,3.19,5.07,1
permanent,5.06,3.82,4.32,1
permissible,5.3,3.3,6.12,1
permission,5.14,4.0,5.84,1
permit,5.26,3.76,4.68,1
peroxide,5.11,3.63,5.2,1
perpetrator,3.52,5.75,3.48,1
perpetual,5.75,3.55,5.36,1
persecute,3.11,5.11,4.09,1
persecution,3.21,6.6,3.13,1
perseverance,6.33,3.41,6.89,1
persist,4.74,3.64,6.44,1
persistence,6.21,5.95,6.0,1
persistent,5.71,5.58,6.24,1
person,6.1,3.71,6.0,1
persona,5.37,3.9,6.19,1
personal,6.09,3.57,4.72,1
personality,6.14,4.5,6.71,1
personnel,5.37,3.67,5.45,1
perspective,6.21,3.64,6.36,1
perspiration,4.0,3.52,4.57,1
persuade,5.67,3.65,6.0,1
persuasion,5.67,5.16,5.73,1
persuasive,5.84,4.87,5.37,1
pert,4.95,5.41,5.14,1
pertinent,5.24,4.83,5.5,1
perverse,3.52,4.87,4.9,1
perversion,3.55,5.48,3.85,1
pervert,2.45,5.18,2.82,1
perverted,3.26,6.9,3.96,1
pesky,4.15,4.32,4.67,1
pessimist,3.81,4.2,4.33,1
pessimistic,3.9,4.48,4.0,1
pest,2.67,5.14,4.36,1
pester,3.26,5.18,4.04,1
pestilence,2.95,4.23,4.33,1
pestle,4.67,3.0,5.06,1
pesto,5.91,5.58,5.57,1
pet,7.05,3.76,5.61,1
petal,6.68,3.58,5.43,1
petite,5.86,4.78,5.37,1
petition,4.8,3.1,5.54,1
petitioner,5.55,3.83,6.24,1
petrified,3.37,5.17,3.58,1
petrol,4.52,4.04,4.55,1
petroleum,3.95,3.81,5.35,1
petticoat,5.57,3.87,5.48,1
petty,4.4,4.45,4.67,1
petunia,6.22,4.19,5.64,1
pew,5.38,2.41,5.44,1
peyote,4.77,4.58,4.29,1
phantom,4.26,5.23,4.46,1
pharaoh,5.45,4.63,5.52,1
pharmaceutical,4.67,3.35,5.0,1
pharmacist,6.33,4.48,6.0,1
pharmacy,5.05,3.68,6.05,1
phase,5.29,3.96,4.93,1
pheasant,4.95,4.05,5.69,1
phenomenal,7.11,5.35,6.04,1
phenomenon,6.79,5.0,5.05,1
pheromone,5.5,4.96,4.32,1
phi,4.33,3.32,5.17,1
philanthropist,6.57,4.17,6.0,1
philistine,3.52,3.33,4.86,1
philosopher,6.63,3.71,6.58,1
philosophical,6.21,3.5,5.39,1
philosophy,5.48,2.9,6.6,1
phlegm,2.52,4.06,4.0,1
phobia,3.68,6.57,3.65,1
phone,6.09,3.43,4.44,1
phonograph,6.14,3.32,5.5,1
phony,2.52,4.4,4.09,1
phooey,3.53,4.41,4.59,1
phosphate,4.74,3.71,4.61,1
phosphorus,4.43,3.91,4.33,1
photo,6.58,4.6,6.05,1
photogenic,6.74,4.36,5.91,1
photograph,6.61,4.57,5.8,1
photographer,6.71,3.58,5.65,1
photographic,6.81,4.19,5.58,1
photography,6.67,3.96,6.2,1
photon,4.9,3.7,4.64,1
phrase,5.5,3.0,5.12,1
physical,5.9,5.5,7.26,1
physical therapist,6.25,2.71,4.4,1
physician,5.24,3.96,5.23,1
physicist,5.9,3.41,5.7,1
physics,5.53,4.27,5.16,1
physiological,4.76,5.04,4.86,1
physiology,5.16,4.9,5.24,1
physique,5.74,4.57,6.0,1
pi,5.4,3.35,4.85,1
pianist,7.15,3.55,5.56,1
piano,6.4,3.61,5.42,1
piazza,6.53,3.73,5.26,1
piccolo,5.5,4.33,4.96,1
pick,5.91,3.62,5.94,1
picker,4.38,3.62,4.76,1
picket,4.38,3.0,5.45,1
pickle,6.035,3.24,5.48,1
pickpocket,2.35,6.0,3.6,1
pickup,4.84,3.85,6.5,1
picky,3.9,4.27,6.04,1
picnic,7.11,3.65,6.1,1
picture,6.975,3.79,6.42,1
picturesque,7.35,4.24,5.8,1
pie,6.45,4.05,6.29,1
piece,5.23,3.57,5.11,1
pier,5.86,3.75,6.14,1
piety,5.0,3.42,4.08,1
pig,4.83,3.68,5.04,1
pigeon,5.58,2.95,5.04,1
piggy,4.71,3.18,5.07,1
piggyback,5.15,4.11,4.91,1
pigheaded,3.16,4.96,4.82,1
piglet,6.13,3.95,5.75,1
pigskin,4.47,4.35,5.15,1
pigsty,2.86,4.48,4.05,1
pike,4.73,4.09,5.5,1
pile,4.74,4.43,5.57,1
pileup,2.76,5.25,4.14,1
pilgrim,5.16,4.04,5.0,1
pilgrimage,5.24,3.17,4.9,1
pill,4.16,3.73,4.88,1
pillage,3.79,4.65,3.79,1
pillar,5.48,4.3,4.89,1
pillbox,4.73,2.85,5.86,1
pillow,7.0,2.9,6.34,1
pillowcase,6.3,2.62,6.32,1
pilot,6.0,5.6,6.16,1
pimp,3.05,4.2,4.22,1
pimple,2.11,3.9,4.09,1
pin,5.29,3.73,5.76,1
pinball,6.1,4.95,6.07,1
pinch,3.5,4.44,4.77,1
pine,6.58,3.25,4.95,1
pineapple,6.9,4.41,5.65,1
ping,5.67,4.09,5.38,1
pinhead,3.95,3.9,4.86,1
pink,6.68,4.35,6.74,1
pinkie,5.82,2.85,5.08,1
pinnacle,5.26,4.32,5.92,1
pinot,5.71,3.62,5.28,1
pinpoint,5.27,4.16,6.48,1
pint,5.53,3.52,5.18,1
pinto,4.05,3.3,5.37,1
pinup,5.74,4.91,5.29,1
pioneer,6.0,3.43,6.31,1
pious,3.95,3.0,4.25,1
pipe,4.75,4.11,5.92,1
pipeline,5.05,4.33,4.76,1
piping,5.09,4.1,5.85,1
pipsqueak,4.14,4.43,4.36,1
piracy,5.65,5.64,4.38,1
piranha,3.5,5.38,4.16,1
pirate,4.19,5.26,3.81,1
piss,2.73,4.74,5.63,1
pisser,4.1,6.05,4.85,1
pistachio,6.09,4.68,5.48,1
pistol,3.92,5.79,4.53,1
piston,4.57,4.85,5.55,1
pit,3.85,3.5,4.04,1
pita,5.95,4.0,6.05,1
pitch,5.52,3.42,5.75,1
pitcher,5.7,4.09,6.08,1
pitchfork,3.53,4.35,4.6,1
pithy,4.67,3.32,5.4,1
pitiful,2.89,4.47,3.45,1
pituitary,4.79,4.4,4.91,1
pity,3.18,4.07,4.52,1
pivot,4.95,3.29,5.87,1
pivotal,5.19,3.41,5.52,1
pixie,6.5,3.86,4.86,1
pizza,7.89,4.58,5.47,1
pizzazz,6.79,5.95,5.42,1
pizzeria,6.52,5.41,5.86,1
place,5.86,3.52,6.53,1
placebo,4.6,3.32,4.58,1
placement,4.96,3.48,6.2,1
placenta,5.05,4.35,4.64,1
placid,4.84,3.45,5.68,1
plague,2.42,6.67,2.96,1
plaid,5.71,3.72,5.64,1
plain,5.08,2.68,5.56,1
plainclothes,4.94,3.0,4.32,1
plaintiff,4.0,3.86,4.25,1
plan,6.14,3.86,6.28,1
plane,5.72,4.91,5.07,1
planet,6.27,4.35,6.11,1
planetarium,6.9,3.72,4.71,1
planetary,6.67,4.65,4.81,1
plank,4.76,4.3,6.05,1
plankton,5.36,3.6,4.41,1
planner,6.32,4.0,5.83,1
plant,7.05,3.94,6.45,1
plantation,4.57,3.6,5.76,1
planter,5.85,2.67,6.86,1
plaque,3.38,4.52,5.32,1
plasma,6.05,5.3,5.19,1
plaster,5.24,3.9,4.89,1
plastic,4.48,3.36,5.24,1
plate,4.8,3.18,5.79,1
plateau,5.84,3.68,5.63,1
platform,5.0,4.18,6.42,1
plating,5.14,3.29,6.33,1
platinum,6.2,4.78,5.75,1
platonic,4.63,3.0,5.52,1
platoon,4.65,4.28,4.54,1
platter,5.3,3.4,5.36,1
plausible,5.38,3.09,5.5,1
play,7.55,3.81,6.29,1
playa,4.64,3.76,5.0,1
playback,5.76,3.36,6.14,1
playbook,6.14,4.53,6.43,1
playboy,4.15,5.24,4.28,1
player,5.55,5.95,5.68,1
playful,7.63,5.89,6.81,1
playground,7.14,4.67,6.32,1
playhouse,6.29,3.57,5.7,1
playmate,7.3,4.38,5.58,1
playoff,5.14,5.36,6.36,1
playpen,5.95,2.65,4.5,1
playroom,6.05,4.29,6.38,1
plaything,6.21,5.1,5.3,1
playtime,6.63,5.1,6.96,1
playwright,6.1,3.59,6.42,1
plaza,6.33,3.9,4.96,1
plea,4.35,4.64,4.93,1
plead,3.26,4.32,3.42,1
pleasant,7.24,2.91,6.7,1
pleasurable,7.75,6.33,6.76,1
pleasure,7.8,6.8,7.18,1
pledge,5.09,3.95,6.0,1
pliers,4.48,3.55,5.76,1
plight,4.21,3.85,4.8,1
plop,5.5,3.77,5.24,1
plot,4.9,4.52,5.29,1
plow,5.09,4.04,6.26,1
ploy,3.9,3.0,4.84,1
pluck,3.9,4.16,5.73,1
plucky,5.16,4.7,5.11,1
plug,4.42,3.35,5.67,1
plum,6.15,2.76,5.26,1
plumber,5.4,3.18,5.59,1
plumbing,4.45,3.36,5.5,1
plume,5.19,3.0,4.77,1
plummet,3.95,5.04,3.31,1
plump,4.95,4.43,5.22,1
plunder,4.0,5.05,4.46,1
plunge,4.62,4.6,3.89,1
plunger,4.25,3.15,5.2,1
plural,4.81,3.4,5.78,1
plush,6.32,3.05,5.62,1
plutonium,4.05,4.45,4.15,1
plywood,4.74,2.67,5.05,1
pneumatic,4.5,3.9,4.67,1
pneumonia,2.65,4.62,2.91,1
poacher,3.1,4.86,4.67,1
pocket,5.67,4.5,6.37,1
pocketbook,5.6,3.42,6.42,1
pocketful,6.25,2.72,6.36,1
pod,5.0,3.32,5.11,1
podium,5.05,3.52,4.61,1
poem,6.62,4.15,6.31,1
poet,6.85,2.91,5.84,1
poetic,6.83,4.4,6.32,1
poetry,6.15,3.59,5.83,1
pogo,5.4,3.94,4.95,1
poignant,5.1,4.09,6.44,1
point,5.45,3.86,6.27,1
pointer,4.57,3.73,6.12,1
pointless,3.22,4.26,3.75,1
pointy,4.26,4.55,5.04,1
poise,5.5,3.77,6.2,1
poison,2.16,6.01,3.38,1
poisoning,2.27,6.35,3.74,1
poisonous,2.52,5.67,4.0,1
poke,4.14,5.41,6.74,1
poker,5.79,5.05,5.67,1
polar,5.19,3.95,4.1,1
pole,5.6,3.05,4.59,1
police,4.59,5.95,3.44,1
police officer,4.67,5.48,4.05,1
policeman,4.21,4.06,5.76,1
policewoman,5.05,3.92,5.12,1
policy,3.77,3.3,6.11,1
polio,2.67,5.0,3.44,1
polish,6.0,3.36,6.38,1
polite,6.57,2.95,7.4,1
politeness,7.33,3.04,7.05,1
political,4.35,4.0,4.08,1
politician,3.25,4.7,4.1,1
politics,4.0,3.44,3.42,1
polka,4.79,4.17,5.04,1
poll,4.59,3.695,5.655,1
pollen,3.81,3.44,3.53,1
pollute,1.88,4.91,4.47,1
pollution,2.0,5.19,4.16,1
polo,5.21,3.95,4.6,1
poltergeist,4.4,5.55,4.05,1
polyester,4.29,3.85,5.0,1
polygraph,3.95,4.31,4.87,1
polymer,5.35,3.0,5.08,1
pomp,5.32,3.57,4.87,1
pompous,3.26,4.76,3.9,1
poncho,5.48,3.74,5.71,1
pond,6.32,2.32,5.95,1
ponder,5.65,3.95,5.62,1
pong,5.05,4.0,5.6,1
pony,6.71,4.29,5.9,1
ponytail,7.05,3.53,5.52,1
pooch,6.1,4.08,4.81,1
poodle,6.1,3.6,6.38,1
poof,5.7,3.8,4.73,1
pool,6.78,3.65,6.39,1
poop,2.6,5.14,4.48,1
poor,3.67,4.67,4.0,1
pop,6.05,4.45,5.68,1
popcorn,7.26,5.23,5.39,1
pope,4.44,3.9,4.04,1
popper,5.05,4.23,4.91,1
poppycock,5.68,5.19,4.6,1
popsicle,6.85,3.95,6.12,1
popular,5.71,4.74,5.19,1
popularity,5.81,4.32,5.89,1
population,4.81,3.96,4.24,1
porcelain,6.14,3.14,5.24,1
porch,6.4,3.36,6.11,1
porcupine,6.38,4.95,4.89,1
pore,4.71,3.12,4.89,1
pork,5.0,3.8,5.85,1
porker,3.63,3.62,4.52,1
porky,3.7,4.29,4.3,1
porn,4.32,7.24,3.82,1
porno,5.53,5.82,5.52,1
pornographic,4.77,6.09,6.21,1
pornography,3.85,6.0,4.14,1
porridge,5.0,3.33,4.52,1
port,5.55,3.38,5.92,1
portable,5.91,3.38,6.86,1
portal,5.37,3.59,5.23,1
porterhouse,5.74,4.43,5.57,1
portfolio,5.95,3.36,5.32,1
porthole,4.86,3.25,5.45,1
portion,5.16,3.91,5.05,1
portrait,6.05,3.2,7.0,1
portray,5.35,3.09,6.11,1
pose,5.63,3.11,6.3,1
posh,5.58,3.95,5.45,1
position,5.199999999999999,3.615,5.33,1
positive,7.57,5.5,7.26,1
posse,4.52,4.41,5.77,1
possess,4.67,3.95,5.59,1
possession,5.14,4.04,5.47,1
possessive,3.26,4.86,5.26,1
possibility,6.55,4.85,5.77,1
possible,7.14,3.71,6.0,1
possum,3.74,4.0,4.57,1
post,5.05,3.58,6.32,1
postage,5.09,2.57,4.36,1
postal,5.21,3.41,4.83,1
postcard,5.68,4.23,6.08,1
poster,5.35,3.14,5.95,1
posterior,5.33,2.9,5.12,1
posterity,5.89,3.85,5.62,1
postman,5.83,3.2,4.79,1
postmortem,3.19,4.71,3.32,1
postpone,4.32,2.94,4.76,1
postponement,4.0,4.36,5.37,1
posture,4.89,3.56,5.71,1
pot,5.775,3.4,5.45,1
potassium,6.1,2.43,5.16,1
potato,6.255000000000001,2.665,5.705,1
potency,5.84,4.45,6.37,1
potent,4.9,5.05,5.91,1
potential,6.86,4.09,6.47,1
pothead,3.71,4.16,3.84,1
pothole,3.54,4.79,4.33,1
potion,5.65,5.12,4.96,1
potluck,6.59,4.95,5.29,1
potpourri,5.5,2.94,5.46,1
pottery,5.79,2.75,6.0,1
potty,4.29,2.83,5.39,1
pouch,5.33,2.44,4.68,1
poultry,5.67,3.95,5.67,1
pounce,4.67,6.22,5.52,1
pound,4.359999999999999,4.484999999999999,5.055,1
pour,5.16,3.28,5.35,1
pout,3.33,4.14,5.52,1
pouty,3.71,3.74,5.33,1
poverty,2.0,5.3,3.16,1
powder,5.29,2.975,5.640000000000001,1
power,5.97,5.41,6.17,1
powerful,6.46,5.41,6.95,1
powerhouse,5.3,6.12,5.96,1
powerless,2.9,3.95,3.04,1
powwow,5.74,4.76,5.39,1
pox,2.62,4.4,3.36,1
practical,5.63,3.5,6.04,1
practice,5.72,2.5,6.11,1
practitioner,5.05,4.86,5.3,1
pragmatic,4.58,3.38,5.45,1
prairie,5.33,2.41,5.38,1
praise,7.65,5.45,6.57,1
prance,6.0,5.05,6.1,1
prank,4.79,5.36,4.74,1
prawn,4.82,2.79,4.76,1
pray,6.57,3.25,6.58,1
prayer,5.67,4.04,6.37,1
praying mantis,5.4,3.24,4.36,1
preach,4.15,3.71,5.68,1
preacher,5.09,4.55,4.85,1
precarious,4.5,3.7,3.94,1
precaution,4.57,4.0,6.12,1
precautionary,5.68,4.32,5.0,1
precedence,5.38,3.8,6.11,1
precedent,5.25,3.59,4.86,1
precinct,4.85,3.95,4.88,1
precious,6.84,3.64,5.75,1
precipice,4.58,4.14,3.79,1
precise,6.1,5.25,6.17,1
precision,6.38,3.91,6.77,1
precocious,5.8,3.5,4.81,1
predator,3.24,4.72,3.86,1
predatory,3.16,5.26,4.32,1
predecessor,5.11,3.6,4.6,1
predicament,4.11,5.3,3.95,1
predict,6.29,4.68,5.23,1
predictable,5.25,2.86,6.64,1
prediction,5.62,5.6,5.5,1
preemptive,4.26,3.77,5.39,1
preface,5.52,2.9,4.77,1
prefect,6.45,4.33,6.04,1
prefer,5.62,4.65,6.89,1
preferable,6.26,4.24,6.26,1
preference,6.16,4.23,7.27,1
preferential,5.15,3.68,5.38,1
prefix,5.24,3.7,4.85,1
pregnancy,4.79,5.0,4.56,1
pregnant,7.17,5.7,4.06,1
prehistoric,5.68,4.55,4.5,1
prejudice,2.71,5.35,3.81,1
prejudiced,2.7,4.89,3.79,1
prejudicial,3.16,5.1,4.3,1
prelim,5.2,3.62,5.14,1
preliminary,4.73,3.73,5.37,1
prelude,6.05,3.9,5.57,1
premarital,5.73,4.76,5.86,1
premature,4.1,4.62,4.4,1
premed,4.6,4.22,5.71,1
premier,5.37,4.62,5.48,1
premiere,6.47,5.3,5.45,1
premise,5.24,4.125,5.245,1
premium,6.9,5.5,5.86,1
premonition,5.11,4.64,5.3,1
prenatal,5.9,3.55,4.18,1
prenuptial,4.84,5.29,5.77,1
preoccupied,4.24,4.13,4.24,1
prep,5.29,3.19,6.45,1
preparation,5.62,3.77,6.57,1
prepare,5.32,4.15,7.26,1
preposterous,5.0,5.95,5.14,1
preppy,4.96,4.35,6.05,1
prerogative,5.32,4.55,6.32,1
preschool,6.05,3.35,4.54,1
prescribe,5.21,3.23,5.71,1
prescription,4.55,3.14,5.0,1
presence,5.75,3.6,5.59,1
present,6.85,4.82,6.65,1
presentable,6.82,4.31,6.08,1
presentation,4.9,4.65,4.62,1
presenter,5.71,5.28,5.57,1
preservation,6.68,4.6,6.0,1
preserve,4.9,3.0,6.0,1
presidency,5.65,4.58,4.96,1
president,5.210000000000001,4.27,4.449999999999999,1
presidential,4.95,4.06,5.18,1
press,5.39,2.8,4.78,1
pressure,3.56,4.48,4.4,1
prestige,6.23,3.91,6.79,1
prestigious,6.47,5.23,6.27,1
presume,4.0,3.4,5.73,1
presumption,4.42,4.5,5.69,1
presumptuous,4.1,3.47,4.81,1
pretend,4.62,4.3,5.58,1
pretender,3.6,5.55,4.77,1
pretense,4.6,4.61,4.86,1
pretentious,3.76,4.09,5.29,1
pretext,4.61,3.11,4.92,1
pretty,7.7,5.5,6.7,1
pretzel,6.81,5.7,5.69,1
prevail,5.41,4.455,6.115,1
prevent,5.42,4.18,6.21,1
prevention,5.74,3.14,5.16,1
preview,5.74,3.7,5.48,1
previous,4.74,3.59,5.12,1
prey,3.74,4.56,3.24,1
price,4.94,3.4,4.61,1
priceless,6.95,5.23,6.76,1
pricey,4.05,4.45,3.54,1
prick,2.81,4.26,4.58,1
prickly,3.59,5.21,4.76,1
pride,6.5,5.54,5.83,1
priest,4.5,3.76,5.82,1
priestess,5.42,3.35,5.3,1
priesthood,5.0,2.55,4.96,1
prig,3.86,3.29,4.55,1
prima,4.6,3.65,6.24,1
primal,4.79,5.38,4.52,1
primary,5.32,3.25,6.35,1
primate,5.84,2.95,4.18,1
prime,6.0,4.71,6.33,1
primer,5.35,4.55,5.69,1
primitive,4.1,3.62,3.38,1
primordial,4.91,4.88,5.58,1
primrose,5.33,3.62,5.59,1
prince,5.44,5.15,4.39,1
princess,7.64,5.42,5.74,1
principal,5.3,4.3,5.26,1
principle,5.225,3.33,6.055,1
print,5.5,2.74,5.88,1
printer,5.65,3.68,6.11,1
printout,5.24,3.35,5.72,1
prior,4.32,3.0,5.17,1
prioritize,5.95,4.38,6.55,1
priority,6.17,4.85,5.92,1
prison,1.94,5.1,3.54,1
prisoner,2.67,5.0,2.41,1
prissy,3.95,4.09,5.7,1
pristine,5.81,3.48,6.18,1
privacy,6.36,3.95,6.9,1
private,5.44,3.62,4.33,1
privilege,5.81,3.71,6.0,1
privileged,5.58,4.67,6.27,1
privy,4.42,3.24,4.61,1
prize,7.1,4.99,6.27,1
pro,6.36,3.81,6.32,1
proactive,6.06,3.4,7.32,1
probability,5.0,3.81,5.12,1
probable,5.45,3.35,5.38,1
probate,4.05,4.43,4.76,1
probation,3.6,4.3,3.67,1
probe,3.73,4.49,4.3100000000000005,1
problem,3.52,4.81,4.94,1
problematic,2.58,4.8,4.65,1
procedural,4.71,4.2,4.36,1
procedure,4.28,4.15,4.24,1
proceed,5.745,3.54,6.15,1
process,5.62,3.9,6.11,1
processing,5.53,3.39,6.0,1
procession,5.14,4.14,5.08,1
processor,5.26,3.5,5.09,1
proclaim,5.38,4.84,6.1,1
proclamation,5.71,4.3,5.95,1
procreate,5.33,4.7,5.64,1
procreation,5.14,6.04,6.67,1
proctologist,3.1,4.68,3.89,1
procure,5.42,4.25,5.42,1
prod,4.65,4.23,5.3,1
prodigal,5.53,3.57,5.87,1
prodigious,5.19,3.45,5.67,1
prodigy,5.8,5.35,5.96,1
produce,6.57,3.23,6.57,1
producer,6.15,3.89,5.81,1
product,5.5,3.45,6.04,1
production,6.06,4.78,6.05,1
productive,7.37,4.6,6.43,1
productivity,6.55,5.1,6.58,1
profane,2.47,4.55,3.91,1
profanity,3.43,5.52,5.48,1
profession,5.52,3.33,6.48,1
professional,6.29,4.4,6.74,1
professionalism,6.16,3.73,6.61,1
professor,5.72,3.85,4.44,1
proficiency,6.79,3.86,6.86,1
proficient,6.44,3.43,6.43,1
profile,5.94,2.6,5.32,1
profiler,4.43,4.43,4.77,1
profit,6.95,5.24,5.65,1
profitable,6.5,5.61,5.76,1
profound,6.65,4.14,5.4,1
prognosis,3.83,4.67,5.14,1
program,5.5,3.9,6.53,1
programmer,5.05,3.59,5.8,1
programming,5.11,3.5,6.24,1
progress,6.58,3.82,6.55,1
progression,6.21,2.95,6.18,1
progressive,6.26,4.38,6.61,1
prohibit,4.29,4.56,2.95,1
prohibition,2.84,4.04,4.14,1
project,5.2,4.15,6.275,1
projectile,3.85,3.67,4.12,1
projection,5.2,3.6,5.05,1
projector,5.42,3.78,5.24,1
prologue,5.89,3.2,5.92,1
prolong,4.315,3.325,4.725,1
prom,5.9,4.27,5.09,1
promenade,6.19,3.32,5.77,1
prominent,5.21,4.05,5.55,1
promiscuity,3.95,6.0,5.41,1
promiscuous,3.32,5.81,4.9,1
promise,6.795,4.3,6.4,1
promo,6.15,4.09,6.24,1
promote,6.55,4.7,6.08,1
promoter,5.3,4.36,5.25,1
promotion,7.1,5.21,6.0,1
promotional,5.45,4.77,6.53,1
prompt,6.33,2.9,5.92,1
prone,4.7,3.68,5.4,1
pronounce,5.61,2.75,5.84,1
pronto,5.7,4.05,5.81,1
pronunciation,6.2,4.2,6.38,1
proof,6.38,4.15,7.05,1
prop,5.16,3.15,5.0,1
propaganda,3.36,5.0,3.42,1
propane,4.26,3.64,5.6,1
propeller,4.95,3.53,4.91,1
proper,5.68,2.85,7.15,1
property,6.0,4.75,6.68,1
prophecy,5.62,4.38,4.7,1
prophet,5.32,3.05,4.68,1
prophetic,5.25,4.05,4.74,1
proportion,5.2,3.73,5.68,1
proposal,5.45,4.73,6.63,1
propose,6.26,4.77,5.77,1
proposition,5.84,4.86,6.18,1
proprietary,4.55,3.39,5.44,1
proprietor,5.48,4.0,5.5,1
propriety,5.14,4.14,5.58,1
propulsion,4.85,5.0,5.21,1
prose,6.43,3.4,5.0,1
prosecute,3.15,4.62,5.12,1
prosecution,3.37,4.56,2.88,1
prosecutor,3.55,6.17,5.12,1
prospect,5.78,3.68,5.52,1
prospective,5.76,4.78,5.75,1
prospector,4.84,3.74,4.86,1
prospectus,5.74,3.87,5.16,1
prosper,7.67,6.0,5.11,1
prosperity,7.1,5.3,6.55,1
prosperous,7.16,6.0,6.76,1
prostate,4.0,4.7,4.2,1
prosthetic,4.1,3.42,5.05,1
prostitute,3.42,4.86,3.91,1
prostitution,2.79,6.05,4.68,1
prostrate,3.62,4.6,4.32,1
protect,6.94,3.755,5.9350000000000005,1
protection,6.73,4.32,6.71,1
protective,6.53,3.96,6.61,1
protector,7.37,4.23,6.21,1
protein,6.55,2.95,5.08,1
protest,4.42,4.18,4.93,1
protestant,4.5,3.0,4.95,1
protocol,5.1,3.83,4.05,1
proton,6.26,3.36,4.32,1
prototype,6.48,3.92,6.68,1
proud,7.0,5.55,7.09,1
prove,6.0,3.25,5.78,1
proverb,5.95,3.55,6.14,1
proverbial,5.32,3.24,5.25,1
provide,6.67,4.76,5.96,1
provider,6.26,3.73,6.32,1
province,5.14,3.33,5.18,1
provincial,5.22,2.85,5.0,1
provision,5.74,4.19,6.14,1
provisional,4.78,3.12,5.08,1
provocation,3.89,5.11,4.32,1
provocative,5.47,5.9,4.8,1
provoke,3.3,6.72,5.23,1
prowess,5.95,5.25,6.29,1
prowl,3.39,4.32,5.04,1
prowler,2.84,5.48,3.4,1
proximal,4.45,3.59,5.42,1
proximity,4.47,3.85,6.15,1
proxy,4.95,3.2,4.41,1
prude,3.17,3.32,4.12,1
prudence,5.38,4.12,5.45,1
prudent,5.29,3.44,5.95,1
prune,5.02,2.9850000000000003,5.805,1
pry,3.57,5.3,4.85,1
psalm,6.16,3.14,5.5,1
psi,4.59,3.92,6.25,1
psoriasis,2.52,4.24,3.35,1
psych,4.67,4.6,4.05,1
psyche,5.0,4.61,4.59,1
psychedelic,4.68,5.64,4.0,1
psychiatric,3.32,4.52,4.76,1
psychiatrist,4.11,4.25,4.1,1
psychiatry,4.61,4.6,4.71,1
psychic,5.67,4.71,5.43,1
psycho,3.2,6.0,3.1,1
psychoanalysis,4.47,5.57,3.83,1
psychoanalyst,5.35,4.59,4.48,1
psychobabble,4.16,4.25,5.26,1
psychological,4.77,4.81,5.33,1
psychologist,5.05,3.78,4.53,1
psychology,4.81,3.41,4.38,1
psychopath,2.62,5.41,3.52,1
psychopathic,2.8,6.0,2.86,1
psychosis,2.65,6.0,3.52,1
psychosomatic,3.71,5.12,3.23,1
psychotherapy,4.26,4.32,4.05,1
psychotic,3.3,6.14,3.05,1
pterodactyl,5.71,4.45,5.48,1
pub,5.45,4.36,5.68,1
puberty,4.3,4.14,3.6,1
pubes,4.0,4.76,4.41,1
pubic,4.73,5.24,6.09,1
public,5.33,3.35,4.94,1
publication,5.48,2.79,4.63,1
publicist,4.32,3.62,6.08,1
publicity,4.89,4.57,4.6,1
publish,5.525,3.315,5.93,1
publisher,5.05,3.39,5.54,1
puck,4.28,4.64,4.82,1
pucker,5.58,4.73,5.56,1
pudding,6.72,3.8,5.46,1
puddle,4.3,4.33,4.73,1
pudgy,3.81,3.5,3.18,1
puff,4.755,3.98,5.395,1
puffy,4.78,4.5,5.05,1
pug,5.9,3.55,5.9,1
puke,1.84,5.05,3.09,1
pull,5.59,4.1,6.0,1
pulley,5.0,4.0,5.71,1
pulmonary,4.77,3.73,4.79,1
pulp,4.94,3.82,4.18,1
pulpit,4.05,2.9,4.92,1
pulsar,5.32,4.72,4.76,1
pulse,6.38,4.85,4.77,1
pump,4.0,4.0,5.74,1
pumpkin,7.0,3.43,5.35,1
pun,5.45,3.94,5.68,1
punch,3.27,5.8,5.26,1
punchy,4.78,4.32,3.96,1
punctual,5.73,4.27,6.85,1
punctuality,6.72,3.85,5.84,1
punctuation,5.55,2.86,5.58,1
puncture,4.33,3.83,5.35,1
pungent,3.71,4.52,4.37,1
punish,2.86,5.85,3.81,1
punishable,3.42,4.71,4.22,1
punishment,2.76,5.07,4.11,1
punitive,2.95,4.62,4.08,1
punk,4.25,4.14,3.96,1
punt,4.62,4.0,5.31,1
puny,4.0,3.27,4.04,1
pup,7.53,4.5,6.15,1
pupil,5.53,3.76,5.17,1
puppet,5.56,4.43,4.94,1
puppeteer,5.8,4.22,5.86,1
puppy,7.85,5.84,6.24,1
purchase,6.47,5.1,6.64,1
pure,6.8,4.05,6.44,1
purgatory,3.17,4.41,3.47,1
purge,3.61,5.45,4.68,1
purification,6.95,4.15,6.54,1
purify,6.95,4.88,6.77,1
purity,6.57,3.0,5.78,1
purple,5.6,4.05,5.85,1
purpose,6.67,5.05,7.42,1
purr,6.43,3.84,6.53,1
purse,5.95,3.21,5.68,1
pursue,5.39,4.45,6.12,1
pursuit,4.79,5.67,5.46,1
pus,2.52,5.0,3.55,1
push,5.39,4.4,4.06,1
pusher,3.52,4.63,4.71,1
pushover,4.1,3.9,4.64,1
pushy,3.1,4.6,4.23,1
puss,3.7,3.71,4.7,1
pussy,4.48,6.3,4.83,1
pussycat,5.26,4.0,4.75,1
putrid,2.8,4.32,3.35,1
putt,5.29,2.77,5.5,1
putter,5.42,3.17,4.88,1
putty,5.15,2.9,4.52,1
puzzle,5.565,4.425,5.335,1
pylon,4.43,3.41,5.41,1
pyramid,5.68,3.48,5.71,1
python,3.61,5.91,3.56,1
quad,4.62,4.2,5.76,1
quadrant,4.68,3.77,4.89,1
quadruple,4.79,4.24,5.05,1
quail,5.43,2.67,5.2,1
quaint,5.9,3.52,4.16,1
quake,3.3,6.9,2.71,1
qualifications,5.37,4.76,6.19,1
qualify,6.77,6.05,6.48,1
quality,6.86,3.65,6.46,1
quandary,4.68,3.59,4.19,1
quantity,5.33,3.84,5.86,1
quantum,5.15,4.67,4.85,1
quarantine,2.84,5.39,2.95,1
quarrel,2.84,5.39,4.76,1
quarry,4.74,3.57,5.74,1
quart,4.89,3.73,5.92,1
quarter,5.61,3.85,6.04,1
quarterback,5.48,3.58,5.4,1
quarterly,4.95,3.2,5.11,1
quartermaster,4.59,4.0,5.65,1
quartet,6.0,3.09,5.14,1
quartz,5.73,4.23,5.88,1
quasi,4.53,5.0,4.43,1
queasy,2.74,4.82,4.23,1
queen,6.52,5.05,6.04,1
queer,4.74,3.95,4.44,1
quench,5.82,4.7,6.11,1
query,5.24,3.76,5.68,1
quest,6.26,5.8,6.0,1
question,6.36,3.67,5.88,1
questionable,4.48,3.55,4.56,1
questionnaire,4.9,3.43,5.64,1
queue,5.26,3.1,5.17,1
quibble,4.05,3.7,4.59,1
quiche,5.47,3.15,5.15,1
quick,6.08,5.16,6.18,1
quickie,6.64,6.29,5.77,1
quicksand,3.62,4.42,3.9,1
quiet,6.47,1.95,5.8,1
quilt,5.91,3.11,5.62,1
quince,5.16,3.6,5.04,1
quintet,5.6,3.33,4.73,1
quirk,5.6,3.59,5.7,1
quirky,6.43,4.35,5.82,1
quit,3.72,4.05,4.39,1
quitter,2.95,5.43,5.62,1
quiver,4.355,4.565,4.325,1
quiz,4.53,4.95,4.9,1
quota,4.1,4.09,5.89,1
quote,5.85,2.95,5.89,1
R & B,5.47,4.27,5.42,1
rabbi,4.79,4.0,4.32,1
rabbit,7.21,3.98,5.95,1
rabble,4.77,3.14,5.18,1
rabid,2.95,6.62,3.17,1
rabies,2.17,5.99,3.47,1
raccoon,5.85,5.16,5.19,1
race,5.44,5.2,4.56,1
racehorse,5.78,4.95,5.6,1
racer,5.26,5.86,5.8,1
racetrack,5.76,5.24,5.04,1
racial,3.65,4.05,4.0,1
racism,1.48,5.88,4.46,1
racist,2.05,4.84,4.37,1
rack,5.55,4.52,5.12,1
racket,3.95,4.33,4.45,1
racketeering,3.25,3.65,4.22,1
racquetball,5.05,5.05,5.84,1
racy,4.63,5.39,6.04,1
radar,5.32,4.55,5.63,1
radial,4.71,3.61,5.06,1
radiant,7.29,5.03,6.54,1
radiate,6.9,4.81,5.43,1
radiation,3.32,4.56,4.06,1
radiator,4.55,3.67,5.19,1
radical,4.36,5.27,5.21,1
radio,6.0,3.84,6.27,1
radioactive,3.47,5.64,3.27,1
radioactivity,3.12,6.09,2.6,1
radiologist,5.45,4.55,5.43,1
radiology,4.89,4.27,5.05,1
radish,4.7,3.71,5.41,1
radium,4.37,5.29,4.43,1
radius,5.3,4.55,5.06,1
raffle,5.37,5.05,4.29,1
raft,5.7,4.55,5.76,1
rag,3.73,4.015,4.305,1
rage,2.5,6.62,4.17,1
ragged,4.2,5.2,4.96,1
raggedy,3.27,4.65,4.83,1
ragtime,5.45,3.73,6.36,1
raid,3.35,5.62,3.91,1
raider,4.43,4.4,4.37,1
rail,4.885,2.895,5.5,1
railroad,5.68,3.95,5.29,1
railway,5.42,3.25,5.0,1
rain,6.58,3.29,4.25,1
rainbow,7.3,3.94,6.11,1
rainbow trout,6.42,5.04,4.37,1
raincoat,5.63,3.48,5.42,1
rainforest,7.11,3.4,5.05,1
rainmaker,6.1,4.43,5.43,1
rainstorm,5.75,4.96,4.29,1
rainy,5.55,4.33,4.44,1
raise,7.22,5.1,5.44,1
raisin,6.05,3.65,5.73,1
rake,4.75,4.22,5.24,1
rally,4.71,5.35,5.62,1
ram,4.37,4.5,5.27,1
ramble,3.95,4.52,5.285,1
ramp,4.95,4.09,5.6,1
rampage,4.21,7.57,4.43,1
rampant,4.4,4.5,4.5,1
rampart,5.0,3.95,5.15,1
ramrod,4.57,3.61,5.17,1
ranch,5.91,5.3,5.68,1
rancher,5.95,4.32,6.04,1
rancid,2.38,5.16,4.07,1
random,5.37,4.15,4.71,1
range,5.11,3.9,5.57,1
ranger,5.79,3.5,6.0,1
rank,5.34,3.765,5.890000000000001,1
ransom,2.32,4.45,2.43,1
rant,3.43,5.23,4.45,1
rap,5.6,4.3,4.82,1
rape,1.54,7.24,2.47,1
rapid,4.57,6.45,5.24,1
rapist,1.3,6.33,2.21,1
rapper,4.9,3.61,4.77,1
rapport,6.26,3.73,5.61,1
raptor,5.05,5.7,5.09,1
rapture,5.3,4.86,4.04,1
rare,6.05,5.1,5.08,1
rarity,6.48,4.05,5.18,1
rascal,4.6,4.5,4.12,1
rash,3.15,3.82,3.0,1
raspberry,7.3,3.71,6.33,1
rat,3.21,5.9,3.35,1
ratchet,4.8,4.11,5.45,1
rate,5.68,4.17,5.0,1
rating,4.64,4.77,6.37,1
ratio,4.68,3.11,4.79,1
ration,4.42,3.76,4.945,1
rational,5.85,4.26,6.19,1
rationalize,5.47,3.59,6.43,1
rattle,4.47,4.48,4.81,1
rattler,3.4,6.3,5.04,1
rattlesnake,3.37,5.33,3.93,1
ratty,3.0,3.82,4.78,1
ravage,3.95,5.67,4.75,1
rave,5.68,4.77,5.83,1
raven,5.11,4.33,5.12,1
ravenous,4.95,4.9,4.09,1
ravine,5.21,4.65,4.75,1
ravioli,5.95,3.39,5.73,1
ravishing,7.41,6.14,5.9,1
raw,4.37,5.14,4.79,1
rawhide,4.8,4.36,4.56,1
razor,4.9,4.23,5.93,1
reach,5.78,3.35,5.72,1
react,5.15,5.48,6.12,1
reaction,4.68,3.95,6.3,1
reactive,5.2,4.64,5.0,1
reactor,4.47,4.42,4.52,1
read,6.73,3.7,6.11,1
reader,6.52,4.45,6.95,1
readiness,6.24,3.92,6.0,1
readout,4.95,3.24,5.67,1
ready,6.64,3.9,6.06,1
real,7.09,4.05,5.89,1
realism,6.24,4.28,6.11,1
realist,5.53,4.25,5.58,1
realistic,5.89,4.09,6.77,1
reality,5.73,4.1,7.26,1
realization,6.42,3.67,5.68,1
realize,6.44,3.24,6.94,1
realm,5.39,4.0,5.65,1
realtor,4.42,4.14,6.11,1
realty,4.95,3.0,5.18,1
reap,5.23,4.68,6.57,1
reaper,3.41,5.05,4.24,1
rear,4.68,3.86,5.61,1
rearrange,5.52,3.19,6.41,1
reason,6.27,3.33,6.11,1
reasonable,6.84,3.0,5.88,1
reasoning,6.25,5.68,6.64,1
reassign,4.75,3.67,4.94,1
reassignment,4.35,3.25,4.05,1
reassurance,6.05,3.55,5.91,1
reassure,6.55,3.7,6.07,1
rebel,4.37,5.29,5.2,1
rebellion,4.79,5.09,4.83,1
rebellious,3.89,6.45,5.46,1
rebirth,6.3,4.52,5.79,1
reboot,5.38,5.1,5.72,1
reborn,5.59,4.89,5.3,1
rebound,5.09,4.67,5.33,1
rebuild,6.38,4.43,5.29,1
rebuttal,4.42,4.6,6.13,1
recall,4.77,4.48,5.78,1
recant,3.89,4.5,5.29,1
recap,5.33,3.26,5.15,1
recapture,4.9,5.32,5.62,1
receipt,5.41,4.5,5.38,1
receive,7.14,4.3,6.79,1
receiver,4.9,3.89,6.0,1
recent,5.42,3.82,4.86,1
receptacle,5.24,3.1,5.64,1
reception,6.0,4.05,6.08,1
receptionist,5.37,3.09,5.58,1
receptive,6.32,3.9,5.46,1
receptor,5.63,3.36,6.11,1
recess,6.57,4.15,5.32,1
recession,2.68,4.7,3.0,1
recharge,6.32,4.81,6.3,1
recheck,4.95,4.95,5.38,1
recipe,6.85,4.45,7.05,1
recipient,5.68,5.53,4.81,1
reciprocal,4.95,3.28,4.67,1
reciprocate,6.6,3.71,5.96,1
recital,4.7,4.2,5.23,1
recitation,4.55,3.33,5.33,1
recite,5.45,3.29,5.32,1
reckless,3.09,5.18,4.4,1
reckon,5.075,4.04,5.17,1
reclaim,5.55,4.52,5.77,1
reclining,6.67,2.38,5.5,1
recluse,3.71,3.05,4.57,1
recognition,6.68,4.45,7.0,1
recognizable,6.32,4.59,6.5,1
recognize,6.14,4.2,7.11,1
recoil,4.8,4.63,4.31,1
recollect,5.05,3.05,5.75,1
recollection,5.29,3.55,5.5,1
recommend,6.52,3.71,6.3,1
recommendation,6.1,3.0,6.22,1
recon,4.68,4.71,5.3,1
reconcile,6.84,4.0,5.63,1
reconciliation,5.47,4.05,6.32,1
reconfigure,4.85,3.52,5.4,1
reconnaissance,5.52,4.21,5.32,1
reconnect,6.37,4.05,6.08,1
reconsider,5.74,3.55,5.25,1
reconstruct,5.7,3.95,6.08,1
reconstruction,4.79,4.86,5.91,1
reconstructive,5.05,4.73,5.86,1
reconvene,4.95,4.05,4.83,1
record,5.555,3.415,5.545,1
recorder,5.53,3.32,6.27,1
recount,4.89,4.1,5.22,1
recourse,5.38,4.15,5.71,1
recover,6.4,4.42,5.91,1
recovery,6.43,4.12,6.37,1
recreate,6.0,3.65,5.77,1
recreation,6.7,4.33,7.18,1
recreational,6.76,4.9,6.16,1
recruit,4.53,4.77,6.0,1
recruiter,5.56,4.17,4.16,1
recruitment,4.81,4.0,4.5,1
rectal,2.9,4.41,4.44,1
rectangular,5.25,2.7,5.5,1
rectify,5.6,3.57,5.81,1
rectory,4.14,3.91,5.05,1
rectum,3.23,4.18,5.42,1
recurring,4.42,3.43,4.74,1
recycle,5.883333333333333,3.6466666666666665,5.996666666666666,1
red,5.67,5.02,5.2,1
redecorate,6.24,3.0,6.33,1
redeem,5.95,4.2,5.35,1
redemption,6.33,3.68,6.44,1
redesign,5.76,4.54,5.94,1
redhead,6.71,3.91,5.52,1
redheaded,6.67,3.95,5.62,1
redirect,4.28,3.05,4.89,1
redneck,4.4,4.5,5.05,1
redo,4.68,4.85,4.3,1
reduce,5.1,3.67,4.92,1
reduction,5.0,3.0,5.25,1
redundancy,3.86,3.35,5.42,1
redundant,4.1,3.05,4.23,1
redwood,5.68,3.15,4.9,1
Reebox,5.4,2.88,4.41,1
reef,5.63,3.67,5.29,1
reefer,4.42,5.29,5.65,1
reek,2.32,4.86,4.86,1
reel,5.5,3.44,5.05,1
reelection,5.35,4.32,5.59,1
reenactment,5.45,4.14,5.7,1
reentry,4.67,3.57,6.78,1
reestablish,6.14,4.0,6.18,1
ref,5.35,3.38,4.55,1
refer,5.18,4.09,5.58,1
referee,5.1,3.65,5.09,1
reference,5.63,3.41,5.38,1
referral,5.52,4.52,5.64,1
refill,5.48,3.52,6.8,1
refine,5.640000000000001,3.775,6.93,1
refinement,6.05,3.78,5.54,1
refinery,4.76,3.61,4.24,1
reflect,6.1,3.35,6.72,1
reflection,5.7,4.1,5.65,1
reflective,5.57,3.38,6.84,1
reflex,5.24,4.7,4.09,1
reform,5.05,4.78,5.57,1
refrain,5.3,3.47,5.23,1
refresh,6.835,3.385,6.15,1
refreshment,6.82,4.22,6.59,1
refrigerator,5.76,3.25,5.82,1
refuel,5.5,4.84,6.75,1
refuge,5.95,3.36,4.74,1
refugee,4.68,4.29,3.86,1
refund,7.0,4.96,6.45,1
refusal,2.95,3.0,4.91,1
refuse,3.42,4.32,4.5,1
refute,4.37,4.55,4.96,1
regain,6.25,3.05,6.08,1
regal,5.9,3.25,4.38,1
regard,5.7,3.39,6.38,1
regatta,4.9,3.26,5.1,1
regenerate,5.76,4.65,5.95,1
regeneration,6.0,5.0,6.35,1
reggae,5.19,5.0,6.24,1
regime,4.17,3.89,4.56,1
regimen,5.32,3.71,5.6,1
regiment,5.16,3.0,5.83,1
regimental,5.1,3.45,5.15,1
region,5.21,3.24,6.04,1
regional,4.95,4.95,5.08,1
register,5.43,3.14,5.29,1
registrar,5.37,3.27,4.79,1
registration,4.79,3.09,5.32,1
registry,4.68,3.52,6.05,1
regression,3.48,3.74,4.4,1
regret,3.41,4.9,5.63,1
regretful,3.1,4.56,4.09,1
regrettable,3.53,5.0,4.43,1
regroup,4.7,4.09,6.28,1
regular,6.09,3.65,6.74,1
regulate,5.16,3.95,5.59,1
regulation,4.15,3.45,4.24,1
regulator,4.9,3.79,5.69,1
rehab,3.19,4.38,5.17,1
rehabilitate,6.32,4.67,4.86,1
rehabilitation,5.24,4.24,5.26,1
rehash,4.25,3.79,5.35,1
rehearsal,6.1,4.84,5.62,1
rehearse,5.42,4.2,6.67,1
reign,5.325,4.234999999999999,5.58,1
reimburse,6.24,5.29,5.85,1
rein,4.95,2.9850000000000003,4.945,1
reincarnation,5.56,4.8,4.04,1
reindeer,6.62,3.59,5.5,1
reinforce,5.53,3.96,4.94,1
reinforcement,5.0,4.3,5.8,1
reinstate,5.11,3.33,5.25,1
reiterate,4.9,3.62,6.2,1
reject,2.675,4.74,2.9450000000000003,1
rejection,2.6,5.05,3.91,1
rejoice,7.14,5.56,7.68,1
rejoin,5.85,3.26,5.72,1
rekindle,6.19,4.35,6.17,1
relapse,2.91,4.05,3.62,1
relate,6.05,3.64,6.0,1
relation,5.84,4.36,5.75,1
relationship,7.83,5.0,5.83,1
relative,5.9,3.86,4.81,1
relativity,5.8,3.38,5.28,1
relax,8.004999999999999,3.335,7.135,1
relaxation,8.0,3.15,7.12,1
relaxed,7.25,2.49,7.09,1
relay,4.86,4.25,5.81,1
release,6.64,4.55,6.37,1
relentless,5.0,4.74,5.88,1
relevance,5.7,4.84,5.73,1
relevant,5.84,2.95,5.74,1
reliable,7.3,3.76,6.72,1
relic,6.0,4.0,5.7,1
relief,6.63,4.42,5.64,1
relieve,7.25,3.9,6.62,1
religion,5.42,5.0,4.42,1
religious,5.2,4.63,6.23,1
relinquish,3.74,4.5,4.42,1
relish,4.55,4.45,5.56,1
relive,5.89,4.22,5.47,1
reload,5.13,4.27,5.95,1
relocate,4.05,4.38,5.3,1
relocation,4.63,4.2,5.17,1
reluctance,4.05,4.42,4.32,1
reluctant,3.76,3.6,5.16,1
rely,5.76,3.8,5.05,1
remain,5.44,3.385,5.67,1
remainder,5.63,4.18,5.27,1
remake,4.53,3.16,5.84,1
remark,5.05,3.0,6.3,1
remarkable,7.18,4.3,5.64,1
remarry,5.52,4.58,5.7,1
rematch,5.95,4.82,6.57,1
remedial,4.05,3.4,4.5,1
remedy,6.62,4.33,6.82,1
remember,6.5,3.14,6.31,1
remembrance,5.57,4.35,6.38,1
remind,4.81,4.2,6.47,1
reminder,6.0,3.48,6.33,1
reminisce,6.67,4.09,6.04,1
reminiscent,6.11,3.62,6.04,1
remiss,4.29,3.0,5.4,1
remission,5.19,3.65,4.1,1
remodel,5.59,3.95,6.45,1
remorse,3.63,4.29,4.57,1
remote,5.42,3.5,5.54,1
removal,4.26,3.86,4.91,1
remove,4.21,3.11,4.56,1
remover,4.67,3.0,5.42,1
renal,4.0,3.77,4.42,1
render,4.86,4.16,5.36,1
rendezvous,6.3,5.1,6.17,1
rendition,5.11,3.6,5.3,1
renegade,4.53,4.86,5.53,1
renegotiate,5.9,3.7,5.42,1
renew,6.0,4.14,6.44,1
renewal,5.86,5.23,6.14,1
renounce,4.26,4.95,5.13,1
renovation,5.63,4.67,6.05,1
renown,5.83,2.95,5.83,1
renowned,6.0,3.25,5.24,1
rent,4.41,4.25,5.68,1
rental,4.58,3.73,5.14,1
reopen,5.75,4.14,5.68,1
reorganize,5.67,4.16,6.22,1
rep,4.86,3.95,5.2,1
repaint,4.62,3.35,6.18,1
repair,4.89,3.38,5.78,1
repairman,5.0,3.83,5.18,1
repay,5.18,3.65,5.94,1
repeat,4.64,3.7,6.21,1
repel,3.67,4.43,4.75,1
repellent,4.73,4.65,5.37,1
repent,4.4,4.25,4.41,1
repentance,6.0,4.04,5.65,1
repentant,4.95,3.98,5.13,1
repertoire,5.47,3.27,5.96,1
repetition,4.64,4.24,5.0,1
repetitive,4.05,3.91,4.89,1
rephrase,5.0,2.65,6.09,1
replace,5.56,3.41,5.61,1
replacement,5.45,4.24,4.84,1
replay,5.74,4.05,5.47,1
replenish,6.9,3.5,6.36,1
replica,5.4,3.5,4.86,1
replicate,4.95,3.9,5.96,1
reply,6.15,3.44,6.79,1
report,4.77,3.52,4.94,1
reporter,4.57,3.17,5.17,1
repose,5.0,2.48,5.68,1
reposition,5.05,3.6,4.55,1
repossess,3.0,4.33,4.2,1
reprehensible,4.43,3.96,3.5,1
represent,5.43,3.86,6.12,1
representation,4.86,4.36,5.8,1
representative,4.79,3.98,5.365,1
repressed,3.47,3.24,4.35,1
repression,2.81,4.15,4.14,1
reprieve,4.95,3.92,5.67,1
reprimand,2.67,4.86,3.32,1
reproach,5.26,4.3,5.11,1
reproduce,5.63,4.61,4.88,1
reproduction,6.67,4.71,5.45,1
reproductive,5.68,4.83,4.74,1
reprogram,5.52,3.71,6.0,1
reptile,4.58,5.89,4.55,1
republic,4.8,3.48,5.16,1
republican,4.26,3.11,5.4,1
repugnant,2.83,3.64,4.04,1
repulsive,1.95,5.12,3.59,1
reputable,6.47,3.52,5.53,1
reputation,5.63,5.0,5.58,1
reputed,4.9,3.68,5.52,1
request,5.85,4.45,5.67,1
require,4.74,4.33,4.79,1
requirement,5.1,3.27,4.3,1
requisition,4.71,4.5,5.48,1
reread,5.18,3.68,5.4,1
reroute,3.78,3.0,4.0,1
rerun,4.63,3.48,4.74,1
reschedule,3.72,2.95,4.79,1
rescind,3.81,3.87,4.81,1
rescue,7.04,5.0,5.94,1
research,6.5,4.8,7.16,1
researcher,5.7,2.86,5.81,1
resemblance,5.68,3.58,4.85,1
resemble,5.9,3.77,6.12,1
resent,3.28,4.05,4.21,1
resentful,3.0,4.35,4.12,1
resentment,3.0,5.19,4.05,1
reservation,5.0,4.24,5.0,1
reserve,5.885,3.475,5.475,1
reservoir,5.37,3.22,5.0,1
reset,4.65,3.17,5.86,1
reside,5.57,3.43,5.69,1
residence,6.74,3.17,5.0,1
residency,5.37,3.43,5.96,1
residential,6.05,3.27,5.82,1
residual,5.09,3.19,4.23,1
residue,3.95,3.39,4.5,1
resign,4.17,3.88,6.0,1
resignation,4.19,4.7,5.19,1
resilient,5.71,4.65,5.52,1
resin,4.84,3.68,4.8,1
resist,3.95,3.6,6.11,1
resistance,3.74,5.23,3.92,1
resistant,3.86,4.0,4.75,1
resolute,5.95,2.86,5.92,1
resolution,6.0,3.7,6.42,1
resolve,5.85,2.65,6.92,1
resonance,5.9,4.45,5.43,1
resort,7.76,4.16,6.09,1
resounding,5.7,4.33,5.48,1
resource,5.63,3.71,6.17,1
resourceful,7.25,4.0,6.48,1
respect,6.79,4.79,7.26,1
respectability,6.26,4.24,6.41,1
respectable,6.55,4.05,7.3,1
respectful,7.45,3.32,6.74,1
respective,5.9,3.76,6.42,1
respiration,6.14,4.29,5.91,1
respirator,3.11,3.73,2.93,1
respiratory,4.45,3.77,5.75,1
respite,5.76,3.68,5.62,1
respond,5.71,3.09,6.0,1
response,5.95,3.56,6.05,1
responsibility,4.68,5.3,6.79,1
responsible,6.28,3.0,7.39,1
responsive,6.1,4.9,5.54,1
rest,7.86,2.29,5.78,1
restart,4.4,4.55,6.63,1
restaurant,6.95,4.19,5.82,1
restful,6.05,2.58,6.0,1
restitution,5.81,4.1,5.57,1
restless,3.63,4.05,4.35,1
restock,4.84,3.27,4.74,1
restoration,5.8,3.76,6.26,1
restore,5.86,4.1,6.76,1
restrain,3.975,4.6850000000000005,4.875,1
restraint,3.47,4.05,4.45,1
restrict,3.655,4.47,3.475,1
restriction,4.0,4.58,3.48,1
restroom,4.47,4.09,5.12,1
result,6.11,4.14,6.13,1
resume,4.89,3.67,5.04,1
resurrect,6.41,4.76,4.27,1
resuscitate,5.65,4.62,5.91,1
resuscitation,4.89,4.54,5.5,1
retail,5.0,3.62,6.12,1
retain,6.25,2.76,5.76,1
retainer,4.19,3.14,4.64,1
retake,4.05,3.43,5.26,1
retaliate,3.55,5.05,4.58,1
retaliation,3.0,5.17,5.43,1
retard,3.28,3.83,3.12,1
retarded,2.25,5.43,4.16,1
rethink,5.33,3.53,5.88,1
retina,5.86,4.7,4.56,1
retinal,4.32,3.65,4.71,1
retire,6.4,2.91,5.71,1
retirement,6.6,4.09,5.62,1
retrace,4.75,3.75,5.45,1
retract,5.38,3.5,4.86,1
retraction,4.63,4.45,4.7,1
retractor,4.95,2.81,4.74,1
retreat,4.92,4.12,4.68,1
retrial,3.95,5.06,4.65,1
retribution,3.39,4.35,4.7,1
retrieval,5.45,3.24,5.52,1
retrieve,6.16,4.45,5.83,1
retriever,5.26,4.27,6.3,1
retro,5.6,4.0,5.76,1
retroactive,4.77,3.92,5.22,1
retrospect,5.76,3.23,4.86,1
return,5.95,3.29,5.71,1
reunion,6.37,4.61,5.76,1
reunite,6.86,5.05,6.37,1
rev,5.36,4.3,5.26,1
reveal,5.86,4.14,6.5,1
revel,5.4,4.05,5.57,1
revelation,5.94,3.85,5.6,1
revenge,2.75,6.14,5.72,1
revenue,7.0,4.78,5.68,1
reverence,6.11,3.25,5.08,1
reverend,5.42,2.4,5.0,1
reverent,5.44,3.88,4.93,1
reversal,4.86,3.91,6.0,1
reverse,5.2,3.73,6.08,1
revert,4.95,3.55,5.26,1
review,5.09,3.77,6.04,1
reviewer,5.16,2.95,5.05,1
revise,5.26,3.52,5.95,1
revision,4.62,4.19,6.23,1
revisit,5.81,3.9,5.84,1
revival,6.38,4.31,5.42,1
revive,6.53,3.92,6.11,1
revoke,2.95,5.0,5.0,1
revolt,4.0,4.36,4.97,1
revolting,2.47,5.9,3.95,1
revolution,4.81,5.68,5.23,1
revolutionary,6.21,4.86,5.11,1
revolutionize,5.65,5.28,5.45,1
revolve,5.6850000000000005,4.38,4.965,1
revolver,3.3,6.29,4.39,1
revue,5.32,3.5,4.94,1
reward,7.47,5.58,6.33,1
rewarding,6.75,5.65,6.58,1
rewind,5.58,4.13,5.58,1
rewire,5.67,3.73,4.9,1
rewrite,4.2,3.78,5.75,1
rhapsody,6.63,4.7,5.05,1
rhetoric,4.6,3.9,4.68,1
rhetorical,5.05,3.74,5.12,1
rhinestone,5.42,3.45,4.71,1
rhino,6.25,4.1,5.17,1
rhinoceros,6.0,4.47,4.4,1
rhubarb,6.45,4.3,5.73,1
rhyme,6.58,3.59,6.09,1
rhythm,6.42,5.14,7.0,1
rhythmic,6.3,5.05,6.26,1
rib,6.1,2.29,5.0,1
ribbon,6.7,3.63,5.31,1
rice,5.7,3.0,5.5,1
rich,6.965,6.115,6.465,1
rickety,3.52,5.35,4.15,1
rickshaw,5.63,4.3,5.32,1
ricochet,4.75,5.05,4.3,1
rid,3.67,4.38,5.06,1
riddance,4.79,4.5,4.77,1
riddle,6.3,4.48,4.39,1
ride,6.27,5.1,5.28,1
rider,5.36,4.41,5.37,1
ridge,4.62,3.52,5.28,1
ridicule,2.95,5.53,4.15,1
ridiculous,3.67,5.65,3.78,1
rife,3.32,3.4,5.4,1
riff,4.63,4.71,4.88,1
riffraff,4.05,4.57,4.21,1
rifle,4.3,6.14,5.28,1
rifleman,4.25,5.1,3.84,1
rift,3.84,4.57,5.26,1
rig,4.32,4.52,5.39,1
right,7.32,5.0,7.16,1
righteous,6.0,3.32,5.59,1
righteousness,5.18,5.0,6.05,1
rightful,6.0,3.45,6.9,1
righty,5.33,3.62,5.56,1
rigid,3.47,4.81,4.83,1
rigor,4.81,5.05,5.48,1
rigorous,4.81,5.81,6.18,1
rim,4.6,3.72,5.04,1
ring,7.09,4.43,5.44,1
ringer,4.95,4.24,5.56,1
ringleader,4.1,5.2,5.56,1
ringmaster,5.53,4.35,6.3,1
ringside,5.3,4.29,5.72,1
rink,5.67,3.32,4.62,1
rinse,5.47,2.76,6.92,1
riot,3.285,5.755000000000001,3.27,1
rip,3.28,5.26,4.12,1
ripe,5.57,4.78,5.72,1
ripper,3.11,5.1,4.48,1
ripple,5.54,3.805,5.09,1
rise,6.42,4.05,6.69,1
risk,5.17,6.43,3.89,1
risky,3.85,5.91,4.42,1
risotto,5.84,3.81,6.13,1
rite,5.58,3.9,5.41,1
ritual,4.52,4.1,5.0,1
ritualistic,4.73,4.58,5.79,1
rival,4.58,4.81,4.74,1
rivalry,4.57,5.05,5.64,1
river,6.72,4.22,4.89,1
riverbank,6.58,3.96,4.68,1
riverbed,5.9,3.64,5.05,1
riverboat,6.09,5.37,5.62,1
riveting,5.95,4.88,5.47,1
roach,2.19,5.26,3.33,1
road,5.59,3.81,6.0,1
roadblock,3.55,3.86,3.12,1
roadhouse,5.62,3.61,5.06,1
roadie,5.37,4.63,5.3,1
roadrunner,5.45,5.16,4.95,1
roadside,4.65,4.05,6.05,1
roam,4.89,4.2,6.42,1
roar,5.37,6.15,5.88,1
roast,5.67,4.025,5.470000000000001,1
rob,2.1,5.54,3.57,1
robber,2.9,6.2,3.92,1
robbery,2.76,6.32,2.67,1
robe,5.53,3.1,5.7,1
robin,6.63,2.64,4.35,1
robot,6.18,4.43,5.14,1
robotic,5.0,4.574999999999999,4.970000000000001,1
robust,6.1,5.24,5.76,1
rock,5.72,3.14,5.26,1
rocker,5.65,5.67,6.0,1
rocket,5.8,5.04,5.57,1
rod,4.95,3.05,5.19,1
rodent,3.56,3.83,4.06,1
rodeo,4.57,5.19,5.08,1
roe,4.18,4.04,5.32,1
rogue,3.89,5.04,4.63,1
role,5.1,4.4,5.36,1
roll,5.72,3.9,5.11,1
roller,5.35,3.15,4.95,1
rollercoaster,6.75,6.64,3.78,1
roman,5.55,4.36,5.78,1
romance,7.28,6.06,5.0,1
romantic,7.61,5.12,6.45,1
romp,6.79,5.8,5.61,1
roof,4.48,3.4,7.05,1
rooftop,5.42,3.44,5.65,1
rook,5.58,3.41,4.21,1
rookie,5.25,3.5,3.91,1
room,5.6,3.29,5.43,1
roomful,5.8,3.68,5.26,1
roommate,5.29,4.13,4.52,1
roomy,6.6,3.4,6.64,1
roost,5.16,3.82,5.81,1
rooster,5.53,4.57,5.09,1
root,5.33,3.62,6.05,1
root beer,6.11,3.81,5.05,1
rope,4.955,3.84,5.5600000000000005,1
rosary,5.26,3.36,4.5,1
rosemary,6.37,3.59,6.19,1
roster,4.71,3.09,6.12,1
rot,2.65,4.72,3.54,1
rotary,4.7,3.5,5.12,1
rotate,5.24,3.35,5.0,1
rotation,5.0,4.1,5.43,1
rotor,3.95,3.25,5.32,1
rotten,2.43,4.9,3.37,1
rotunda,5.74,3.05,4.93,1
rouge,5.55,4.18,5.48,1
rough,3.68,5.43,4.88,1
roughneck,3.74,4.64,6.33,1
roulette,4.37,5.48,3.56,1
round,5.89,2.5,4.78,1
roundabout,5.05,3.19,5.48,1
roundup,4.63,4.0,5.5,1
rouse,5.295,5.3100000000000005,5.255,1
route,5.86,3.83,5.23,1
routine,4.95,3.15,6.27,1
rove,4.744999999999999,3.72,5.345000000000001,1
row,5.45,3.58,5.965,1
rowboat,5.4,2.56,6.05,1
rowdy,4.16,4.88,4.7,1
royal,5.25,4.23,6.32,1
royalty,5.52,4.32,5.68,1
rub,6.63,4.35,6.78,1
rubber,4.37,4.14,5.38,1
rubbish,3.39,4.1,4.76,1
rubble,3.65,3.86,4.42,1
rubdown,6.52,4.24,5.05,1
ruby,6.79,4.05,6.0,1
ruckus,4.35,6.27,5.11,1
rudder,5.11,3.25,5.5,1
ruddy,4.65,4.33,5.0,1
rude,2.04,4.7,3.8,1
rudeness,2.57,6.2,3.62,1
rudimentary,4.45,3.0,5.28,1
ruff,4.86,5.04,5.23,1
ruffian,4.21,5.38,4.39,1
ruffle,5.19,3.64,5.31,1
rug,5.0,3.24,5.68,1
rugby,5.94,4.1,5.61,1
rugged,5.1,4.1,5.36,1
ruin,2.32,5.4,5.16,1
ruination,3.53,4.27,3.74,1
rule,4.359999999999999,4.095,4.54,1
ruler,5.0,4.47,6.62,1
rum,5.57,4.96,6.17,1
rumba,5.95,4.59,5.29,1
rumble,5.0,4.5,4.94,1
rummage,4.95,4.1,4.85,1
rumor,3.14,3.85,5.36,1
rump,5.81,4.79,5.09,1
rumpus,4.96,4.45,5.0,1
run,6.470000000000001,5.38,5.665,1
runaround,4.14,5.14,4.04,1
runaway,4.05,3.95,4.41,1
rundown,3.79,3.55,3.46,1
runner,5.68,5.05,5.9,1
running shoes,5.84,3.78,5.88,1
runny,4.14,3.81,4.23,1
runt,4.77,4.32,4.0,1
runway,4.74,4.33,4.94,1
rupture,3.21,5.26,3.32,1
rural,5.95,3.15,5.57,1
ruse,3.76,3.58,3.89,1
rush,4.05,6.55,6.79,1
rust,4.05,3.42,4.0,1
rusted,3.27,4.09,4.26,1
rustic,6.0,4.45,5.08,1
rustle,4.16,3.88,5.62,1
rustler,4.21,4.5,4.33,1
rusty,3.5,4.24,4.51,1
rut,2.9,3.87,4.0,1
ruthless,3.67,6.0,4.04,1
rye,5.45,3.78,5.45,1
sabbatical,6.0,2.75,5.76,1
saber,4.5,4.48,5.61,1
sabotage,2.0,5.15,3.64,1
saboteur,4.0,3.86,4.85,1
sac,4.35,2.85,3.55,1
sack,5.11,4.24,5.0,1
sacrament,5.61,3.35,4.24,1
sacred,6.95,5.0,5.12,1
sacrifice,4.76,4.95,5.6,1
sacrificial,3.2,5.94,4.46,1
sacrilege,3.64,4.85,4.71,1
sacrilegious,4.09,4.11,3.71,1
sad,2.1,3.49,3.84,1
saddle,4.95,3.1,5.25,1
sadist,2.11,5.0,4.32,1
sadistic,2.62,5.25,3.43,1
sadness,2.4,2.81,3.84,1
safari,6.15,5.67,5.65,1
safe,7.7,3.14,7.21,1
safeguard,5.5,3.17,4.94,1
safekeeping,6.48,2.95,6.3,1
safety,7.14,3.8,6.47,1
saffron,6.17,3.0,5.4,1
sag,3.58,3.0,3.54,1
saga,6.4,5.09,5.26,1
sage,5.79,3.33,5.25,1
saggy,2.62,3.04,4.94,1
sail,6.84,3.74,6.37,1
sailboat,6.81,2.5,6.05,1
sailor,6.1,3.87,6.09,1
saint,6.4,3.48,5.82,1
sainted,5.44,3.45,5.91,1
sake,5.28,3.2,5.17,1
salad,6.35,3.78,6.11,1
salami,4.83,4.8,6.32,1
salary,6.42,4.86,5.05,1
sale,6.23,6.05,6.16,1
salesgirl,6.26,4.45,5.63,1
salesman,4.1,3.0,5.05,1
saline,4.76,3.2,5.26,1
saliva,4.25,4.0,4.82,1
salmon,6.48,3.87,4.81,1
salmonella,2.55,4.33,3.56,1
salon,5.58,3.76,5.52,1
saloon,5.45,3.35,3.68,1
salsa,6.0,5.41,5.88,1
salt,5.785,4.285,5.675,1
saltwater,4.71,3.58,4.26,1
salty,5.1,3.94,5.14,1
salute,6.22,4.38,6.4,1
salvage,5.16,4.57,5.74,1
salvation,6.94,3.55,5.67,1
salve,4.62,3.44,5.24,1
samba,5.95,4.5,5.88,1
sample,5.76,2.87,5.71,1
samurai,5.5,5.24,6.91,1
sanatorium,3.33,4.11,3.09,1
sanctimonious,4.37,4.9,5.09,1
sanction,4.43,4.4,5.14,1
sanctity,5.43,3.79,5.64,1
sanctuary,7.05,2.64,6.15,1
sanctum,5.09,3.74,6.21,1
sand,6.16,3.43,4.82,1
sandbox,5.75,3.4,6.1,1
sander,5.4,3.29,5.46,1
sandman,4.9,3.55,5.0,1
sandpaper,4.95,3.13,5.67,1
sandstorm,4.19,4.32,4.26,1
sandwich,7.18,4.94,5.57,1
sane,6.73,3.81,6.1,1
sanitarium,3.36,4.1,3.68,1
sanitary,6.33,3.09,7.44,1
sanitation,4.76,4.3,6.33,1
sanity,5.95,4.05,6.22,1
sap,4.19,3.92,4.77,1
sapiens,5.81,2.95,5.62,1
sapphire,6.92,4.88,6.0,1
sappy,4.43,3.3,4.12,1
sarcasm,4.81,5.29,5.72,1
sarcastic,4.24,5.19,5.35,1
sarcophagus,4.81,3.7,4.58,1
sardine,4.24,3.95,5.38,1
sarsaparilla,5.4,3.08,5.15,1
sash,5.48,4.0,5.5,1
sashimi,4.77,5.11,4.43,1
sassafras,5.48,3.67,5.48,1
sassy,5.19,5.16,6.32,1
satanic,1.94,5.26,3.92,1
satchel,5.21,3.36,5.46,1
satellite,5.56,5.17,4.53,1
satin,6.24,3.7,5.58,1
satire,5.81,3.73,5.63,1
satisfaction,7.18,3.18,6.44,1
satisfactory,6.62,3.14,6.12,1
satisfied,7.16,3.95,6.26,1
satisfy,7.285,5.18,6.53,1
saturated,4.77,4.95,5.14,1
saturation,4.42,3.86,4.64,1
satyr,4.05,4.14,5.25,1
sauce,6.58,3.95,5.85,1
saucer,5.16,3.7,4.91,1
saucy,6.11,5.62,6.25,1
sauerkraut,5.5,3.9,5.12,1
sauna,5.68,4.95,5.77,1
sausage,6.32,4.8,6.27,1
savage,4.29,4.68,4.22,1
savannah,6.05,3.5,5.86,1
savant,5.11,4.45,5.44,1
save,7.26,4.62,6.34,1
saver,6.44,2.68,5.84,1
savings,7.67,2.86,6.85,1
savior,6.59,4.37,5.23,1
savor,6.7,3.64,6.67,1
savvy,6.4,4.23,6.44,1
sawdust,5.32,2.95,4.96,1
sawmill,4.57,4.9,4.72,1
sax,6.16,3.4,5.62,1
saxophone,6.32,4.67,5.74,1
sayonara,5.22,3.15,4.92,1
scab,3.1,3.15,3.52,1
scaffold,4.78,4.11,5.24,1
scalding,3.02,5.21,3.91,1
scale,5.06,3.8,5.17,1
scalp,3.75,3.82,5.74,1
scalpel,3.95,4.48,4.23,1
scam,2.53,4.64,3.74,1
scamp,5.16,4.14,4.55,1
scampi,5.86,3.58,5.0,1
scan,5.47,4.09,5.63,1
scandal,3.63,5.64,3.88,1
scandalous,3.32,5.85,4.52,1
scanner,5.57,4.0,5.33,1
scapegoat,3.0,4.8,3.65,1
scar,3.71,6.55,4.1,1
scarce,3.37,3.9,4.04,1
scare,3.55,7.1,4.58,1
scarecrow,5.19,3.16,5.37,1
scared,2.8,6.1,4.2,1
scarf,6.0,2.39,6.39,1
scary,3.0,5.35,3.7,1
scat,3.68,5.33,5.17,1
scatter,3.9,4.52,4.21,1
scavenger,3.85,5.14,4.29,1
scenario,5.58,2.91,5.96,1
scene,5.94,1.95,5.29,1
scenery,6.18,4.43,5.63,1
scenic,6.9,3.88,6.37,1
scent,6.5,5.05,5.31,1
scented,6.42,4.19,5.0,1
scepter,5.1,3.6,5.04,1
schedule,4.71,3.35,6.95,1
schematic,4.63,3.6,5.36,1
scheme,3.8,5.57,4.71,1
schilling,5.25,2.8,4.76,1
schizophrenia,3.42,6.76,3.35,1
schizophrenic,2.91,5.41,3.1,1
schlep,4.55,3.59,5.07,1
schmuck,3.95,4.95,4.44,1
schnapps,5.79,4.65,5.42,1
schnitzel,5.55,4.46,5.33,1
scholar,6.33,4.25,6.04,1
scholarly,6.43,5.4,6.17,1
scholarship,6.76,5.8,6.08,1
scholastic,6.63,3.8,6.67,1
school,5.41,4.57,5.88,1
schoolboy,5.53,2.89,4.48,1
schoolgirl,5.91,4.86,5.9,1
schoolhouse,6.0,3.2,4.57,1
schooling,6.2,4.52,5.5,1
schoolmaster,4.95,3.24,4.8,1
schoolteacher,5.14,3.95,5.23,1
schoolwork,4.71,4.09,5.81,1
schoolyard,5.41,5.37,5.14,1
schooner,4.95,2.29,5.38,1
science,6.32,5.25,6.74,1
scientific,5.95,4.22,6.12,1
scientist,5.83,4.14,6.68,1
scintillating,6.5,5.1,5.64,1
scissors,5.03,4.02,6.89,1
scoff,3.47,3.4,5.7,1
scold,2.77,4.19,4.59,1
scone,5.62,4.35,5.48,1
scoop,5.24,3.39,6.11,1
scoot,5.74,4.24,5.13,1
scooter,5.42,3.72,5.35,1
scope,5.17,3.48,4.83,1
scorch,3.495,4.94,4.965,1
score,6.5,6.35,7.32,1
scoreboard,5.4,4.59,5.4,1
scorer,5.42,3.64,6.41,1
scorn,3.07,4.53,4.05,1
scornful,2.5,4.71,5.04,1
scorpion,3.68,6.45,4.67,1
scotch,5.89,4.2,5.32,1
scoundrel,3.25,6.26,4.88,1
scour,4.89,4.09,5.32,1
scourge,4.13,4.91,4.25,1
scout,6.0,4.52,5.32,1
scowl,3.24,4.56,4.74,1
scrabble,6.14,3.52,6.56,1
scram,3.57,3.65,4.5,1
scramble,5.205,4.32,4.675,1
scrambler,4.86,3.44,5.21,1
scrap,4.71,3.43,5.18,1
scrapbook,5.71,3.9,6.91,1
scrape,3.74,4.5,4.41,1
scrappy,4.0,4.78,4.78,1
scratch,4.95,4.35,4.5,1
scratchy,3.65,4.82,4.58,1
scrawny,3.89,4.26,3.61,1
scream,3.02,6.74,4.51,1
screamer,3.68,6.52,4.96,1
screech,3.5,6.05,4.88,1
screen,5.16,4.115,5.915,1
screenplay,5.65,4.09,6.0,1
screenwriter,6.21,3.64,5.59,1
screw,5.24,5.4,5.16,1
screwball,4.57,4.05,4.58,1
screwdriver,5.76,3.8,6.09,1
screwy,3.86,4.19,4.84,1
scribble,5.21,3.76,5.6,1
scrimmage,4.91,5.63,4.75,1
script,5.42,3.65,4.67,1
scripture,5.47,2.89,5.15,1
scroll,5.32,3.86,5.82,1
scrotum,4.8,4.62,5.24,1
scrounge,3.67,4.05,4.43,1
scrounger,3.65,5.75,5.15,1
scrub,4.53,3.95,5.17,1
scruffy,4.42,4.38,5.18,1
scrumptious,7.2,4.95,5.85,1
scrutiny,3.83,4.05,3.56,1
scuba,5.86,3.86,5.05,1
scuff,3.26,3.82,4.33,1
scuffle,3.78,4.41,5.5,1
scullery,4.47,3.53,3.91,1
sculptor,5.91,4.87,6.05,1
sculpture,6.5,3.48,5.62,1
scum,2.12,5.2,4.87,1
scumbag,2.48,5.1,2.73,1
scurry,2.95,4.59,4.13,1
scurvy,2.76,5.18,4.12,1
scuttle,4.5,3.86,4.93,1
sea,6.56,2.8,5.22,1
seaboard,5.75,3.45,5.95,1
seafood,6.45,4.73,5.54,1
seagull,5.27,2.9,4.41,1
seal,5.0,2.5,5.63,1
seam,5.25,3.5,5.33,1
seaman,5.28,4.3,5.6,1
seamstress,5.6,3.18,5.45,1
search,5.56,3.85,5.0,1
searchlight,5.35,3.65,5.45,1
seashore,7.68,3.0,6.0,1
seasick,1.89,5.0,2.39,1
seaside,7.67,4.41,5.76,1
season,6.9350000000000005,3.475,6.355,1
seasonal,6.58,4.3,4.68,1
seasoning,6.38,2.55,6.04,1
seat,5.275,2.955,5.545,1
seatbelt,5.79,3.55,4.79,1
seawater,5.95,3.0,4.48,1
seaweed,4.52,3.9,5.14,1
sec,4.74,2.95,4.52,1
secluded,5.21,3.45,4.39,1
seclusion,3.91,3.23,5.05,1
second,5.23,3.48,5.35,1
second cousin,6.11,4.04,4.16,1
secondary,4.77,3.85,4.96,1
secondhand,5.53,3.77,3.93,1
secrecy,4.15,5.18,5.08,1
secret,5.33,4.14,5.41,1
secretary,5.18,3.8,6.68,1
Secretary of State,4.29,3.52,5.85,1
secretive,4.15,5.73,5.81,1
sect,3.81,3.5,4.71,1
section,5.05,3.75,6.0,1
sector,4.67,4.0,5.18,1
secular,4.81,3.52,5.09,1
secure,7.08,3.6,7.0,1
security,6.41,4.19,6.0,1
sedan,5.05,3.39,6.0,1
sedate,4.8,4.0,4.76,1
sedation,4.38,3.48,4.12,1
sedative,4.89,3.45,4.21,1
sediment,5.11,2.91,4.43,1
sedition,3.86,4.13,4.57,1
seduce,6.74,6.23,6.18,1
seducer,3.84,6.33,5.57,1
seduction,6.86,7.16,4.9,1
seductive,6.2,6.52,5.85,1
seed,6.09,3.66,5.515000000000001,1
seedy,3.86,4.05,4.7,1
seek,6.25,3.9,6.16,1
seeker,6.33,4.95,5.85,1
seer,5.35,3.77,5.41,1
seesaw,6.5,4.58,5.14,1
segment,4.63,3.61,5.29,1
segregation,3.05,4.09,3.59,1
seismic,4.45,4.32,3.78,1
seize,3.79,4.06,5.18,1
seizure,3.05,4.67,3.59,1
select,6.1,4.05,5.46,1
selection,5.1,3.95,6.82,1
selective,5.21,3.95,6.45,1
selectman,4.84,2.8,4.55,1
selenium,4.86,2.71,4.5,1
self,6.86,4.78,7.74,1
selfish,3.3,4.57,5.32,1
selfishness,2.95,4.57,4.94,1
selfless,7.11,4.52,6.63,1
sell,5.33,4.19,5.88,1
seller,4.82,4.09,4.68,1
sellout,3.74,3.83,3.5,1
seltzer,4.33,2.9,4.4,1
semantics,5.0,4.21,5.11,1
semblance,5.0,3.83,5.1,1
semen,3.85,5.0,4.16,1
semester,5.0,4.2,4.95,1
semi,5.57,3.32,4.95,1
semiautomatic,4.68,6.32,4.35,1
seminar,5.2,3.74,4.82,1
seminary,5.64,3.81,5.12,1
senate,3.38,3.63,3.52,1
senator,4.395,3.825,5.095,1
send,6.18,3.43,5.94,1
sender,6.43,3.24,5.45,1
senile,3.14,3.68,3.0,1
senior,4.79,3.44,5.26,1
seniority,5.0,3.55,6.2,1
senor,5.24,4.25,6.48,1
senorita,7.1,5.4,5.77,1
sensation,6.14,4.96,5.89,1
sensational,7.21,5.7,6.37,1
sense,6.09,3.7,6.29,1
senseless,3.32,3.96,3.36,1
sensibility,6.2,3.45,6.45,1
sensible,6.74,3.72,6.0,1
sensitive,6.33,3.68,5.0,1
sensitivity,5.5,5.3,5.42,1
sensor,4.6,3.47,5.05,1
sensory,6.15,4.52,5.96,1
sensual,7.4,6.35,6.31,1
sensuality,6.71,5.45,6.26,1
sensuous,5.79,5.86,5.61,1
sentence,5.13,3.09,6.53,1
sentencing,3.61,4.57,3.53,1
sentient,5.16,3.64,5.5,1
sentiment,6.2,3.54,5.32,1
sentimental,6.27,2.95,6.73,1
sentimentality,6.0,3.55,5.71,1
sentinel,4.38,3.45,4.44,1
sentry,4.16,3.59,4.7,1
separate,3.95,3.91,4.14,1
separation,3.05,3.67,4.0,1
septic,3.5,3.76,3.05,1
sequel,5.76,3.35,4.9,1
sequence,5.84,2.9,5.92,1
serenade,6.43,3.32,6.58,1
serendipity,6.95,3.23,5.22,1
serene,6.9,4.67,6.5,1
serenity,7.75,2.95,5.97,1
sergeant,3.89,5.1,3.83,1
serial,3.45,4.33,5.86,1
serialize,4.25,3.95,5.15,1
series,5.23,3.62,6.05,1
seriousness,4.33,3.9,5.41,1
sermon,4.86,3.1,5.32,1
serpent,3.45,4.83,3.59,1
serum,4.1,3.78,5.38,1
servant,4.0,3.77,4.71,1
serve,5.36,3.7,6.47,1
server,5.35,3.71,5.14,1
service,6.83,2.95,5.33,1
servitude,3.0,4.5,2.46,1
sesame,5.45,3.95,5.91,1
session,5.1,3.38,5.21,1
set,5.23,3.1,5.81,1
setback,3.22,3.95,3.36,1
settle,5.62,3.4,6.16,1
settlement,5.67,3.36,4.93,1
setup,4.35,4.65,4.72,1
seven,4.9,3.8,5.64,1
seventeen,5.9,3.38,4.56,1
seventy,4.55,3.48,5.19,1
sever,3.52,5.39,4.38,1
severance,3.89,3.32,3.68,1
severe,3.21,5.43,4.05,1
severity,3.8,5.48,5.21,1
sew,5.67,4.35,5.77,1
sewage,2.33,4.09,3.89,1
sewer,2.9,3.39,4.12,1
sewing,5.05,3.45,6.26,1
sex,6.73,7.6,6.17,1
sexist,3.4,5.72,4.08,1
sexual,6.64,6.95,7.0,1
sexuality,5.95,7.14,6.74,1
sexy,7.42,6.8,6.0,1
shabby,4.11,4.05,3.71,1
shack,3.89,3.33,4.35,1
shade,5.91,2.91,6.25,1
shadow,5.07,3.1,4.41,1
shadowy,4.48,4.48,3.86,1
shady,3.71,4.29,4.96,1
shaft,4.86,4.65,5.32,1
shag,5.38,4.95,4.86,1
shake,4.59,5.2,6.37,1
shakedown,4.05,5.55,4.7,1
shaker,5.19,3.58,5.7,1
shaky,3.16,4.33,3.8,1
shall,5.86,3.52,5.89,1
shallow,4.615,2.76,5.585,1
sham,2.98,3.685000000000001,3.375,1
shaman,5.21,4.17,4.69,1
shame,2.62,5.4,5.21,1
shameful,3.0,4.81,4.35,1
shameless,3.89,4.17,4.58,1
shampoo,5.75,3.18,6.32,1
shank,3.4,4.9,4.09,1
shanty,3.14,4.56,4.5,1
shape,5.41,3.6,5.84,1
shard,4.05,4.18,3.89,1
share,6.22,3.2,6.44,1
shareholder,4.48,2.96,4.94,1
shark,4.02,5.27,4.87,1
sharp,5.24,6.0,4.92,1
sharpen,5.67,4.74,5.67,1
sharpshooter,4.26,5.62,4.75,1
shatter,3.555,5.145,4.6,1
shave,4.9,3.11,6.19,1
shaver,5.39,4.22,5.44,1
shawl,4.9,3.35,5.24,1
shear,5.21,3.57,5.15,1
sheath,4.85,4.05,5.95,1
shed,5.37,3.64,5.59,1
sheep,5.32,2.95,4.42,1
sheepdog,6.4,3.91,5.37,1
sheer,5.38,5.55,5.44,1
sheet,5.57,2.64,5.0,1
sheik,5.15,4.39,4.92,1
shelf,5.62,3.09,6.0,1
shell,6.05,3.23,5.62,1
shellfish,5.0,2.9,5.09,1
shelter,6.5,3.25,6.11,1
sheltered,5.39,3.14,4.1,1
shepherd,5.75,3.05,5.72,1
sherbet,6.36,4.65,6.37,1
sheriff,4.44,4.3,3.67,1
sherry,5.95,3.65,5.25,1
shield,5.91,3.65,6.41,1
shift,4.95,3.82,5.38,1
shifty,3.37,4.78,4.72,1
shilling,5.36,3.76,5.32,1
shimmer,6.88,4.85,5.435,1
shimmy,6.52,5.2,5.97,1
shin,5.465,3.785,5.88,1
shindig,6.9,5.8,6.19,1
shine,7.27,5.19,5.96,1
shiner,4.84,4.0,4.88,1
shingle,4.45,3.71,4.52,1
shiny,6.68,4.45,6.17,1
ship,5.869999999999999,4.175,5.96,1
shipment,5.26,3.91,6.05,1
shipshape,5.2,4.29,5.57,1
shipwreck,3.84,6.85,3.48,1
shipyard,5.05,3.52,4.65,1
shire,5.78,3.3,5.76,1
shirt,5.56,2.3,5.67,1
shit,3.91,5.67,4.59,1
shitfaced,4.65,6.05,3.23,1
shithead,2.37,6.0,3.96,1
shitload,4.76,6.19,5.09,1
shitty,2.3,5.45,4.1,1
shiver,3.61,4.65,3.04,1
shock,4.265,5.625,4.955,1
shocker,4.35,4.62,3.92,1
shoddy,4.14,4.8,4.83,1
shoe,5.83,2.985,5.915,1
shoelace,5.71,3.13,5.38,1
shoemaker,5.86,2.7,5.83,1
shoeshine,5.68,2.9,5.75,1
shoot,3.16,6.24,4.03,1
shooter,3.7,6.48,4.8,1
shootout,3.32,6.09,4.27,1
shop,5.89,4.76,5.72,1
shopkeeper,5.35,3.57,6.0,1
shoplifter,2.26,5.59,4.86,1
shoplifting,2.95,4.32,4.76,1
shopper,5.29,3.94,6.06,1
shoreline,6.29,4.42,5.81,1
short,5.8100000000000005,3.4250000000000003,5.48,1
short story,5.42,3.86,5.25,1
shortage,3.63,3.72,3.35,1
shortcake,6.89,4.14,5.5,1
shortcut,5.84,4.05,5.15,1
shorten,5.05,2.77,5.35,1
shorthand,4.9,4.44,5.45,1
shortness,3.75,4.48,4.41,1
shortstop,5.3,4.4,5.81,1
shortwave,5.3,4.33,4.21,1
shotgun,3.5,6.55,4.92,1
shoulder,5.1,2.96,4.81,1
shout,5.0,6.29,5.85,1
shove,3.1,3.83,4.41,1
shovel,4.8,3.5,6.42,1
showbiz,5.52,6.05,5.24,1
showboat,5.0,4.12,5.27,1
showcase,6.29,3.71,4.4,1
showdown,4.68,5.55,5.08,1
shower,7.19,4.15,7.47,1
showgirl,5.38,5.76,5.59,1
showoff,4.0,5.45,4.53,1
showroom,5.57,3.88,5.0,1
shrapnel,3.6,4.96,3.43,1
shred,4.53,3.7,5.32,1
shrew,3.83,3.87,4.48,1
shrewd,4.4,4.18,6.29,1
shriek,3.45,5.37,4.0,1
shrill,3.33,5.95,3.52,1
shrimp,6.95,3.78,5.23,1
shrine,5.38,3.35,5.31,1
shrink,4.0,3.42,3.7,1
shrivel,4.21,4.14,4.05,1
shroud,4.21,3.4,4.5,1
shrug,4.71,3.9,5.1,1
shrunken,3.58,4.43,4.36,1
shudder,4.1,4.48,4.16,1
shuffle,4.785,4.065,5.345,1
shuffleboard,4.77,3.92,5.65,1
shun,2.42,4.04,4.63,1
shunt,4.2,3.76,4.68,1
shut,4.5,4.05,5.61,1
shutdown,3.57,2.92,5.35,1
shuteye,5.47,3.06,4.59,1
shutter,4.7,3.38,5.28,1
shuttle,5.65,3.81,5.86,1
shy,5.16,3.33,4.5,1
shyness,4.43,3.0,5.9,1
shyster,3.68,4.0,3.35,1
sibling,7.27,5.16,4.81,1
sick,2.29,4.67,2.84,1
sickbay,3.65,4.18,4.81,1
sickening,2.53,5.05,3.8,1
sickle,3.95,3.5,4.32,1
sickly,3.16,4.41,3.85,1
sickness,2.4,3.95,2.8,1
sidearm,4.55,3.67,4.86,1
sidebar,4.95,3.85,4.89,1
sideburns,4.18,4.29,5.39,1
sidecar,6.11,4.73,4.5,1
sidekick,6.14,4.08,5.79,1
sideline,4.55,3.35,4.5,1
sideshow,4.86,5.0,5.58,1
sidewalk,5.67,3.65,6.19,1
sidewinder,4.26,5.09,4.23,1
siege,4.1,5.55,4.39,1
siesta,6.38,3.59,6.6,1
sift,5.09,3.67,5.43,1
sigh,4.29,2.91,5.0,1
sight,7.11,3.2,5.94,1
sighting,5.57,4.26,5.62,1
sightseeing,7.38,5.08,6.41,1
sigma,4.83,3.23,5.26,1
sign,5.27,3.19,5.38,1
signal,5.27,4.05,7.05,1
signature,5.57,3.3,6.88,1
significance,6.21,4.0,5.96,1
significant,6.6,4.9,6.0,1
signify,5.16,4.8,5.58,1
silence,5.25,3.48,6.26,1
silencer,3.9,3.57,4.0,1
silent,5.14,3.21,6.59,1
silhouette,6.1,3.14,5.2,1
silicon,5.1,4.05,6.19,1
silicone,4.26,3.44,5.24,1
silk,6.55,3.88,5.55,1
silken,6.38,2.7,5.8,1
silky,7.0,3.73,5.93,1
sill,5.0,3.36,5.41,1
silliness,6.27,5.13,6.21,1
silly,6.72,4.86,6.5,1
silo,4.59,2.9,4.83,1
silver,7.48,4.0,7.05,1
silverware,5.76,2.96,5.27,1
silvery,5.72,3.67,4.88,1
similar,5.86,3.43,5.8,1
similarity,6.05,3.14,5.12,1
simmer,5.86,3.18,5.41,1
simple,7.17,2.71,6.5,1
simpleton,4.53,3.18,4.11,1
simplicity,7.05,3.57,6.18,1
simplify,6.35,3.1,6.41,1
simplistic,6.43,3.88,6.16,1
simulate,5.695,4.725,5.305,1
simulation,5.67,3.83,4.81,1
simulator,5.9,3.82,5.43,1
simultaneous,5.57,3.48,5.59,1
sin,3.08,5.82,5.74,1
sincere,6.86,3.91,7.21,1
sincerity,7.9,4.42,6.19,1
sinful,3.37,5.76,4.09,1
sing,7.5,4.1,6.67,1
singer,6.9,4.86,5.79,1
single,5.39,3.85,4.83,1
singular,4.89,3.12,5.24,1
singularity,4.6,3.22,5.33,1
sinister,2.63,5.1,4.15,1
sink,4.62,3.7,4.1,1
sinker,4.84,3.45,3.96,1
sinner,3.25,5.38,5.67,1
sinus,3.57,3.23,4.78,1
sip,5.38,2.71,6.3,1
sir,5.45,4.33,5.11,1
sire,5.38,3.54,5.47,1
siren,3.8,6.1,4.88,1
sirloin,7.38,4.0,5.9,1
sissy,3.42,3.26,4.61,1
sister,7.0,3.86,5.59,1
sisterhood,5.68,4.33,4.88,1
sit,5.82,3.19,6.06,1
sitcom,6.1,3.29,4.9,1
site,5.22,3.55,6.09,1
sitter,4.89,2.73,4.68,1
situation,5.33,4.05,4.33,1
sixpence,4.62,3.52,5.22,1
sixteen,6.3,4.2,4.36,1
sizable,6.62,4.3,6.19,1
size,5.61,3.14,5.22,1
sizzle,6.14,4.39,4.85,1
ska,4.57,3.56,5.42,1
skate,6.74,4.48,4.84,1
skateboard,5.16,4.0,5.16,1
skater,6.16,3.95,5.24,1
skedaddle,5.24,4.11,5.05,1
skeet,4.25,5.1,5.42,1
skeletal,3.63,4.2,5.65,1
skeleton,4.37,4.55,4.64,1
skeptic,4.21,5.35,5.59,1
skeptical,3.58,5.45,5.26,1
skepticism,4.3,5.3,4.92,1
sketch,6.21,4.33,6.2,1
sketchy,4.09,4.96,4.58,1
skewer,5.37,4.81,5.83,1
ski,6.08,5.725,5.28,1
skid,4.0,4.45,4.4,1
skier,5.76,3.14,5.81,1
skijump,5.11,5.5,5.36,1
skill,6.65,4.94,7.41,1
skilled,7.05,5.0,7.43,1
skillet,5.85,3.24,5.33,1
skillful,6.86,4.42,6.75,1
skim,4.67,3.55,5.62,1
skimpy,4.65,4.0,5.28,1
skin,5.78,3.25,5.0,1
skinny,5.36,4.27,5.79,1
skip,4.76,4.25,5.35,1
skirmish,4.25,5.11,4.42,1
skirt,6.14,4.88,5.86,1
skit,5.63,4.8,5.71,1
skittish,4.27,4.95,4.21,1
skull,3.63,4.98,4.19,1
skunk,3.78,5.81,4.04,1
sky,7.32,2.74,5.61,1
skylight,6.8,3.95,5.5,1
skyline,6.17,4.4,5.35,1
skyscraper,5.84,5.33,5.25,1
slab,4.7,2.4,4.27,1
slack,3.85,3.22,5.08,1
slag,2.63,3.9,3.92,1
slam,4.79,4.61,4.12,1
slammer,4.09,4.79,3.85,1
slander,2.45,5.68,3.62,1
slang,5.25,4.47,5.59,1
slant,4.84,4.1,5.08,1
slap,2.95,4.59,4.78,1
slash,4.85,5.65,4.97,1
slate,4.77,3.19,6.0,1
slaughter,2.33,5.77,3.57,1
slaughterhouse,2.68,6.76,3.17,1
slave,2.06,4.53,2.61,1
slavery,2.0,5.45,2.68,1
slay,2.63,4.9,5.39,1
slayer,4.43,4.88,5.0,1
sleaze,2.95,4.12,3.82,1
sleazy,3.85,5.64,4.6,1
sled,6.35,3.25,5.6,1
sledge,4.55,3.25,4.95,1
sledgehammer,3.57,4.43,4.41,1
sleek,6.26,4.08,5.71,1
sleep,7.22,3.6,5.3,1
sleeper,5.84,3.04,5.86,1
sleepless,3.11,4.64,3.08,1
sleepover,6.26,4.7,5.33,1
sleepy,4.36,3.04,4.56,1
sleepyhead,5.43,2.85,4.7,1
sleet,4.4,4.0,3.88,1
sleeve,5.95,3.26,6.05,1
sleigh,6.11,3.42,5.85,1
sleight,4.65,3.24,3.72,1
slender,6.05,4.17,5.32,1
slice,5.05,3.5,5.05,1
slick,4.92,3.995,5.195,1
slide,5.71,3.3,5.5,1
slider,5.94,4.35,5.44,1
slight,4.6,3.78,5.62,1
slim,6.63,4.26,4.47,1
slime,3.15,4.58,4.04,1
slimy,3.21,5.1,5.0,1
sling,4.26,4.9,5.73,1
slingshot,5.41,5.47,5.48,1
slinky,4.63,3.95,5.21,1
slip,4.33,4.7,3.81,1
slipper,5.8,3.83,5.93,1
slippery,4.38,5.35,4.0,1
slit,4.26,4.23,4.22,1
sliver,5.75,3.85,4.5,1
slob,2.48,4.7,4.29,1
slobber,3.65,4.29,3.92,1
slogan,4.9,3.45,5.24,1
slop,3.74,3.41,4.5,1
slope,5.42,3.59,4.5,1
sloppy,3.42,3.64,3.62,1
slot,5.2,4.1,5.12,1
sloth,4.05,2.9,4.0,1
slouch,3.85,3.45,4.79,1
slow,4.0,2.89,5.39,1
sludge,2.95,4.38,4.33,1
slug,3.16,4.9,4.56,1
slugger,4.67,4.96,5.88,1
sluggish,4.05,3.2,4.5,1
slum,2.55,4.2,3.83,1
slumber,6.24,2.73,5.08,1
slump,3.95,4.19,4.48,1
slur,2.89,3.48,4.47,1
slurp,5.0,4.81,5.67,1
slush,4.68,4.16,4.78,1
slut,2.55,5.96,3.9,1
slutty,3.5,6.55,5.19,1
sly,3.74,4.76,5.38,1
smack,3.95,5.39,5.11,1
small,5.76,3.43,4.53,1
smallpox,2.02,4.9,3.34,1
smart,7.73,3.81,6.81,1
smartass,5.1,5.45,5.4,1
smarten,6.22,3.7,5.84,1
smarty,6.36,4.05,6.68,1
smash,4.68,5.76,5.77,1
smear,3.84,4.04,4.89,1
smell,6.39,5.24,5.44,1
smelly,2.68,5.43,4.0,1
smidgen,5.17,3.95,5.25,1
smile,7.89,4.62,7.72,1
smiley,7.58,5.09,7.27,1
smirk,5.32,4.7,5.82,1
Smirnoff,6.44,4.45,4.76,1
smite,3.95,5.75,4.61,1
smithereens,4.16,5.14,5.13,1
smock,5.25,3.39,5.25,1
smog,2.56,4.3,2.89,1
smoke,3.44,5.0,4.17,1
smoker,3.59,3.79,4.9,1
smoky,3.73,4.87,5.26,1
smooch,7.35,5.48,6.71,1
smooth,6.42,2.76,6.26,1
smoothie,7.89,4.35,5.89,1
smother,2.68,4.75,4.2,1
smudge,4.29,3.32,4.89,1
smug,3.68,3.5,4.75,1
smuggle,3.89,5.09,4.23,1
smuggler,3.45,4.62,4.45,1
smut,3.73,5.62,4.96,1
snack,6.53,4.11,5.88,1
snafu,4.6,4.36,4.41,1
snag,4.09,4.91,4.05,1
snail,4.52,3.05,5.58,1
snake,4.03,7.24,3.65,1
snakeskin,4.41,4.71,4.14,1
snap,4.42,3.42,4.86,1
snapper,4.43,4.81,5.16,1
snappy,5.55,5.05,5.68,1
snapshot,5.84,4.28,6.35,1
snare,4.79,4.7,4.55,1
snarl,2.45,5.85,4.65,1
snatch,4.64,4.77,5.17,1
snatcher,2.95,5.48,3.92,1
snazzy,6.45,5.41,6.18,1
sneak,4.33,5.45,5.36,1
sneaker,5.85,3.45,6.31,1
sneaky,3.94,6.22,4.71,1
sneer,3.3,4.36,5.0,1
sneeze,4.0,4.81,3.2,1
snide,3.33,4.09,4.19,1
sniff,5.1,4.95,5.92,1
snip,4.32,4.74,4.95,1
sniper,3.5,5.86,3.89,1
snippy,3.57,5.8,4.67,1
snitch,3.79,5.67,4.42,1
snob,2.53,4.68,4.81,1
snoop,3.45,6.05,4.24,1
snoopy,6.11,5.05,5.13,1
snooty,3.05,4.65,5.25,1
snooze,6.36,4.0,5.68,1
snore,3.0,3.71,3.85,1
snorkel,6.0,4.28,4.96,1
snort,4.55,4.19,5.09,1
snot,3.55,4.14,4.79,1
snotty,2.85,4.52,3.91,1
snout,4.48,3.39,5.28,1
snow,6.78,4.57,5.62,1
snowball,6.86,4.3,5.12,1
snowboard,5.09,4.95,6.0,1
snowboarder,5.9,4.71,5.12,1
snowfall,6.35,4.44,4.77,1
snowflake,7.19,3.55,4.81,1
snowman,7.0,3.76,5.0,1
snowplow,5.05,3.39,5.38,1
snowstorm,3.55,5.85,3.76,1
snowy,6.59,3.96,5.08,1
snub,3.23,3.86,3.75,1
snuff,3.58,3.65,4.65,1
snug,5.63,3.25,5.54,1
snuggle,7.63,5.54,6.83,1
soak,6.05,3.0,5.6,1
soap,7.1,2.62,5.32,1
soapbox,4.9,4.22,6.05,1
soapy,5.27,4.27,6.26,1
soar,6.6,5.14,6.11,1
sob,2.65,4.89,3.29,1
sober,5.95,4.32,6.86,1
sobriety,6.0,3.8,5.62,1
soccer,5.84,4.68,5.77,1
sociable,6.43,4.35,6.35,1
social,6.08,5.16,5.17,1
socialism,4.0,4.68,3.96,1
socialist,4.11,4.44,4.32,1
socialite,4.95,4.24,4.47,1
socialize,5.95,5.1,6.44,1
society,5.24,4.55,6.32,1
sociology,4.6,3.82,5.19,1
sociopath,2.44,6.43,2.3,1
sock,4.43,3.09,5.14,1
socket,4.45,4.04,5.42,1
sod,4.85,2.14,5.08,1
soda,5.47,4.77,6.04,1
soda/pop,6.65,4.95,5.85,1
sodium,4.17,3.73,5.33,1
sofa,6.26,2.9,5.84,1
soft,7.13,3.04,6.1,1
softball,5.53,4.1,5.4,1
soften,6.57,2.96,6.19,1
softener,6.14,2.35,5.4,1
softness,6.75,5.06,5.92,1
software,6.37,3.83,5.32,1
soggy,3.47,3.65,4.2,1
soil,5.21,2.76,5.18,1
soiree,6.38,3.85,4.48,1
solace,6.37,4.35,5.58,1
solar,6.0,3.87,5.61,1
solarium,6.1,5.2,5.77,1
soldier,5.45,5.9,5.84,1
sole,4.9,3.78,5.27,1
solemn,4.66,2.9,5.92,1
solicit,3.59,4.68,4.95,1
solicitation,4.2,4.43,5.56,1
solicitor,3.32,4.0,4.14,1
solid,5.65,2.36,6.15,1
solidarity,5.71,4.0,6.27,1
solitaire,5.62,3.65,6.53,1
solitary,4.65,2.96,6.25,1
solitude,4.76,3.18,6.53,1
solo,5.91,4.12,6.04,1
solution,6.3,4.29,6.53,1
solve,6.3,4.35,6.67,1
solvent,4.79,2.77,4.87,1
somersault,6.37,4.73,6.32,1
son,6.91,4.43,5.0,1
sonar,5.32,4.11,4.81,1
song,7.59,4.6,6.95,1
songwriter,6.25,4.43,6.71,1
sonic,5.32,4.82,5.45,1
sonnet,5.86,3.33,5.48,1
soot,5.19,4.65,5.0,1
soothe,6.84,2.91,6.08,1
sophisticated,6.32,5.13,6.18,1
sophistication,6.71,5.8,6.11,1
sophomore,5.0,3.81,5.48,1
soprano,4.95,4.62,5.67,1
sorcerer,5.76,4.73,5.67,1
sorcery,5.14,4.33,4.85,1
sordid,3.38,3.87,4.0,1
sore,2.8,4.06,3.92,1
sorority,4.95,4.28,4.36,1
sorrow,2.95,3.55,3.8,1
sorrowful,3.43,3.64,4.11,1
sorry,4.81,4.62,5.65,1
soul,6.61,4.3,6.56,1
soulful,7.1,5.68,6.38,1
soulless,2.71,4.76,3.72,1
sound,6.45,4.14,5.5,1
soundproof,5.77,2.9,5.82,1
soundtrack,6.0,4.26,5.72,1
soup,7.05,4.24,6.64,1
sour,3.95,4.95,4.34,1
source,5.48,4.5,6.11,1
sourpuss,3.2,3.83,3.94,1
south,6.11,3.48,4.89,1
southbound,5.14,3.67,6.14,1
southeast,5.8,3.6,5.19,1
southern,5.67,3.09,5.39,1
southpaw,5.32,3.48,4.42,1
southwest,5.8,2.52,6.2,1
souvenir,6.89,5.13,6.16,1
sovereign,4.96,3.68,5.65,1
sovereignty,4.89,4.67,5.79,1
soviet,4.1,3.43,4.83,1
sow,5.11,3.71,5.74,1
soy,4.79,3.29,5.52,1
soy sauce,6.81,4.0,5.69,1
soybean,5.43,3.3,4.44,1
spa,7.38,3.75,6.35,1
space,6.05,3.395,4.69,1
spacecraft,5.58,6.27,5.04,1
spaceman,6.14,3.7,4.85,1
spaceship,5.61,6.0,5.15,1
spacious,6.33,3.7,5.91,1
spade,5.48,3.74,4.88,1
spaghetti,6.91,4.04,5.92,1
spam,3.1,3.83,3.95,1
span,5.74,3.1,5.78,1
spandex,4.6,4.17,4.23,1
spaniel,5.67,4.15,5.14,1
spank,3.38,5.945,4.69,1
spar,5.43,3.36,4.96,1
spare,5.57,4.45,5.63,1
spareribs,6.14,5.43,6.71,1
spark,6.05,5.83,4.9,1
sparkle,6.785,4.825,6.0600000000000005,1
sparkly,6.7,6.55,5.12,1
sparrow,6.58,3.78,4.68,1
spasm,3.17,5.24,3.26,1
spastic,3.95,5.05,3.38,1
spatial,4.73,3.38,5.88,1
spatter,4.1,3.4,4.68,1
spatula,5.14,2.86,6.41,1
spawn,4.85,4.0,5.61,1
speak,5.91,4.19,5.89,1
speakeasy,5.89,5.3,5.7,1
speaker,5.32,4.35,5.47,1
speakerphone,5.0,3.18,5.26,1
spear,4.43,4.7,5.0,1
spec,4.83,3.41,5.36,1
special,7.5,3.48,6.72,1
specialist,5.52,4.27,6.1,1
specialize,6.23,4.77,6.29,1
specialty,5.48,3.7,6.05,1
species,5.26,3.73,4.31,1
specific,5.48,2.55,5.89,1
specify,5.53,3.64,5.22,1
specimen,4.4,3.24,4.84,1
speck,4.33,3.95,4.41,1
speckled,5.78,4.45,5.64,1
spectacle,5.61,4.4,5.0,1
spectacular,7.5,6.65,6.04,1
spectator,5.58,3.44,4.35,1
spectral,5.53,4.95,4.11,1
spectrum,6.65,3.05,4.82,1
speculate,5.63,4.53,5.08,1
speculation,4.67,4.75,5.29,1
speech,5.62,4.1,6.68,1
speechless,4.53,3.45,4.45,1
speed,5.195,6.47,6.38,1
speedboat,7.0,5.65,5.87,1
speedway,6.05,5.38,5.57,1
speedy,5.9,5.1,6.16,1
spell,6.18,4.15,6.58,1
spelling,5.75,3.62,6.53,1
spend,5.91,4.48,5.88,1
spender,5.38,4.43,4.84,1
sperm,5.47,4.86,4.43,1
spew,3.37,5.0,5.39,1
sphere,6.21,4.0,5.6,1
sphincter,4.37,4.0,4.11,1
sphinx,6.05,4.9,5.27,1
spic,3.37,4.57,4.59,1
spice,6.55,4.06,6.0,1
spicy,6.32,6.63,5.55,1
spider,3.35,6.91,3.74,1
spiffy,6.35,4.5,5.85,1
spike,4.23,5.35,5.42,1
spill,3.63,3.74,4.5,1
spin,4.9,3.68,4.92,1
spinach,5.81,3.43,5.46,1
spinal,3.78,4.35,4.72,1
spindle,4.44,3.55,5.21,1
spine,5.33,3.14,5.52,1
spineless,2.95,4.57,4.1,1
spinner,4.58,4.55,5.29,1
spinster,4.14,4.0,4.71,1
spiral,6.4,5.0,4.46,1
spirit,7.0,5.03,6.38,1
spirited,7.57,5.21,7.14,1
spiritual,5.82,4.82,6.3,1
spirituality,7.26,3.1,6.7,1
spit,3.0,3.57,4.36,1
spiteful,2.89,4.71,5.13,1
spitfire,5.18,5.42,5.5,1
spittoon,3.39,3.95,4.72,1
splash,6.53,4.8,5.96,1
splat,3.79,5.0,4.7,1
splatter,4.57,5.37,4.54,1
spleen,4.47,3.55,4.92,1
splendid,7.62,3.86,6.69,1
splendor,6.95,4.0,6.07,1
splice,4.74,3.67,5.0,1
splint,3.58,3.25,5.0,1
splinter,3.15,4.5,5.67,1
split,4.5,5.55,5.79,1
spoil,3.125,4.425,4.425000000000001,1
spokesman,4.9,2.9,5.24,1
spokesperson,4.95,3.95,5.14,1
sponge,5.45,4.25,6.0,1
sponsor,5.3,4.05,6.74,1
sponsorship,5.71,4.95,6.8,1
spontaneity,6.45,5.57,6.0,1
spontaneous,6.63,5.71,6.13,1
spook,3.7,5.14,5.0,1
spooky,4.4,6.0,4.48,1
spool,5.71,3.37,5.08,1
spoon,5.9,3.79,5.18,1
spoonful,5.29,2.62,5.85,1
sport,6.595000000000001,4.550000000000001,5.975,1
sports car,6.67,4.86,5.69,1
sportsman,5.89,4.85,5.85,1
sportsmanship,6.3,5.14,6.71,1
sportswriter,5.71,4.42,6.0,1
sporty,5.78,4.55,5.0,1
spot,5.12,2.95,4.83,1
spotless,6.05,3.5,5.74,1
spotlight,5.74,4.95,5.91,1
spotter,5.37,3.0,5.24,1
spotty,4.29,4.0,4.09,1
spousal,6.0,4.42,6.21,1
spouse,7.44,5.76,4.73,1
spout,5.29,3.14,5.11,1
sprain,3.11,3.85,3.6,1
spray,5.06,4.0,6.22,1
spread,5.57,4.15,6.37,1
spreader,4.17,3.71,5.11,1
spree,5.95,5.0,5.07,1
spring,7.64,5.5,5.9,1
springtime,7.64,4.38,5.43,1
sprinkle,6.72,3.55,5.5,1
sprinkler,5.86,3.29,6.38,1
sprint,5.67,5.9,5.72,1
sprite,6.1,4.075,5.6,1
sprout,5.7,3.59,5.32,1
spruce,5.55,3.18,4.96,1
spud,5.05,4.05,4.86,1
spunk,6.17,5.2,5.64,1
spunky,5.55,5.0,7.21,1
spur,5.0,4.48,5.5,1
spy,4.68,4.74,3.84,1
squabble,3.6,4.06,3.62,1
squad,5.35,4.33,5.82,1
squadron,4.4,4.25,4.52,1
squall,4.32,4.1,4.68,1
squander,3.55,3.95,4.82,1
square,5.11,3.33,5.3,1
squash,4.28,3.88,5.24,1
squat,4.65,4.05,6.15,1
squaw,4.71,5.5,4.81,1
squawk,5.11,4.0,4.22,1
squeak,4.95,4.79,4.62,1
squeaky,4.63,4.22,4.88,1
squeal,5.14,5.45,4.57,1
squealer,3.48,6.1,3.92,1
squeamish,3.63,5.45,4.47,1
squeeze,4.85,3.91,6.0,1
squid,4.62,4.04,4.89,1
squint,4.4,3.71,4.62,1
squire,4.67,3.48,5.04,1
squirm,3.86,5.29,4.2,1
squirrel,5.71,4.48,5.62,1
squirt,5.67,4.56,4.79,1
squish,3.11,4.55,5.08,1
squishy,5.0,4.43,4.5,1
stab,3.05,5.17,4.12,1
stability,6.18,2.64,6.25,1
stabilize,5.86,3.87,5.62,1
stabilizer,5.67,3.1,5.44,1
stable,5.2,3.11,6.33,1
stack,5.33,3.33,5.86,1
stadium,5.53,5.25,5.0,1
staff,5.18,4.3,6.26,1
stag,5.16,4.5,5.33,1
stage,5.67,3.76,4.5,1
stagecoach,5.11,3.89,5.18,1
stagehand,4.76,4.09,4.19,1
stagger,3.42,4.38,4.15,1
stagnant,3.05,3.49,4.27,1
stain,3.0,4.27,4.61,1
stainless,5.85,3.36,5.56,1
stair,5.3100000000000005,3.995,5.62,1
staircase,5.2,3.3,5.64,1
stairway,5.62,3.44,5.17,1
stairwell,5.67,2.96,5.78,1
stake,4.78,3.42,4.52,1
stakeout,4.43,5.9,6.24,1
stale,3.62,2.68,4.67,1
stalemate,3.8,2.78,3.29,1
stalk,3.89,5.36,3.61,1
stalker,2.55,5.82,4.04,1
stall,4.32,2.9,5.26,1
stallion,6.35,4.77,6.56,1
stamina,6.55,4.62,6.33,1
stamp,5.8,3.45,6.69,1
stampede,4.48,6.2,3.69,1
stance,6.1,2.86,6.14,1
stand,5.27,3.1,5.89,1
standard,4.76,3.61,5.14,1
standardized,4.48,3.65,4.46,1
standby,4.68,3.28,4.06,1
standoff,3.37,4.43,5.21,1
standpoint,5.1,4.17,5.21,1
standstill,4.74,3.18,4.25,1
standup,6.0,4.32,5.82,1
staph,2.6,4.0,3.5,1
staple,5.0,4.48,4.76,1
stapler,5.25,3.29,6.42,1
star,7.47,5.5,5.82,1
star fruit,6.27,3.43,6.25,1
starboard,5.42,4.11,5.41,1
starch,4.95,3.9,6.52,1
stardom,5.85,5.45,6.68,1
stardust,6.84,4.4,4.95,1
stare,4.45,4.68,6.38,1
starfish,6.53,4.23,5.79,1
starlet,6.26,4.18,5.61,1
starlight,7.68,4.91,5.0,1
starling,5.53,4.32,5.91,1
starry,7.4,3.96,5.59,1
starship,6.32,4.83,5.41,1
start,6.41,4.81,5.5,1
starter,5.71,4.0,5.58,1
startle,4.783333333333334,5.1000000000000005,4.206666666666666,1
starvation,1.72,5.45,3.81,1
starve,2.695,4.55,3.99,1
stash,5.24,4.64,5.77,1
stat,4.86,3.76,5.11,1
state,5.73,3.29,5.65,1
stately,5.05,3.1,5.27,1
statement,5.32,3.7,6.89,1
stateroom,5.64,3.63,5.19,1
stateside,4.84,3.77,4.89,1
statesman,4.58,2.89,4.92,1
static,4.41,3.33,4.45,1
station,5.5,3.0,4.61,1
stationary,5.45,2.72,5.9,1
stationery,5.6,3.06,6.14,1
statistic,4.55,4.5,5.74,1
statistical,5.1,3.19,4.92,1
statue,5.95,2.82,4.95,1
stature,5.7,3.57,5.89,1
status,4.89,3.83,5.28,1
statute,5.18,3.65,5.67,1
statutory,4.37,5.0,4.32,1
stay,6.14,3.14,5.71,1
STD,1.95,5.36,3.42,1
stead,5.32,2.76,5.54,1
steadfast,6.68,3.95,6.77,1
steady,6.67,3.0,6.42,1
steak,6.2,3.63,6.04,1
steakhouse,6.94,3.95,5.48,1
steal,2.46,4.9350000000000005,4.25,1
stealth,5.45,4.22,5.15,1
steam,5.225,3.78,5.545,1
steamboat,5.52,5.14,5.6,1
steamer,4.91,3.73,5.54,1
steamship,5.91,4.5,5.38,1
steamy,6.39,5.71,5.79,1
steel,4.95,3.86,5.68,1
steep,5.32,4.95,5.04,1
steeple,5.62,3.04,4.89,1
steer,5.29,4.135,6.615,1
stellar,5.95,4.33,6.12,1
stem,5.1,3.47,6.19,1
stench,2.62,4.53,3.47,1
stenographer,4.95,3.81,4.95,1
step,5.526666666666666,3.3433333333333333,5.723333333333334,1
stepdaughter,5.47,3.55,4.88,1
stepfather,3.72,3.59,3.79,1
stepmother,3.67,3.69,4.17,1
stepson,4.81,3.65,4.57,1
stereo,7.1,4.04,6.81,1
stereotype,3.33,4.26,3.81,1
sterile,4.57,4.47,4.95,1
sterilize,5.59,4.24,6.64,1
sterling,5.89,5.32,5.64,1
stern,3.9,3.91,5.58,1
sternum,4.45,3.71,4.7,1
steroid,3.62,5.21,5.05,1
stethoscope,5.14,4.56,5.24,1
stew,5.86,2.95,5.36,1
steward,5.06,2.57,5.64,1
stewardess,5.9,4.14,4.97,1
stick,5.27,3.81,5.82,1
sticker,5.57,4.05,5.52,1
stickler,3.74,3.82,5.22,1
stickup,2.95,6.09,3.24,1
sticky,4.65,4.75,5.19,1
stiff,4.29,4.0,4.95,1
stigma,3.9,5.24,4.62,1
stillness,5.19,2.78,5.25,1
stimulant,6.0,5.95,5.41,1
stimulate,7.109999999999999,6.15,6.67,1
stimulation,5.14,4.71,5.3,1
stimulus,5.63,4.7,6.21,1
sting,3.06,5.675,3.96,1
stinger,3.9,4.96,4.36,1
stingy,2.53,4.73,4.54,1
stink,2.35,4.48,4.76,1
stinker,3.3,4.0,3.8,1
stinky,3.16,3.76,4.29,1
stint,4.57,3.33,5.65,1
stipend,6.05,3.77,4.41,1
stipulate,4.86,4.11,5.71,1
stir,5.35,3.05,6.71,1
stitch,4.95,3.36,5.11,1
stitching,4.68,3.52,5.45,1
stock,5.415,3.79,4.8100000000000005,1
stockade,2.67,4.67,4.36,1
stockbroker,4.05,3.1,5.44,1
stockholder,4.9,3.5,4.4,1
stockings,6.21,4.81,4.81,1
stockpile,5.53,4.55,5.5,1
stockroom,4.86,3.26,5.62,1
stoic,4.47,3.29,6.04,1
stomach,4.53,3.76,5.4,1
stomachache,2.16,5.21,4.1,1
stomp,3.9,4.82,6.44,1
stone,4.81,3.25,7.26,1
stonewall,4.58,3.7,5.24,1
stony,4.53,4.09,4.96,1
stooge,3.3,3.75,3.55,1
stool,4.47,2.39,5.2,1
stoop,4.67,3.17,4.29,1
stop,4.73,4.14,5.06,1
stopover,4.5,3.43,5.33,1
stopper,4.65,4.35,5.74,1
stopwatch,5.05,4.05,6.21,1
storage,4.95,3.68,6.23,1
store,5.94,3.43,5.44,1
storefront,5.76,3.0,5.22,1
storeroom,5.43,2.9,5.68,1
storm,5.74,5.86,3.72,1
stormy,5.14,6.52,4.53,1
story,7.27,3.52,5.33,1
storybook,6.76,3.4,6.32,1
storyteller,6.67,4.29,5.9,1
storytelling,7.0,4.4,6.18,1
stout,5.29,3.35,4.86,1
stove,5.63,3.82,6.08,1
stow,5.0,2.9,5.04,1
stowaway,4.35,4.23,4.83,1
straddle,5.62,5.0,5.15,1
straighten,6.26,3.0,5.88,1
straightforward,6.14,4.04,6.3,1
strain,3.71,4.78,4.08,1
straitjacket,2.71,5.1,3.97,1
strand,5.0,3.27,5.15,1
strange,4.72,3.5,5.28,1
stranger,4.09,5.8,4.84,1
strangle,3.0,5.43,3.62,1
strangulation,2.79,5.5,3.21,1
strap,4.935,4.5,5.67,1
strapless,5.65,5.25,5.33,1
strategic,6.57,4.32,6.29,1
strategist,5.29,5.15,5.76,1
strategy,5.95,4.15,6.67,1
stratosphere,5.52,4.19,4.48,1
straw,5.89,2.35,5.24,1
strawberry,7.25,4.05,5.54,1
stray,4.14,3.71,5.68,1
streak,5.37,4.5,5.3,1
stream,6.9,4.35,5.09,1
streamline,5.3,3.64,5.84,1
street,5.07,3.45,5.41,1
streetcar,5.44,3.75,5.24,1
streetlight,4.9,3.78,5.38,1
strength,6.73,5.3,7.42,1
strengthen,7.21,4.7,6.0,1
strenuous,4.14,5.14,4.65,1
strep,2.77,4.21,3.48,1
stress,1.79,4.72,3.85,1
stressful,2.62,5.65,3.97,1
stretch,5.0,4.73,6.23,1
stretcher,3.1,3.82,5.04,1
stricken,2.79,4.59,3.25,1
strict,3.65,4.5,5.27,1
stride,5.81,4.1,5.1,1
strife,3.68,4.17,4.18,1
strike,3.06,5.52,3.28,1
strikeout,3.16,4.9,4.78,1
striker,3.73,5.72,5.3,1
string,5.265000000000001,3.19,5.3100000000000005,1
stringy,4.05,4.27,4.84,1
strip,4.744999999999999,4.824999999999999,5.335,1
stripe,5.24,3.67,5.21,1
stripper,5.19,5.57,5.0,1
striptease,5.32,6.8,5.45,1
strive,6.32,4.62,6.35,1
stroke,4.19,4.95,4.19,1
stroll,6.25,3.22,6.82,1
stroller,5.75,3.22,5.68,1
strong,6.81,5.14,6.54,1
stronghold,5.44,3.95,5.04,1
structural,5.6,3.67,5.27,1
structure,5.68,4.0,5.83,1
strudel,6.11,3.7,5.46,1
struggle,3.0,5.9,3.67,1
strut,5.6,5.46,6.39,1
stub,3.89,3.86,4.05,1
stubborn,3.74,4.13,5.0,1
stubbornness,3.61,4.74,5.85,1
stubby,4.5,4.14,5.3,1
stud,4.89,5.14,5.05,1
student,6.41,4.25,6.79,1
studio,6.24,4.79,5.57,1
study,5.78,2.55,5.33,1
stuff,5.86,3.52,4.83,1
stuffed animal,7.21,2.77,6.39,1
stuffy,3.73,4.61,4.53,1
stumble,3.76,4.76,4.2,1
stump,4.62,3.85,4.54,1
stun,5.395,6.0,5.0,1
stunner,5.76,4.5,5.85,1
stunt,4.95,4.81,4.4,1
stuntman,5.95,6.3,4.92,1
stupendous,6.95,4.57,6.38,1
stupid,2.84,4.34,4.03,1
stupidity,2.71,4.5,4.32,1
sturdy,6.19,3.27,6.62,1
stutter,2.95,4.48,4.72,1
style,6.81,4.6,7.47,1
styling,5.7,3.72,6.41,1
stylish,5.68,4.27,6.07,1
stylist,6.0,3.32,5.56,1
suave,5.43,3.14,6.04,1
sub,5.0,3.35,5.45,1
subatomic,5.53,4.57,3.89,1
subcommittee,5.1,4.15,4.9,1
subconscious,5.5,4.0,3.72,1
subdivision,4.74,3.25,4.96,1
subdue,3.375,3.125,5.285,1
subdural,4.4,3.09,4.96,1
subject,5.33,4.2,6.37,1
subjective,5.86,3.56,5.21,1
sublet,5.27,4.21,5.19,1
sublevel,4.95,3.32,4.56,1
sublime,5.95,3.82,5.21,1
subliminal,5.19,4.17,3.78,1
submarine,6.0,4.24,4.61,1
submerge,4.47,4.14,4.82,1
submersible,4.5,4.32,4.83,1
submission,4.6,4.29,4.97,1
submissive,4.67,3.32,4.47,1
submit,3.9,3.91,4.43,1
subordinate,4.44,3.09,3.46,1
subpoena,2.64,5.0,2.67,1
subscribe,5.43,4.26,6.23,1
subscriber,5.71,2.95,4.82,1
subscription,5.29,3.05,5.86,1
subsequent,5.16,4.0,5.22,1
subservient,3.67,3.5,4.25,1
subside,5.42,3.1,5.0,1
subsidiary,4.8,3.38,5.74,1
subspace,4.45,3.73,5.2,1
substance,4.29,3.62,5.75,1
substandard,3.33,3.91,3.67,1
substantial,6.14,5.0,6.62,1
substantiate,5.37,3.52,5.45,1
substation,4.43,3.29,5.0,1
substitute,4.91,3.59,5.25,1
substitution,4.95,3.24,5.6,1
subterranean,4.75,5.1,4.88,1
subtext,4.53,3.71,4.2,1
subtitle,5.41,3.25,5.67,1
subtle,5.62,3.37,5.09,1
subtlety,4.6,3.85,5.3,1
subtract,4.25,3.96,6.1,1
suburb,5.52,4.25,5.71,1
suburban,5.85,3.41,5.69,1
suburbia,5.52,3.75,5.05,1
subversive,4.1,4.41,5.33,1
subway,5.44,4.41,4.68,1
succeed,7.05,6.71,6.1,1
success,7.49,5.8,6.38,1
successful,7.76,5.08,7.71,1
succession,4.52,3.74,5.89,1
successor,6.11,4.59,5.9,1
succubus,3.67,4.68,4.05,1
succulent,6.5,5.64,5.89,1
suck,3.71,5.6,5.47,1
sucker,4.0,4.74,4.17,1
suction,4.25,3.81,4.88,1
suds,5.24,3.73,5.5,1
sue,2.18,6.15,5.58,1
suede,5.36,2.75,5.71,1
suffer,2.05,4.5,3.32,1
suffice,5.52,3.25,6.19,1
sufficient,6.1,3.17,6.0,1
suffocate,2.62,6.09,3.48,1
suffocation,2.44,5.0,3.17,1
sugar,6.56,5.29,6.32,1
suggest,5.55,3.75,5.84,1
suggestion,5.79,4.18,6.41,1
suggestive,4.95,4.44,5.68,1
suicidal,2.15,4.91,3.24,1
suicide,1.58,6.21,4.21,1
suit,5.89,3.05,5.17,1
suitable,5.7,3.0,6.16,1
suitcase,5.25,3.24,5.5,1
suite,7.05,3.61,6.16,1
suitor,5.63,3.67,5.58,1
sulfate,4.63,3.67,4.91,1
sulfur,4.5,3.86,5.0,1
sulk,3.22,3.3,3.68,1
sullen,2.84,4.52,4.57,1
sully,3.89,4.05,4.45,1
sultan,4.48,3.48,4.94,1
sum,5.71,3.1,5.88,1
summarize,4.89,2.8,6.4,1
summary,5.05,3.29,6.09,1
summation,4.85,4.15,5.19,1
summer,7.5,5.48,6.61,1
summerhouse,7.3,4.82,5.71,1
summertime,6.74,5.32,6.5,1
summit,5.5,4.35,4.45,1
summon,4.59,4.904999999999999,4.94,1
sumo,4.45,3.71,5.48,1
sun,6.92,4.64,4.98,1
sunburn,2.76,4.45,4.12,1
sundae,7.76,4.79,5.8,1
sundial,5.95,3.22,5.19,1
sundown,6.21,3.71,4.4,1
sunflower,6.45,3.05,6.15,1
sunglasses,6.72,3.67,5.83,1
sunken,4.42,3.95,4.0,1
sunlight,7.46,4.44,6.12,1
sunny,7.95,5.38,5.11,1
sunrise,7.35,4.68,5.95,1
sunroof,6.47,3.24,6.17,1
sunscreen,5.77,3.95,5.89,1
sunset,7.46,4.68,5.32,1
sunshine,8.14,5.32,5.43,1
suntan,6.05,4.25,5.39,1
sunup,5.71,3.28,5.21,1
sup,5.53,4.3,5.26,1
super,7.05,4.25,6.91,1
superb,7.0,4.33,6.64,1
superficial,3.79,4.2,4.62,1
superfluous,4.53,4.45,4.58,1
superhero,6.89,6.0,5.83,1
superhuman,6.67,4.73,6.33,1
superintendent,4.86,3.24,5.16,1
superior,6.37,4.74,5.95,1
superiority,4.95,5.48,6.81,1
superman,6.52,5.17,5.11,1
supermarket,6.37,4.65,5.28,1
supermodel,5.53,6.09,5.18,1
supernatural,6.05,5.9,4.0,1
supernova,6.58,5.5,3.5,1
superposition,4.42,3.5,5.29,1
superpower,7.14,5.76,5.81,1
superstar,5.94,4.85,5.42,1
superstition,4.84,6.14,5.45,1
superstitious,4.75,5.95,4.89,1
superstore,6.24,4.43,4.75,1
supervise,5.05,4.0,6.1,1
supervision,4.26,5.05,4.55,1
supervisor,4.28,4.05,5.55,1
supper,6.72,3.6,5.64,1
suppertime,6.43,4.57,6.61,1
supple,5.76,4.09,5.7,1
supplement,5.43,3.22,5.22,1
supplemental,5.59,3.64,6.05,1
supplier,4.84,3.45,5.04,1
supply,5.11,3.28,5.24,1
support,6.89,3.05,6.11,1
supporter,6.05,4.41,6.32,1
supportive,6.95,3.83,6.58,1
suppose,5.34,3.405,5.175000000000001,1
suppress,2.72,3.55,4.55,1
suppression,3.68,3.17,4.29,1
supremacy,3.48,4.26,5.57,1
supreme,6.14,4.28,6.11,1
sure,6.64,3.48,6.82,1
surf,6.05,5.57,5.18,1
surface,5.62,3.04,5.16,1
surfboard,5.53,3.75,4.8,1
surfer,5.47,5.38,5.74,1
surge,5.0,5.22,5.92,1
surgeon,5.05,5.78,5.0,1
surgery,3.18,5.55,3.2,1
surgical,3.95,5.0,3.75,1
surly,3.9,3.8,4.95,1
surname,5.1,3.68,5.76,1
surplus,5.68,3.6,6.58,1
surprise,7.095000000000001,6.11,4.47,1
surprised,6.57,5.95,4.72,1
surreal,6.65,5.11,5.12,1
surrender,3.73,4.58,3.88,1
surrogate,5.27,4.27,4.5,1
surround,5.42,3.32,4.43,1
surroundings,6.37,3.43,5.7,1
surveillance,3.35,4.85,5.48,1
survey,5.55,3.68,6.93,1
survival,7.05,5.4,5.86,1
survive,6.9,4.53,6.21,1
survivor,6.68,4.81,6.25,1
susceptible,3.67,5.19,4.0,1
sushi,6.25,5.84,5.81,1
suspect,2.39,4.57,3.22,1
suspend,4.32,4.87,4.68,1
suspense,5.26,5.84,4.95,1
suspension,4.35,4.57,5.46,1
suspicion,3.33,6.04,4.95,1
suspicious,3.48,5.0,3.95,1
sustain,5.68,3.73,6.45,1
sustenance,6.0,3.28,6.12,1
suture,4.36,4.63,4.65,1
suv,4.75,3.48,5.11,1
swab,4.7,2.56,5.27,1
swag,5.37,4.33,5.94,1
swallow,5.57,3.78,5.72,1
swami,4.11,4.05,4.25,1
swamp,4.42,3.33,4.12,1
swank,4.84,4.14,5.27,1
swap,5.24,3.7,5.12,1
swarm,3.76,6.26,3.92,1
swastika,2.33,5.26,3.35,1
swat,4.38,6.21,5.24,1
sway,5.25,3.68,6.15,1
swear,3.44,5.05,4.11,1
sweat,4.38,5.1,4.69,1
sweater,6.19,2.8,5.95,1
sweatshirt,6.24,2.56,5.05,1
sweatshop,2.53,5.95,3.39,1
sweaty,3.95,4.78,4.53,1
sweep,5.27,3.89,5.76,1
sweeper,5.35,3.23,6.22,1
sweet,7.77,4.14,6.12,1
sweeten,6.26,4.71,5.74,1
sweetheart,7.84,5.39,6.76,1
sweetie,7.56,4.35,5.89,1
sweetness,7.37,4.37,5.92,1
swell,5.05,4.56,5.59,1
swerve,4.33,5.35,4.73,1
swift,5.83,4.88,6.24,1
swig,4.57,4.48,6.0,1
swill,4.65,3.81,5.24,1
swim,6.955,5.59,6.15,1
swimmer,6.26,4.26,6.48,1
swimsuit,6.05,5.8,5.08,1
swindle,3.0,4.32,4.13,1
swindler,2.33,4.82,3.86,1
swine,3.11,3.71,4.78,1
swing,6.95,4.1,6.16,1
swinger,4.37,5.81,4.96,1
swipe,4.47,3.68,5.0,1
swirl,6.45,4.58,5.12,1
swish,5.79,3.95,5.8,1
switch,5.29,3.9,6.0,1
switchblade,3.45,5.71,4.44,1
switchboard,4.86,3.65,5.31,1
swivel,5.26,4.62,5.52,1
swoon,5.76,3.83,5.67,1
swoop,5.16,5.62,5.04,1
sword,5.27,5.95,6.0,1
swordfish,6.15,5.15,5.19,1
swordplay,4.94,6.14,4.96,1
swordsman,5.25,4.72,4.68,1
sycamore,6.36,3.68,4.81,1
syllable,4.95,2.5,5.7,1
syllabus,4.86,2.95,4.74,1
symbiotic,5.7,4.05,5.16,1
symbol,5.67,2.77,4.96,1
symbolic,6.48,3.74,5.55,1
symbolism,6.62,3.52,5.3,1
symbolize,5.75,4.41,6.29,1
symmetrical,5.76,3.24,5.05,1
symmetry,5.27,3.19,6.42,1
sympathetic,6.67,3.29,6.3,1
sympathize,6.0,3.73,7.05,1
sympathy,6.57,3.08,5.9,1
symphonic,6.45,6.3,5.69,1
symphony,7.15,4.19,5.62,1
symposium,4.86,4.04,6.0,1
symptom,3.33,4.17,5.0,1
symptomatic,4.0,4.13,4.94,1
synagogue,4.85,2.56,4.64,1
synapse,5.42,3.95,5.14,1
synaptic,4.57,4.25,4.57,1
sync,6.21,3.95,6.13,1
synchronize,6.26,4.04,6.05,1
syndicate,4.35,3.06,4.67,1
syndrome,4.33,4.68,3.77,1
synergy,5.42,4.29,5.39,1
synonymous,5.24,3.41,5.47,1
synthesizer,5.16,4.3,5.64,1
synthetic,4.76,3.61,5.05,1
syphilis,2.17,4.59,3.27,1
syringe,3.05,4.81,5.39,1
syrup,6.44,3.11,5.25,1
system,5.5,3.38,5.65,1
systematic,4.62,3.52,4.65,1
t-shirt,6.43,2.23,5.19,1
tab,5.09,4.42,5.71,1
tabasco,4.5,5.0,5.62,1
tabernacle,5.65,3.52,5.7,1
table,5.49,3.0,5.84,1
tablecloth,5.33,2.81,6.28,1
tablet,6.21,3.65,6.1,1
tabloid,4.84,3.32,3.93,1
taboo,4.53,5.06,3.94,1
tack,4.42,2.85,5.0,1
tackle,5.38,4.43,5.2,1
tacky,3.68,4.05,4.58,1
taco,6.53,4.19,6.13,1
tact,5.71,3.95,5.94,1
tactful,6.18,3.62,6.32,1
tactic,5.7,5.05,6.19,1
tactical,5.05,4.27,5.46,1
tad,5.45,3.68,5.58,1
tadpole,6.0,4.17,5.32,1
taffy,5.95,3.45,5.0,1
tag,4.79,3.29,5.88,1
tail,5.3,3.27,5.32,1
tailgate,4.81,4.57,4.8,1
taillight,5.11,3.56,5.53,1
tailor,5.29,3.61,6.17,1
tailpipe,4.67,3.13,5.94,1
taint,3.77,4.43,4.45,1
takeoff,5.5,3.77,5.11,1
takeout,6.63,4.45,6.42,1
takeover,3.71,4.73,5.65,1
taker,3.17,3.82,3.7,1
talcum,5.45,4.05,4.71,1
tale,5.95,3.09,6.19,1
talent,6.3,5.6,6.11,1
talented,7.95,4.55,6.14,1
talisman,5.68,4.6,4.83,1
talk,6.64,3.38,6.44,1
talkative,5.56,4.45,5.79,1
talker,4.55,4.05,6.0,1
tall,6.71,3.85,6.47,1
tally,4.74,3.44,6.29,1
talon,5.06,4.9,4.72,1
tambourine,6.1,3.33,6.04,1
tame,5.8100000000000005,3.705,5.695,1
tamper,3.33,5.55,4.63,1
tampon,3.1,4.22,5.54,1
tan,6.05,3.75,5.5,1
tang,4.62,4.05,5.32,1
tangerine,6.81,3.9,6.0,1
tangible,5.63,4.18,6.56,1
tangle,3.95,4.52,4.35,1
tango,5.47,4.48,6.04,1
tank,5.48,4.73,5.12,1
tanker,4.74,4.0,5.33,1
tantrum,3.15,5.05,3.4,1
tap,5.0600000000000005,3.545,5.35,1
tape,5.5,3.4,5.11,1
tape measure,5.05,4.1,5.68,1
tapestry,5.65,2.67,5.6,1
tapeworm,2.19,4.9,3.33,1
tapioca,5.48,3.74,5.67,1
tar,3.9,3.65,5.1,1
tarantula,3.37,6.76,4.04,1
tardiness,2.95,5.05,4.3,1
tardy,3.47,4.3,4.35,1
target,5.24,5.35,6.42,1
tarmac,4.76,3.1,5.35,1
tarot,3.9,3.96,4.77,1
tarp,4.79,2.9,4.36,1
tarry,4.68,3.1,4.55,1
tart,5.43,4.8,5.68,1
tartar,4.52,2.73,5.38,1
task,6.05,3.83,6.18,1
tassel,4.95,4.78,5.32,1
taste,6.63,4.56,7.33,1
tasteful,6.89,4.73,6.54,1
tasteless,3.25,3.86,5.4,1
tasty,6.89,5.28,6.18,1
tattler,2.84,4.45,4.75,1
tattletale,2.95,6.1,4.7,1
tattoo,4.45,5.0,6.63,1
taunt,3.4,4.85,3.23,1
taupe,4.7,3.7,5.77,1
taut,4.25,4.29,4.73,1
tavern,5.55,4.22,5.0,1
tawdry,3.9,3.35,3.37,1
tawny,4.86,4.16,4.38,1
tax,3.0,4.52,3.05,1
taxi,4.79,3.79,4.53,1
taxicab,5.0,3.8,5.24,1
taxpayer,4.05,2.96,5.06,1
tea,6.56,2.05,6.0,1
teach,7.06,3.47,5.78,1
teacher,7.37,2.9,5.95,1
teacup,6.5,3.57,5.58,1
teahouse,6.44,2.76,5.61,1
teal,5.7,3.73,5.7,1
team,5.91,3.38,6.53,1
teammate,6.2,3.74,5.68,1
teamwork,6.26,4.64,5.54,1
teapot,6.0,3.39,5.67,1
tear,3.14,4.8,5.68,1
tearful,3.67,4.92,3.42,1
tease,4.17,5.21,5.24,1
teaspoon,5.25,2.47,5.43,1
teatime,6.4,3.16,5.82,1
tech,5.77,4.1,5.55,1
technical,5.0,5.28,6.24,1
technicality,4.21,4.36,4.3,1
technician,5.65,3.33,4.81,1
technique,7.0,3.45,5.68,1
techno,5.53,5.0,5.18,1
technological,5.3,4.56,6.25,1
technology,5.53,4.62,5.2,1
teddy bear,7.38,3.74,6.35,1
tedious,3.62,4.37,4.1,1
tee,5.4,3.68,6.15,1
teeming,4.83,3.6,4.4,1
teen,5.34,3.91,4.445,1
teenage,5.8,5.26,5.05,1
teenager,4.58,4.23,4.3,1
teensy,5.09,3.77,5.84,1
teeny,5.62,3.74,5.0,1
teeth,5.029999999999999,3.66,5.27,1
teething,3.11,4.05,4.12,1
telegram,5.27,4.14,5.14,1
telegraph,5.37,2.82,5.21,1
telekinesis,5.9,5.68,4.62,1
telemetry,5.0,3.5,5.48,1
telepathic,5.9,4.62,5.24,1
telepathy,5.0,5.7,5.26,1
telephone,5.71,4.3,6.74,1
telescope,6.75,3.38,6.07,1
telethon,3.11,3.0,5.29,1
teletype,5.2,3.86,5.21,1
televised,6.0,4.0,5.37,1
television,7.18,4.1,6.21,1
tell,5.27,3.86,4.94,1
teller,5.33,3.0,4.32,1
temp,4.63,3.62,4.9,1
temper,3.89,4.9,4.61,1
temperament,4.67,3.8,5.32,1
temperamental,3.86,5.7,4.61,1
temperance,5.05,4.0,6.58,1
temperature,5.58,4.86,4.64,1
tempest,4.52,5.26,4.62,1
template,5.45,3.46,4.86,1
temple,5.3,3.36,5.84,1
tempo,5.59,4.0,6.0,1
temporal,4.57,3.38,5.42,1
temporary,4.33,3.35,4.29,1
tempt,5.525,5.675,4.984999999999999,1
temptation,4.5,5.38,5.25,1
temptress,4.68,5.43,4.42,1
tenacious,5.65,4.78,5.42,1
tenant,4.57,2.59,5.41,1
tend,4.8,3.22,6.33,1
tendency,4.85,3.72,4.68,1
tender,6.47,3.22,5.85,1
tenderfoot,4.26,3.16,4.95,1
tenderness,6.89,3.1,5.08,1
tendon,5.11,3.3,4.68,1
tenement,4.55,3.77,5.05,1
tennis,5.4,3.89,5.68,1
tenor,5.48,4.0,5.69,1
tense,2.75,5.32,4.72,1
tension,3.6,5.08,4.53,1
tent,6.23,3.38,5.91,1
tentative,5.1,3.4,5.16,1
tenure,4.6,3.65,5.68,1
tepee,6.29,4.0,4.95,1
tequila,6.27,5.77,5.38,1
teriyaki,6.57,4.16,5.58,1
term,5.57,3.6,5.5,1
terminal,4.27,3.68,4.15,1
terminate,3.05,4.95,3.25,1
termination,2.95,5.9,3.38,1
terminator,5.43,6.05,4.34,1
terminology,5.67,2.8,5.32,1
termite,3.08,4.24,3.53,1
terrace,5.33,3.52,4.86,1
terrain,5.53,3.09,4.83,1
terrible,2.1,4.39,3.4,1
terrier,6.2,3.75,5.32,1
terrific,7.12,5.46,6.27,1
terrified,2.66,6.133333333333333,2.92,1
territorial,4.16,4.29,5.32,1
territory,5.3,4.32,6.23,1
terror,2.75,6.35,2.95,1
terrorism,1.6,7.42,2.69,1
terrorist,2.35,6.09,3.02,1
terrorize,2.5,5.95,3.05,1
test,4.44,4.3,4.06,1
testament,5.0,3.94,5.68,1
testicle,4.19,5.4,4.86,1
testicular,3.89,4.95,4.14,1
testify,4.55,6.16,5.88,1
testimonial,5.89,3.15,4.8,1
testimony,5.05,4.22,4.63,1
testosterone,5.2,6.75,4.73,1
testy,3.55,4.55,5.47,1
tetanus,3.33,5.52,4.2,1
tether,4.32,4.19,4.7,1
text,6.5,3.48,6.33,1
textbook,5.0,2.94,5.17,1
textile,4.89,3.38,5.71,1
texture,5.57,3.33,5.29,1
thank,7.75,3.69,6.805,1
thankful,7.76,4.52,6.55,1
thankless,3.63,4.86,4.68,1
thanksgiving,6.79,4.95,6.25,1
thatch,5.2,2.8,4.86,1
thaw,4.95,3.84,5.82,1
theater,6.14,3.73,5.54,1
theatrical,5.3,5.36,6.95,1
theatrics,5.45,5.05,6.21,1
theft,2.6,5.17,3.93,1
theme,5.43,3.08,5.9,1
theology,4.95,3.32,5.35,1
theoretical,4.8,3.9,4.97,1
theory,5.65,4.41,5.76,1
therapeutic,6.29,2.18,6.59,1
therapist,4.43,3.32,4.23,1
therapy,5.1,3.74,4.73,1
thermal,5.36,3.48,5.09,1
thermometer,5.22,3.36,5.32,1
thermos,5.79,3.15,5.17,1
thermostat,5.48,3.56,5.73,1
thesis,4.7,4.1,5.88,1
thick,4.63,3.13,5.72,1
thicket,4.33,3.25,4.45,1
thickness,5.19,3.74,4.95,1
thief,2.32,6.05,3.14,1
thigh,5.22,5.32,5.73,1
thin,5.47,4.5,5.33,1
thing,5.55,3.43,5.41,1
thingy,5.42,4.27,5.16,1
think,6.72,3.955,6.325,1
thinker,7.26,4.45,7.68,1
thirst,4.14,4.12,6.0,1
thirsty,4.48,4.08,6.2,1
thirteen,5.11,4.36,4.46,1
thirty,4.74,3.57,5.7,1
thistle,4.95,3.9,3.73,1
thong,5.48,4.68,5.16,1
thorn,3.62,4.2,4.1,1
thorny,3.1,4.92,3.68,1
thorough,6.15,3.3,7.28,1
thoroughbred,6.47,4.65,5.55,1
thoroughfare,5.19,4.32,5.81,1
thoughtful,7.26,2.55,6.62,1
thoughtless,4.05,4.43,4.45,1
thousand,6.44,3.5,6.0,1
thrash,3.48,4.3,5.05,1
thread,5.5,3.87,5.5,1
threat,2.63,6.57,3.6,1
threaten,2.6,6.05,3.29,1
threesome,5.89,5.7,6.0,1
threshold,5.53,3.09,4.61,1
thrift,5.72,2.95,5.93,1
thrill,7.28,6.675000000000001,6.02,1
thriller,5.75,6.0,4.57,1
thrive,6.345000000000001,5.4350000000000005,7.234999999999999,1
throat,4.76,4.2,5.84,1
throbbing,3.68,5.64,4.89,1
throes,4.5,4.71,4.65,1
throne,5.45,5.22,6.19,1
throttle,5.55,5.36,5.71,1
throw,5.55,4.52,6.12,1
throwback,5.42,4.57,5.0,1
thrower,4.57,3.58,5.24,1
thrust,5.75,5.29,6.11,1
thruster,4.56,4.7,4.94,1
thud,4.24,5.05,4.52,1
thug,2.52,5.48,3.53,1
thumb,5.62,3.84,5.79,1
thumbprint,5.6,4.33,5.03,1
thump,4.42,4.0,5.5,1
thumper,5.0,4.09,4.83,1
thunder,5.74,5.75,3.9,1
thunderbolt,5.63,6.29,4.17,1
thunderclap,4.53,5.57,4.18,1
thunderstorm,5.67,6.1,3.5,1
thyroid,4.28,3.14,3.13,1
tiara,5.48,5.05,5.23,1
tibia,4.41,3.52,5.56,1
tic,4.24,4.41,3.71,1
tick,3.05,3.82,3.62,1
ticker,4.43,3.84,5.82,1
ticket,5.28,3.95,5.0,1
tickle,6.14,5.86,5.28,1
ticklish,6.19,4.88,4.39,1
tidal,5.33,5.05,5.32,1
tidal wave,4.9,4.8,3.0,1
tide,6.55,5.47,4.76,1
tidings,6.25,3.55,4.82,1
tidy,6.24,2.86,6.75,1
tie,5.33,3.1,5.17,1
tier,4.95,3.73,5.63,1
tiger,6.0,5.55,4.4,1
tighten,5.0,5.68,6.08,1
tightrope,4.81,4.18,3.89,1
tights,5.95,3.45,4.56,1
tile,5.0,2.89,4.82,1
tilt,4.78,4.59,5.8,1
timber,4.9,3.73,5.37,1
time,5.755,3.3,5.24,1
timeless,5.89,3.4,5.45,1
timely,6.14,3.48,5.9,1
timeout,4.05,3.81,4.72,1
timer,4.81,4.17,4.27,1
timetable,4.9,3.62,5.56,1
timid,3.37,3.15,4.69,1
timing,5.67,3.4,5.36,1
tin,4.95,2.73,5.54,1
tinfoil,4.79,3.25,5.0,1
tingle,6.23,5.24,5.52,1
tinker,5.95,2.83,5.95,1
tinkle,5.44,4.575,5.565,1
tinsel,5.7,4.05,5.15,1
tiny,5.1,4.6,6.16,1
tip,6.77,4.05,5.84,1
tipper,5.25,3.73,6.81,1
tipster,5.3,3.62,5.65,1
tipsy,5.6,4.7,4.57,1
tiptoe,5.32,3.76,5.74,1
tire,4.55,3.09,5.52,1
tired,4.29,3.67,5.06,1
tireless,4.95,4.41,6.09,1
tiresome,3.86,2.52,4.73,1
tiring,3.68,3.55,3.78,1
tissue,5.3,3.1,5.32,1
tit,5.76,6.14,4.86,1
titan,5.71,4.32,6.05,1
titanic,4.42,4.39,4.53,1
titanium,5.26,3.78,5.88,1
title,5.71,2.15,5.25,1
toad,6.0,3.62,4.84,1
toast,6.73,3.65,6.39,1
toaster,5.8,3.85,6.23,1
toasty,6.05,4.65,5.57,1
tobacco,3.37,5.0,4.13,1
toddler,6.28,4.2,4.88,1
toe,5.24,3.1,5.1,1
toenail,3.95,3.06,5.96,1
toffee,6.19,5.0,6.33,1
tofu,4.29,3.09,4.9,1
toga,5.36,3.75,6.09,1
togetherness,6.3,4.64,6.37,1
toil,3.62,5.55,4.92,1
toilet,3.71,4.5,6.37,1
token,5.63,3.09,5.3,1
tolerable,4.9,4.4,5.73,1
tolerance,6.43,3.36,5.96,1
tolerant,5.9,3.09,6.0,1
tolerate,6.19,3.14,5.7,1
toll,3.53,3.95,3.59,1
tomahawk,4.86,5.19,4.91,1
tomato,6.025,3.25,5.44,1
tomb,3.58,4.06,3.3,1
tombstone,3.14,4.86,3.89,1
tomcat,5.16,4.74,4.58,1
tome,5.29,4.6,6.24,1
ton,5.0,3.55,5.08,1
tone,5.47,3.67,5.18,1
toner,5.11,4.14,5.65,1
tongs,5.0,3.25,5.25,1
tongue,6.29,4.25,6.32,1
tonic,6.05,4.25,5.51,1
tool,5.07,3.91,5.98,1
toolbox,4.7,4.05,6.42,1
toot,4.970000000000001,4.55,5.34,1
toothache,2.32,5.86,2.95,1
toothbrush,5.58,3.38,6.21,1
toothless,2.52,4.0,3.52,1
toothpaste,5.21,2.86,6.12,1
toothpick,4.89,3.33,5.96,1
topaz,5.55,3.87,6.19,1
topic,5.5,3.2,5.96,1
topical,5.35,3.29,5.73,1
topless,5.36,6.61,5.68,1
topple,4.86,3.21,4.9,1
topside,4.9,3.36,5.63,1
torch,4.5,5.12,5.86,1
torment,2.53,6.17,3.96,1
tornado,3.63,7.45,2.87,1
torpedo,3.71,4.48,3.89,1
torque,5.3,4.9,5.06,1
torrent,4.86,5.0,4.61,1
torrid,3.65,3.45,3.9,1
torso,5.23,3.85,6.0,1
tortoise,5.58,3.32,5.54,1
torture,1.4,5.09,2.76,1
toss,5.0,4.18,5.77,1
tot,6.36,3.14,5.5,1
total,5.32,4.25,6.89,1
tote,5.45,4.25,5.63,1
totem,5.32,4.78,5.83,1
touch,6.64,4.9,6.24,1
touchdown,7.11,4.86,5.91,1
touchy,4.29,3.88,3.63,1
tough,4.45,4.24,6.0,1
toughen,5.37,4.28,5.94,1
toupee,4.0,3.06,4.96,1
tour,6.0,4.8,7.0,1
tourism,5.35,4.06,5.65,1
tourist,5.71,3.57,5.05,1
tournament,6.24,4.08,5.18,1
tourniquet,4.05,5.05,4.24,1
tout,5.35,4.58,5.65,1
tow,5.38,3.75,5.33,1
towel,6.14,2.9,5.86,1
tower,4.795,3.99,5.225,1
town,5.59,3.81,5.47,1
townhouse,5.95,4.3,4.57,1
township,5.35,2.9,5.33,1
townspeople,5.81,2.91,6.06,1
toxic,2.35,5.29,4.13,1
toxicity,2.47,4.6,3.28,1
toxicology,3.62,3.7,5.17,1
toxin,2.42,5.52,3.45,1
toy,7.29,4.29,5.61,1
toymaker,6.76,3.9,6.2,1
trace,4.74,2.84,5.95,1
traceable,4.63,3.61,5.24,1
tracer,5.05,3.86,5.28,1
trachea,4.73,4.21,4.38,1
track,5.78,3.76,4.67,1
tracker,4.87,4.59,5.0,1
tract,4.05,3.45,5.05,1
traction,5.27,4.17,6.16,1
tractor,5.05,3.73,5.75,1
trade,5.91,4.45,6.26,1
trademark,5.0,3.72,5.74,1
trader,5.47,3.5,5.8,1
tradition,6.09,4.61,6.37,1
traditional,5.95,3.76,5.43,1
traffic,2.365,4.984999999999999,4.88,1
traffic light,4.76,4.9,3.67,1
tragedy,2.11,6.8,3.02,1
tragic,3.52,5.36,4.2,1
trail,6.15,4.0,5.42,1
trailer,4.44,2.85,5.16,1
train,6.36,4.05,5.72,1
train set,6.1,3.29,6.21,1
trainee,5.45,4.16,5.38,1
trainer,5.16,4.0,5.25,1
training,5.19,4.1,6.26,1
trait,5.44,3.55,5.76,1
traitor,2.39,4.27,4.73,1
traitorous,2.32,5.25,4.5,1
trajectory,4.89,3.33,4.6,1
tram,4.7,2.42,4.05,1
tramp,3.3,4.86,3.74,1
trample,3.73,5.0,4.76,1
trampoline,6.23,5.58,6.14,1
trance,5.24,4.0,3.18,1
tranquil,7.11,2.61,5.94,1
tranquility,7.86,3.64,7.61,1
tranquilizer,4.86,3.12,4.85,1
transaction,5.26,3.73,5.58,1
transatlantic,5.0,4.84,5.42,1
transceiver,5.0,4.22,5.33,1
transcend,5.75,5.0,6.47,1
transcendent,5.14,4.33,4.73,1
transcript,5.24,3.3,6.28,1
transcription,5.15,4.13,5.05,1
transfer,5.29,3.22,5.5,1
transference,4.4,3.44,4.62,1
transform,6.05,4.86,6.13,1
transformation,6.14,5.56,5.42,1
transformer,6.14,5.16,6.05,1
transfusion,5.0,4.45,4.3,1
transgression,3.9,5.25,5.0,1
transient,4.21,4.04,4.21,1
transistor,4.71,3.9,6.0,1
transit,4.52,4.05,5.72,1
transition,5.43,3.65,4.41,1
transitional,4.79,4.5,4.86,1
translate,5.67,2.75,5.55,1
translation,5.65,4.48,6.0,1
translator,5.05,4.0,4.76,1
transmission,4.62,3.38,4.7,1
transmit,4.24,4.39,5.3,1
transmitter,4.95,3.5,5.25,1
transparent,5.37,3.45,5.33,1
transplant,4.6,6.37,4.38,1
transponder,4.95,3.55,4.68,1
transport,5.9,3.76,5.79,1
transportation,6.1,2.38,5.37,1
transporter,4.84,4.14,5.43,1
transsexual,3.68,4.23,4.78,1
transvestite,4.22,5.05,4.5,1
trap,3.24,4.36,3.78,1
trapdoor,4.19,5.04,4.54,1
trapeze,5.57,4.8,4.59,1
trapper,4.47,3.09,4.22,1
trash,2.74,3.66,4.24,1
trashy,2.75,5.75,4.73,1
trauma,2.89,4.87,2.7,1
traumatic,2.22,5.5,3.57,1
travel,7.89,5.55,6.82,1
traveler,6.39,4.75,5.17,1
traverse,5.0,3.6,4.96,1
travesty,2.85,4.95,3.18,1
tray,5.14,3.57,6.05,1
treacherous,2.85,6.0,3.33,1
treachery,2.7,5.33,4.8,1
tread,4.72,3.76,5.3,1
treadmill,5.19,4.22,5.6,1
treason,3.05,5.8,3.67,1
treasure,7.65,6.3,6.04,1
treasured,7.14,5.16,7.05,1
treasurer,6.43,4.27,6.5,1
treasury,5.8,4.29,6.04,1
treat,6.84,5.0,6.66,1
treatable,6.16,3.75,5.85,1
treatment,5.0,4.47,4.53,1
treaty,5.42,3.7,5.62,1
tree,7.59,2.67,5.62,1
tremble,3.18,5.32,3.79,1
tremendous,7.0,3.54,4.9,1
tremor,4.26,4.72,3.59,1
trench,4.43,3.22,4.84,1
trend,5.33,4.45,4.95,1
trendy,4.95,4.23,5.83,1
trespass,3.27,4.79,5.0,1
triad,4.32,4.45,5.25,1
triage,3.81,4.65,5.06,1
trial,3.28,5.05,3.89,1
triangle,5.21,3.5,5.06,1
triangulate,4.9,4.0,5.76,1
triathlon,5.05,3.41,6.41,1
tribal,5.17,4.56,4.58,1
tribe,5.63,4.29,5.5,1
tribunal,4.53,3.95,4.74,1
tribune,4.84,3.78,5.71,1
tribute,6.44,4.27,5.91,1
trick,4.89,5.57,3.22,1
trickery,3.53,5.12,4.57,1
trickster,3.79,5.37,4.29,1
tricky,4.78,4.86,5.29,1
tricycle,6.14,3.62,6.2,1
trident,5.37,4.36,4.75,1
trifle,4.295,3.68,4.275,1
trig,4.74,3.18,4.36,1
trigger,4.85,5.85,5.27,1
trillion,5.85,5.19,5.25,1
trilogy,5.26,3.67,5.19,1
trim,4.64,3.38,6.32,1
trimester,5.11,4.82,5.27,1
trinket,6.25,4.37,5.92,1
trio,5.68,3.38,4.7,1
trip,7.0,5.33,6.11,1
tripe,4.1,3.4,4.58,1
triple,5.86,5.6,4.75,1
triplicate,4.59,4.16,5.38,1
tripod,5.23,4.32,5.14,1
trite,4.27,4.39,5.11,1
triumph,7.34,5.6,7.5,1
triumphant,7.45,5.05,6.05,1
trivia,5.7,3.82,6.19,1
trivial,4.11,3.82,4.67,1
troll,4.45,4.54,4.04,1
trolley,5.67,3.0,5.55,1
trombone,5.0,3.43,6.11,1
troop,5.58,4.5,4.74,1
trooper,5.5,4.95,5.14,1
trophy,6.55,4.35,6.73,1
tropic,6.98,4.455,5.99,1
tropical,7.05,4.3,5.62,1
trot,5.63,5.1,5.65,1
trouble,2.87,5.59,4.35,1
troubled,3.11,4.45,3.83,1
troublemaker,3.25,5.24,5.29,1
troublesome,2.74,4.85,5.05,1
trough,4.19,3.83,4.62,1
troupe,5.24,3.7,5.62,1
trousers,5.15,2.89,5.91,1
trout,5.62,3.85,5.67,1
truce,6.42,2.86,5.7,1
truck,5.16,3.76,5.43,1
trucker,4.62,3.55,5.05,1
truckload,5.23,4.64,5.55,1
TRUE,7.51,4.98,7.0,1
truffle,6.71,3.5,5.09,1
trump,4.18,3.33,5.86,1
trumpet,6.03,4.17,6.02,1
trunk,5.02,3.51,5.46,1
trust,7.24,4.3,6.95,1
trustee,5.84,3.91,4.74,1
trustworthy,7.25,4.22,7.29,1
trusty,6.19,4.17,6.14,1
truth,7.19,3.88,6.95,1
truthful,7.48,3.71,6.75,1
try,5.64,4.0,5.94,1
tryout,5.53,4.19,5.5,1
tsunami,2.33,6.29,2.6,1
tub,6.1,3.8,5.14,1
tuba,5.58,3.95,5.18,1
tubby,3.9,3.95,4.64,1
tube,5.32,3.38,4.865,1
tuberculosis,2.74,4.48,4.64,1
tuck,4.89,3.4,5.21,1
tug,4.47,4.0,5.1,1
tugboat,5.57,3.05,5.15,1
tuition,3.53,4.41,4.57,1
tulip,7.25,3.4,5.36,1
tumble,5.65,4.9,4.52,1
tumbleweed,5.67,3.25,4.94,1
tummy,6.05,3.78,5.04,1
tumor,2.05,5.33,2.5,1
tuna,5.26,4.14,5.7,1
tune,7.0,3.73,5.76,1
tunic,5.79,3.79,5.65,1
tunnel,4.48,4.09,4.31,1
turban,4.23,4.13,5.21,1
turbine,4.65,5.47,5.71,1
turbo,5.95,5.62,6.21,1
turbulence,2.95,6.45,2.67,1
turbulent,4.17,5.9,4.48,1
turd,2.5,4.59,3.79,1
turf,4.62,3.95,5.66,1
turkey,5.9,3.45,5.59,1
turmoil,3.65,5.94,4.04,1
turn,5.45,3.48,5.88,1
turnaround,5.55,3.43,5.46,1
turnip,4.63,3.32,6.08,1
turnoff,2.85,4.26,5.14,1
turnout,5.23,4.26,5.21,1
turnover,4.84,4.14,5.26,1
turnpike,4.89,3.55,4.76,1
turpentine,4.05,4.1,4.88,1
turquoise,6.5,4.5,5.32,1
turret,4.55,4.81,5.71,1
turtle,6.16,2.52,5.82,1
turtleneck,5.05,3.41,4.76,1
tussle,4.0,5.0,4.88,1
tutor,5.9,2.81,6.08,1
tutoring,5.95,3.35,5.83,1
tutu,6.19,4.15,5.08,1
tux,5.91,4.65,5.42,1
tuxedo,6.24,4.33,5.84,1
tv,5.734999999999999,4.265000000000001,5.735,1
twain,5.63,3.28,5.25,1
twat,4.32,5.39,3.88,1
tweak,5.21,4.7,6.3,1
tweed,4.18,4.09,5.79,1
tweet,5.37,3.39,5.37,1
tweezers,4.63,4.64,6.18,1
twerp,4.25,4.23,5.15,1
twig,5.47,3.18,5.23,1
twilight,6.24,4.2,4.8,1
twin,5.81,3.95,4.09,1
twine,5.35,3.24,5.48,1
twinge,4.29,4.35,3.96,1
twinkle,6.26,3.72,5.82,1
twirl,6.1,5.05,6.52,1
twist,4.61,4.27,5.95,1
twister,4.25,6.0,4.89,1
twit,4.0,4.32,4.47,1
twitch,4.26,5.95,4.26,1
twitchy,3.75,5.0,3.59,1
twosome,6.52,5.2,4.82,1
tycoon,4.74,4.3,4.62,1
tyke,5.7,3.83,4.55,1
type,6.06,2.86,4.89,1
typewriter,5.44,2.4,5.96,1
typhoid,2.55,4.62,3.57,1
typhoon,3.62,5.82,3.38,1
typical,4.58,3.37,5.4,1
typist,5.3,4.14,6.15,1
typo,4.1,4.0,4.24,1
tyranny,3.19,5.45,2.67,1
tyrant,2.9,5.27,3.19,1
ubiquitous,5.05,3.81,5.32,1
ugliness,2.75,4.43,3.44,1
ugly,2.47,4.43,3.86,1
ukulele,5.26,4.52,5.37,1
ulcer,2.7,4.76,3.35,1
ulterior,4.29,4.71,4.32,1
ultimate,5.74,5.1,5.75,1
ultimatum,3.65,5.18,4.22,1
ultrasound,5.14,5.15,4.86,1
ultraviolet,5.8,3.71,4.82,1
umbilical,5.52,3.36,4.33,1
umbrella,5.84,3.5,5.75,1
umpire,4.19,4.57,4.43,1
umpteen,4.95,3.86,5.17,1
unable,2.96,3.61,3.08,1
unacceptable,3.29,4.43,4.22,1
unaccounted,4.1,4.22,4.54,1
unaffected,4.84,3.32,6.45,1
unafraid,6.43,3.38,6.25,1
unanimous,5.55,4.24,4.7,1
unannounced,3.5,5.05,4.27,1
unanswered,3.1,3.72,3.79,1
unappreciated,2.65,5.0,3.58,1
unarmed,3.74,3.64,4.29,1
unattached,4.79,3.86,5.04,1
unattainable,2.75,4.48,4.12,1
unattended,3.76,3.68,3.82,1
unattractive,2.37,4.3,3.47,1
unauthorized,4.11,4.39,3.94,1
unavailable,3.52,3.85,3.67,1
unavoidable,4.14,4.32,3.78,1
unaware,3.89,4.1,3.85,1
unbalanced,3.1,4.74,3.21,1
unbearable,2.1,5.76,3.38,1
unbeatable,5.53,5.25,6.42,1
unbecoming,3.32,4.73,4.36,1
unbelievable,5.57,5.4,5.37,1
unborn,4.86,5.28,3.95,1
unbreakable,6.58,4.1,6.13,1
unbridled,4.63,4.45,5.0,1
unbutton,5.0,5.95,5.48,1
uncalled,3.86,3.3,3.65,1
uncanny,5.0,4.71,5.03,1
uncertain,3.6,4.45,3.58,1
uncertainty,3.3,5.27,4.1,1
unchanged,5.0,2.68,4.5,1
uncharted,5.44,5.1,5.0,1
uncivilized,3.79,4.95,4.12,1
uncle,6.5,4.05,5.24,1
unclean,2.95,4.12,4.19,1
unclear,3.67,4.19,4.12,1
uncomfortable,2.7,5.5,3.68,1
uncommon,5.35,3.2,4.86,1
uncomplicated,6.33,3.58,6.68,1
uncompromising,3.95,5.17,4.88,1
unconditional,6.6,4.1,5.72,1
unconfirmed,4.72,4.43,3.37,1
unconscious,3.81,4.55,2.81,1
uncontrollable,3.84,5.81,2.18,1
unconventional,5.71,4.8,4.62,1
uncooperative,2.86,4.8,3.6,1
uncouth,3.79,4.14,4.0,1
uncover,4.89,3.55,6.5,1
uncut,4.84,3.61,4.76,1
undead,3.64,5.27,5.0,1
undefeated,6.21,4.32,7.04,1
undeniable,5.4,3.5,4.68,1
underage,4.1,3.76,4.28,1
underbelly,4.42,3.74,5.11,1
undercover,5.58,3.73,4.96,1
underdog,5.1,5.38,4.08,1
underestimate,4.35,4.48,5.08,1
undergo,3.9,3.88,4.68,1
undergraduate,5.0,3.95,6.2,1
underground,4.7,4.24,5.1,1
underhanded,3.53,4.33,3.18,1
underlay,4.64,3.05,4.68,1
underlying,4.87,4.7,4.72,1
undermine,3.05,4.21,4.6,1
underpants,5.18,5.08,5.75,1
underprivileged,3.0,3.89,3.35,1
underrated,5.53,4.64,5.38,1
undersea,6.38,4.45,3.91,1
undersecretary,4.71,2.86,4.48,1
understaffed,4.14,3.95,4.39,1
understand,6.91,3.305,7.01,1
understandable,6.5,3.48,6.67,1
understatement,5.42,4.61,4.84,1
understudy,5.0,4.13,4.29,1
undertake,4.21,4.22,5.21,1
undertaker,3.86,3.82,3.86,1
undertaking,4.74,3.28,5.53,1
undertow,4.05,4.46,3.89,1
underwear,5.35,4.46,5.7,1
underworld,3.94,5.14,4.26,1
undesirable,3.0,4.0,3.75,1
undetectable,5.0,4.3,4.42,1
undetected,4.68,3.77,4.19,1
undetermined,3.67,3.7,3.86,1
undignified,3.25,4.41,4.53,1
undiscovered,6.0,3.83,4.62,1
undisputed,5.58,4.13,5.53,1
undisturbed,6.4,2.59,6.56,1
undivided,5.79,3.52,5.17,1
undo,5.35,3.52,6.44,1
undress,6.07,5.654999999999999,5.51,1
undue,4.05,3.53,4.24,1
undying,5.35,4.75,5.27,1
uneasy,2.86,4.48,3.82,1
uneducated,3.0,3.9,5.28,1
unemployed,2.67,5.26,3.38,1
unemployment,2.32,5.59,2.95,1
unending,3.16,4.36,4.77,1
unethical,2.19,4.25,5.32,1
uneven,4.45,3.43,3.54,1
uneventful,4.58,2.56,4.76,1
unexpected,4.68,5.1,3.39,1
unexplainable,5.0,3.94,3.76,1
unexplained,4.6,4.86,4.12,1
unexplored,5.77,5.86,5.47,1
unfair,3.15,3.75,4.0,1
unfaithful,2.33,5.59,4.44,1
unfamiliar,4.14,5.18,4.0,1
unfeeling,2.79,3.61,4.42,1
unfinished,4.24,3.36,5.0,1
unfit,2.95,3.77,4.22,1
unfold,4.23,3.87,5.63,1
unforeseen,4.5,4.0,3.08,1
unforgettable,6.73,5.84,5.86,1
unforgivable,2.33,6.25,3.56,1
unforgiving,2.41,4.81,4.29,1
unfortunate,3.33,3.52,4.21,1
unfounded,4.18,3.96,4.57,1
unfreeze,4.29,3.41,4.35,1
unfriendly,2.3,4.05,4.45,1
unglued,4.1,4.12,3.95,1
ungodly,3.5,5.27,4.73,1
ungrateful,2.68,4.71,4.74,1
unguarded,4.45,4.33,4.32,1
unhand,4.11,3.78,4.68,1
unhappiness,1.89,4.41,2.96,1
unhappy,1.84,5.1,3.71,1
unharmed,6.78,2.45,6.5,1
unhealthy,2.55,4.36,5.11,1
unheard,4.16,3.18,3.54,1
unholy,4.08,5.16,4.1,1
unhook,4.55,3.31,5.75,1
unicorn,6.86,5.14,5.14,1
unidentified,4.52,4.89,3.62,1
unification,6.1,4.33,6.14,1
unified,6.42,3.57,5.3,1
uniform,4.37,3.55,4.67,1
uniformed,4.42,4.25,4.5,1
unimaginable,4.23,4.65,4.46,1
unimportant,4.42,3.52,5.32,1
uninhabited,5.45,3.56,3.79,1
unintelligible,3.6,3.81,3.4,1
unintentional,5.25,3.52,3.29,1
uninterrupted,5.35,3.32,6.74,1
uninvited,3.35,4.38,3.76,1
union,5.85,4.05,5.68,1
unique,7.32,4.0,6.43,1
unisex,5.78,4.95,4.36,1
unison,5.76,3.43,6.22,1
unit,5.29,3.33,5.18,1
unite,6.4,3.19,6.85,1
unity,6.67,4.8,6.66,1
universal,6.59,4.87,5.53,1
universe,6.81,3.91,3.7,1
university,6.95,4.24,5.7,1
unjust,3.16,6.33,3.05,1
unkind,2.55,4.24,4.84,1
unknown,4.85,4.71,3.79,1
unlawful,2.73,4.46,4.87,1
unleash,4.6,5.14,5.68,1
unlikely,3.85,3.82,4.81,1
unlimited,6.16,4.52,6.61,1
unlisted,4.21,3.73,5.0,1
unload,5.21,3.24,4.75,1
unlock,5.55,3.2,6.73,1
unlucky,2.7,4.62,4.15,1
unmanned,5.28,3.33,4.05,1
unmarked,5.5,2.77,4.0,1
unmarried,4.72,5.32,6.08,1
unmistakable,6.1,4.33,5.86,1
unmitigated,4.75,4.19,4.94,1
unnamed,4.38,4.05,4.65,1
unnatural,4.53,5.52,3.78,1
unnecessary,4.62,3.79,4.16,1
unnoticed,4.32,3.28,4.25,1
unofficial,4.45,3.59,5.22,1
unopened,5.63,3.32,5.18,1
unorthodox,5.38,3.45,5.32,1
unpack,5.29,2.9,5.45,1
unpaid,2.58,5.62,3.35,1
unparalleled,5.37,3.85,5.65,1
unpleasant,2.53,4.73,3.54,1
unpleasantness,2.59,4.36,3.42,1
unplug,4.545,3.25,5.27,1
unpopular,2.95,4.25,3.48,1
unprecedented,5.29,4.32,4.78,1
unpredictable,4.52,4.8,3.9,1
unprepared,3.11,5.09,3.75,1
unprofessional,2.71,4.71,3.64,1
unprotected,3.48,5.35,3.12,1
unprovoked,4.95,3.62,4.36,1
unpunished,4.5,5.27,5.36,1
unqualified,3.48,4.67,4.0,1
unquote,5.21,3.0,4.62,1
unravel,4.39,4.16,3.84,1
unreachable,3.0,3.4,3.5,1
unreal,4.57,4.9,4.38,1
unrealistic,3.55,4.39,3.91,1
unreasonable,3.85,5.0,5.11,1
unrelated,4.53,3.18,4.12,1
unrelenting,3.53,4.86,5.18,1
unreliable,2.74,4.29,4.22,1
unremarkable,4.42,3.52,5.53,1
unrequited,3.79,4.23,3.74,1
unresolved,3.05,4.61,3.32,1
unresponsive,2.95,3.94,3.36,1
unrest,2.63,4.91,3.54,1
unromantic,2.74,3.55,4.16,1
unruly,3.39,4.41,4.41,1
unsafe,2.84,5.17,4.0,1
unsanitary,1.79,4.95,2.75,1
unsatisfied,2.81,4.61,3.9,1
unsavory,3.05,4.35,3.48,1
unscheduled,3.74,5.14,3.74,1
unscrew,4.94,3.2,5.28,1
unscrupulous,3.2,4.67,4.04,1
unseen,4.38,4.3,4.71,1
unselfish,6.84,3.3,6.7,1
unsolicited,4.0,3.73,4.22,1
unsolved,4.0,5.48,3.48,1
unsound,4.55,4.05,4.65,1
unspeakable,3.8,3.9,3.73,1
unspoken,5.63,3.55,5.55,1
unstable,3.43,5.05,3.75,1
unstoppable,5.84,4.82,6.5,1
unsuccessful,2.33,3.36,3.21,1
unsuitable,4.0,4.0,4.47,1
unsupervised,5.55,4.36,5.95,1
unsure,3.37,4.55,3.64,1
unsuspecting,3.95,3.55,4.05,1
unsympathetic,3.35,4.3,4.94,1
untamed,5.89,4.3,4.64,1
unthinkable,4.0,4.32,3.8,1
untidy,3.58,3.67,4.35,1
untie,4.95,2.8,5.18,1
untimely,3.53,4.4,4.25,1
untold,4.95,4.7,4.92,1
untouchable,4.25,4.7,5.3,1
untouched,5.24,3.52,4.81,1
untraceable,4.85,3.62,5.16,1
untrained,3.95,4.57,3.85,1
untroubled,6.21,3.02,6.14,1
untrue,3.45,4.14,5.12,1
untrustworthy,2.67,4.8,4.22,1
unturned,4.91,3.84,5.19,1
unused,4.75,3.0,5.32,1
unusual,5.81,4.15,4.55,1
unveil,5.61,3.89,5.36,1
unwanted,2.71,5.1,3.57,1
unwed,4.8,4.52,5.64,1
unwelcome,3.5,4.39,3.24,1
unwell,3.25,4.0,3.82,1
unwilling,3.25,4.64,4.5,1
unwind,5.9,3.62,5.56,1
unwise,3.84,4.52,4.95,1
unworthy,2.79,4.24,3.45,1
unwrap,5.48,4.29,6.35,1
unwritten,4.21,3.24,5.1,1
unzip,5.32,4.22,6.24,1
upbeat,7.14,4.92,7.5,1
upbringing,6.32,4.27,4.68,1
upcoming,6.63,4.5,5.25,1
update,5.85,3.89,5.71,1
upgrade,7.11,4.14,6.7,1
uphold,5.25,3.89,6.39,1
upholstery,5.32,3.12,5.61,1
upkeep,5.14,4.44,6.05,1
uplifting,6.95,4.7,6.75,1
uplink,5.35,4.05,5.5,1
upload,6.6,3.6,6.84,1
upper,5.7,3.52,6.33,1
uppercut,4.55,5.48,5.57,1
uppity,4.65,4.74,5.43,1
upright,5.11,3.29,6.11,1
uprising,4.33,5.65,5.0,1
uproar,4.21,5.48,4.63,1
upscale,5.45,3.82,6.16,1
upset,2.45,4.49,4.3,1
upstanding,6.05,3.3,6.95,1
upstart,4.6,4.45,6.11,1
uptight,3.16,4.09,4.54,1
upward,5.81,4.43,5.5,1
uranium,4.1,3.96,3.92,1
urban,4.95,4.41,4.5,1
urchin,4.73,4.0,4.68,1
urge,5.11,5.29,4.5,1
urgency,5.05,6.25,5.0,1
urgent,4.21,5.71,5.35,1
urinal,2.8,3.62,4.12,1
urinate,4.14,3.95,4.95,1
urination,3.62,4.4,5.0,1
urine,2.9,4.38,4.55,1
urn,3.37,2.9,4.15,1
usable,5.58,3.43,6.11,1
usage,5.1,2.5,6.04,1
use,5.18,4.19,5.0,1
useful,7.1,3.82,6.81,1
usefulness,5.4,4.5,5.95,1
useless,2.8,4.39,4.65,1
user,3.67,3.21,5.56,1
usher,5.39,3.95,5.8,1
usual,5.48,3.2,6.58,1
utensil,5.36,2.95,6.62,1
uterus,4.79,4.82,5.23,1
utility,4.82,4.22,5.3,1
utilize,5.26,4.33,6.25,1
utmost,6.81,3.1,5.59,1
utter,4.76,3.9,5.33,1
vacancy,5.05,3.68,5.21,1
vacant,4.64,2.86,5.4,1
vacate,4.1,4.9,4.67,1
vacation,8.53,5.22,7.11,1
vaccination,4.56,4.62,5.2,1
vaccine,6.48,6.45,5.0,1
vacuum,5.38,4.63,6.52,1
vagabond,3.32,4.55,3.83,1
vagina,6.0,5.83,5.07,1
vaginal,5.67,5.71,4.64,1
vagrancy,3.43,5.72,4.32,1
vagrant,2.63,3.82,3.92,1
vague,4.29,3.61,4.19,1
valance,5.05,3.73,5.86,1
vale,5.32,3.0,5.16,1
valedictorian,6.32,4.43,6.88,1
valentine,6.4,4.79,6.29,1
valet,5.14,4.29,6.1,1
valiant,6.21,4.9,6.17,1
valid,6.05,4.0,6.64,1
validate,6.5,4.05,5.71,1
validation,5.7,4.2,6.44,1
validity,5.38,2.73,6.56,1
valium,4.64,2.67,3.86,1
valley,6.22,2.7,5.12,1
valor,5.57,3.67,6.7,1
valuable,6.54,4.45,6.255,1
value,7.18,5.79,6.24,1
valve,5.1,3.84,6.12,1
vamoose,4.38,4.86,5.12,1
vamp,5.0,5.3,4.1,1
vampire,4.05,5.17,3.6,1
van,4.43,4.35,5.35,1
vandal,2.32,4.84,3.25,1
vandalism,1.9,4.67,3.45,1
vanguard,5.17,3.2,4.8,1
vanilla,7.42,3.62,5.74,1
vanish,3.71,4.895,4.345000000000001,1
vanity,4.46,3.77,5.45,1
vanquish,4.73,4.989999999999999,4.973333333333334,1
vantage,5.95,3.15,5.73,1
vapor,4.68,3.24,5.32,1
variable,5.29,3.65,5.21,1
variation,5.53,3.9,5.57,1
variety,6.41,5.16,5.76,1
varmint,3.65,4.56,4.12,1
varnish,4.89,3.43,5.45,1
varsity,5.36,3.55,6.0,1
vary,4.925,4.445,5.165,1
vascular,3.89,4.55,4.88,1
vase,5.77,3.57,6.11,1
vasectomy,4.83,5.79,4.44,1
vassal,4.89,3.82,5.5,1
vast,5.68,4.71,5.45,1
vat,4.61,3.25,4.96,1
vault,5.84,2.86,5.25,1
veal,4.81,3.86,4.8,1
vector,4.57,3.52,4.8,1
veer,4.63,4.2,4.57,1
vegan,4.42,3.11,5.33,1
vegetable,6.79,3.75,5.17,1
vegetarian,5.25,3.45,6.0,1
vegetation,6.19,3.8,5.67,1
vegetative,3.48,3.37,3.64,1
veggie,6.47,3.09,6.24,1
vehicle,6.0,4.68,5.8,1
veil,4.779999999999999,3.575,5.0600000000000005,1
vein,5.11,3.7,4.57,1
velocity,5.59,5.74,6.14,1
velour,5.65,4.0,5.26,1
velvet,6.3,4.53,6.0,1
vendetta,3.19,5.85,5.24,1
vending,5.7,3.62,4.76,1
vendor,5.29,3.82,5.5,1
veneer,5.42,4.21,5.14,1
venereal,2.95,4.58,4.14,1
venetian,5.8,4.0,4.85,1
vengeance,2.53,5.23,4.04,1
vengeful,2.16,5.14,3.92,1
venison,4.95,3.84,5.05,1
venom,2.93,5.81,3.92,1
venomous,2.9,7.21,4.23,1
vent,5.0,4.06,6.0,1
ventilation,6.44,2.7,5.4,1
ventilator,3.9,4.05,5.11,1
ventricle,4.9,3.14,5.04,1
ventriloquist,5.32,5.0,4.83,1
venture,5.33,5.55,6.08,1
venue,5.37,4.18,6.04,1
veranda,5.95,2.83,6.18,1
verb,5.27,3.6,5.55,1
verbal,5.29,3.76,6.32,1
verdict,4.32,5.63,3.43,1
verge,4.68,4.65,5.21,1
verification,5.4,4.05,5.45,1
verify,5.43,4.21,6.57,1
veritable,5.15,3.77,5.11,1
vermin,2.41,5.22,4.68,1
vermouth,4.95,4.27,5.36,1
vernacular,5.35,4.15,5.59,1
versatile,6.0,3.59,6.33,1
verse,6.0,3.65,6.35,1
version,5.3,3.43,5.48,1
vertebra,5.32,3.15,5.12,1
vertical,5.0,4.32,5.58,1
vertigo,4.48,3.71,3.79,1
vessel,5.2,3.62,4.28,1
vest,5.74,4.1,6.25,1
vet,4.95,3.95,5.74,1
veteran,6.86,4.16,5.41,1
veterinarian,6.67,3.39,5.24,1
veterinary,5.74,3.75,5.33,1
veto,4.71,3.91,5.52,1
viable,6.0,4.19,6.36,1
vial,4.62,3.6,5.57,1
vibe,5.775,4.415,5.62,1
vibrant,7.37,5.96,5.95,1
vibrate,5.29,5.52,5.36,1
vibration,5.53,5.36,5.43,1
vibrator,5.73,5.95,5.25,1
vicar,5.5,3.87,4.95,1
vice,3.81,3.96,4.78,1
Vice President,5.43,3.09,5.67,1
viceroy,4.25,5.26,5.0,1
vicinity,5.32,4.32,6.0,1
vicious,2.63,6.05,5.5,1
victim,2.05,5.37,2.77,1
victorious,6.89,6.16,7.21,1
victory,7.59,5.9,6.95,1
video,6.64,4.8,5.84,1
video game,6.3,6.56,6.64,1
videotape,5.68,4.67,5.59,1
view,6.125,3.35,6.29,1
viewer,5.53,3.57,5.5,1
viewpoint,6.17,3.55,5.8,1
vigil,5.35,3.1,5.32,1
vigilance,5.67,3.64,6.68,1
vigilant,5.95,5.19,6.67,1
vigilante,4.75,5.18,6.04,1
vigor,5.95,6.35,6.23,1
vigorous,5.75,5.63,6.35,1
vile,2.21,5.48,3.83,1
villa,6.44,2.9,5.85,1
village,5.95,3.4,5.6,1
villain,3.0,4.91,3.46,1
vindication,5.52,4.61,5.0,1
vindictive,3.24,4.64,4.32,1
vine,6.39,2.7,5.08,1
vinegar,5.33,3.55,4.75,1
vineyard,6.84,3.0,5.58,1
vintage,6.67,4.35,5.32,1
vinyl,5.2,3.39,5.05,1
viola,6.2,4.65,6.27,1
violate,2.61,5.76,2.85,1
violation,2.29,4.52,3.28,1
violence,2.71,5.95,3.24,1
violent,2.26,6.3,3.65,1
violet,6.36,4.09,6.4,1
violin,6.56,3.41,5.58,1
violinist,6.45,3.38,6.05,1
viper,4.58,5.17,4.11,1
viral,3.33,5.52,3.62,1
virgin,5.56,4.58,5.87,1
virginal,5.0,4.67,6.53,1
virginity,6.33,5.14,5.8,1
virility,5.91,4.14,5.26,1
virtual,6.1,4.24,5.72,1
virtue,6.7,4.55,6.16,1
virtuoso,6.68,5.38,5.7,1
virtuous,6.85,5.1,6.73,1
virus,1.71,4.61,3.06,1
visa,5.74,4.33,5.45,1
visibility,6.0,3.09,5.67,1
visible,5.76,4.15,6.12,1
vision,6.79,3.18,6.27,1
visionary,6.6,4.48,5.8,1
visit,6.56,3.9,5.06,1
visitation,5.4,4.17,5.75,1
visitor,5.27,4.0,5.29,1
visor,5.26,3.14,5.91,1
visual,6.0,4.43,5.78,1
visualize,6.58,4.36,6.63,1
vital,5.449999999999999,4.975,5.29,1
vitality,6.32,4.71,6.52,1
vitamin,6.24,3.38,6.71,1
viva,5.42,4.19,4.93,1
vivid,6.41,5.26,5.76,1
vixen,4.7,5.09,5.4,1
vocabulary,5.5,3.6,6.29,1
vocal,5.81,3.91,6.28,1
vocation,5.52,4.54,5.73,1
vodka,5.68,5.23,3.91,1
vogue,5.61,3.91,4.54,1
voice,6.5,3.25,6.22,1
voicemail,4.55,3.83,5.46,1
void,4.65,3.95,4.19,1
volatile,3.45,5.35,4.64,1
volcanic,4.67,5.6,3.16,1
volcano,4.59,6.7,3.62,1
volley,5.43,3.55,4.95,1
volleyball,6.27,4.55,5.65,1
voltage,4.96,5.36,4.5,1
volume,5.625,4.215,6.1,1
voluntary,5.76,3.95,6.71,1
volunteer,7.35,3.95,6.68,1
voluptuous,7.1,5.29,5.76,1
vomit,1.98,4.82,3.44,1
voodoo,4.15,5.57,4.0,1
vortex,5.67,4.59,3.89,1
vote,5.24,5.05,6.79,1
voter,4.85,4.75,5.69,1
vouch,5.83,3.58,5.88,1
voucher,5.67,4.4,5.29,1
vow,6.6,4.21,6.0,1
vowel,5.0,3.14,5.71,1
voyage,6.5,5.9,6.25,1
voyeur,4.32,4.65,4.95,1
vulgar,3.3,5.53,4.68,1
vulnerability,3.42,4.65,3.75,1
vulnerable,3.57,4.5,3.05,1
vulture,3.23,5.0,4.43,1
wacko,3.89,5.32,4.11,1
wacky,6.05,4.48,4.05,1
wad,4.16,4.11,4.41,1
waddle,4.7,3.44,4.42,1
waffle,6.75,4.5,6.29,1
wag,5.84,4.67,5.5,1
wage,6.0,3.43,4.48,1
wager,4.68,4.75,4.83,1
wagon,5.21,3.1,5.45,1
wail,3.52,5.81,3.84,1
waist,5.32,4.0,6.05,1
waistline,4.9,4.62,5.18,1
wait,4.55,3.62,5.31,1
waiter,5.05,3.05,4.68,1
waitress,5.1,3.5,4.95,1
waive,5.53,3.14,4.96,1
waiver,5.6,2.95,5.46,1
wake,6.57,3.8,5.71,1
walk,6.77,3.24,5.83,1
walkout,4.11,4.06,5.24,1
wall,5.06,2.9,4.22,1
wallaby,5.9,2.91,5.33,1
wallet,6.0,4.25,6.08,1
wallflower,5.58,2.91,4.04,1
wallop,4.05,3.5,5.14,1
wallow,4.33,4.3,4.53,1
wallpaper,5.38,2.81,5.64,1
walnut,6.39,2.81,4.8,1
walrus,5.79,3.95,5.23,1
waltz,5.79,3.58,5.79,1
wand,5.42,4.0,5.5,1
wander,5.9,3.41,5.05,1
wanderer,5.68,3.82,5.52,1
wannabe,3.25,5.05,4.47,1
want,6.0,5.29,5.39,1
wanton,5.24,3.15,4.14,1
war,2.23,6.27,3.27,1
ward,4.43,3.28,4.21,1
warden,3.5,4.91,4.53,1
wardrobe,6.09,5.16,6.24,1
warehouse,4.43,3.57,5.06,1
warfare,3.14,6.5,3.25,1
warhead,3.45,6.43,4.33,1
warlock,3.9,5.55,4.95,1
warlord,2.95,5.57,5.0,1
warm,7.5,3.35,6.33,1
warmth,7.53,4.33,6.32,1
warn,4.19,5.45,5.869999999999999,1
warp,5.6,5.4,5.28,1
warpath,3.5,6.72,4.38,1
warped,4.5,4.48,5.52,1
warrant,3.23,5.61,4.11,1
warranty,5.5,2.86,5.7,1
warrior,5.5,5.94,5.86,1
warship,3.52,4.39,4.11,1
wart,2.67,2.79,4.5,1
wartime,2.79,5.43,3.96,1
wary,3.9,3.96,5.16,1
wash,6.0,3.7,6.53,1
washer,5.16,2.9,6.0,1
washout,3.7,3.52,4.11,1
washroom,4.9,2.83,6.08,1
wasp,2.71,5.33,3.8,1
waste,2.61,4.04,4.58,1
wastebasket,4.67,4.15,5.14,1
wasteful,2.85,3.55,4.0,1
wasteland,3.05,4.4,4.57,1
watch,5.45,3.37,6.55,1
watchdog,5.09,5.33,6.38,1
watcher,5.21,4.81,5.09,1
watchman,5.16,4.45,5.17,1
watchtower,4.67,3.7,4.9,1
water,7.0,3.71,6.12,1
water polo,5.52,3.45,5.52,1
waterbed,5.8,3.18,5.5,1
waterfall,7.79,4.35,5.34,1
waterfront,7.5,3.77,5.65,1
watering can,6.11,3.0,6.08,1
watermelon,6.75,4.64,6.48,1
waterproof,5.8,3.78,6.0,1
waterworks,5.4,3.6,4.88,1
watery,4.79,3.24,5.18,1
wave,6.32,4.19,5.48,1
wavelength,6.05,3.44,5.22,1
waver,5.18,3.84,5.33,1
wavy,6.32,2.5,5.0,1
wax,4.955,4.505,5.695,1
way,5.91,2.9,4.83,1
wayward,5.9,4.21,4.91,1
weak,2.95,4.9,5.32,1
weaken,3.3,4.19,3.42,1
weakling,3.55,4.21,3.79,1
weakness,3.24,4.43,3.81,1
wealth,7.33,5.24,6.53,1
wealthy,6.37,5.3,6.11,1
weapon,3.95,6.27,4.88,1
weaponry,3.71,6.09,5.46,1
wear,6.36,3.33,5.72,1
wearer,5.21,3.86,5.35,1
weary,3.25,2.9,4.55,1
weasel,3.71,4.92,4.77,1
weather,6.05,4.21,4.37,1
weatherman,4.63,2.89,4.88,1
weave,5.41,3.1,6.36,1
web,5.68,4.14,3.96,1
website,6.76,3.58,5.68,1
wedded,6.9,4.14,6.64,1
wedding,7.35,5.32,5.08,1
wedge,4.74,3.24,5.04,1
wedlock,5.74,4.45,4.91,1
wee,5.95,3.3,5.8,1
weed,4.625,4.550000000000001,4.93,1
week,5.27,3.33,5.28,1
weekday,4.62,3.68,5.32,1
weekend,7.17,5.81,7.11,1
weekly,5.43,2.86,6.04,1
weenie,3.86,3.88,4.67,1
weep,2.88,4.0,4.17,1
weeping willow,6.53,3.7,5.29,1
weepy,3.05,4.0,3.85,1
weigh,4.32,4.14,5.0,1
weight,3.91,4.05,5.95,1
weird,5.09,4.29,4.75,1
weirdness,4.82,4.56,5.38,1
weirdo,5.19,4.9,3.95,1
welcome,7.27,3.76,6.24,1
weld,5.21,4.16,5.37,1
welder,5.57,3.8,5.58,1
welfare,3.58,4.32,4.25,1
wellness,7.67,4.56,6.95,1
welsh,4.53,4.0,4.89,1
wench,4.52,4.06,3.91,1
werewolf,3.85,5.0,4.44,1
west,5.72,3.05,4.94,1
westbound,5.18,4.74,5.84,1
western,5.35,4.48,5.29,1
wet,5.64,5.0,6.11,1
wetback,2.75,3.67,3.95,1
whack,4.14,3.71,5.68,1
whale,4.535,3.7,4.96,1
whammy,4.95,5.75,4.48,1
wharf,5.24,3.65,5.62,1
whatnot,5.48,2.59,6.06,1
wheat,4.95,3.94,5.75,1
wheel,5.9,4.0,6.16,1
wheel barrow,5.48,3.05,6.11,1
wheelbarrow,5.17,3.1,5.87,1
wheelchair,3.64,3.74,3.95,1
wheeze,3.67,4.24,3.63,1
whelp,4.89,4.14,5.0,1
whereabouts,5.05,3.87,5.62,1
whiff,4.79,5.05,5.2,1
whim,6.16,4.05,5.85,1
whimper,3.9,4.29,4.72,1
whimsical,6.65,4.77,5.31,1
whimsy,5.52,3.81,5.88,1
whine,2.82,3.62,4.73,1
whiny,3.2,4.24,4.68,1
whip,3.6,5.1,4.43,1
whiplash,2.42,5.36,3.73,1
whirl,5.45,4.57,4.94,1
whirlpool,5.8,5.35,5.8,1
whirlwind,4.62,6.05,3.62,1
whisk,5.74,4.48,5.2,1
whiskers,6.0,4.61,4.81,1
whiskey,5.55,5.62,4.41,1
whisper,6.14,4.1,5.66,1
whistle,5.7,3.94,5.78,1
whit,5.48,4.05,6.08,1
white,6.18,3.35,5.71,1
whitefish,5.1,2.67,4.48,1
whitewash,4.48,2.87,4.88,1
whittle,5.45,2.84,5.59,1
whiz,6.48,3.92,6.42,1
wholesale,6.33,3.48,5.08,1
wholesome,6.9,4.18,6.71,1
whopper,5.55,4.39,5.05,1
whopping,5.0,4.0,4.54,1
whore,2.7,6.29,4.89,1
whorehouse,3.38,5.52,4.19,1
wicked,2.63,5.86,3.61,1
wickedness,2.86,6.0,4.14,1
wicker,4.79,3.06,4.76,1
wide,4.58,3.05,6.2,1
widen,5.0,3.46,5.63,1
widespread,5.11,4.05,3.81,1
widow,2.665,4.140000000000001,3.61,1
widower,2.26,2.83,3.23,1
width,5.43,3.73,5.35,1
wield,4.82,4.53,5.8,1
wiener,4.74,4.94,5.0,1
wienie,4.52,3.84,4.47,1
wife,6.7,4.21,5.5,1
wig,4.48,3.36,5.1,1
wiggle,5.57,5.04,5.38,1
wiki,5.85,3.64,6.63,1
wild,5.94,5.9,5.72,1
wildcat,5.21,5.2,4.96,1
wildebeest,5.21,4.11,4.47,1
wilderness,6.68,4.85,4.48,1
wildfire,2.7,5.9,3.26,1
wildlife,7.75,5.67,5.88,1
willful,5.91,3.71,6.23,1
willies,4.45,4.57,4.92,1
willingness,6.43,4.25,6.4,1
willow,5.95,2.78,4.75,1
willpower,6.79,5.22,6.05,1
wilt,3.42,3.24,4.35,1
wily,4.58,4.71,4.6,1
wimp,3.05,2.38,4.55,1
wimpy,2.76,3.95,3.29,1
win,6.97,5.61,7.86,1
winch,4.05,3.9,4.76,1
wind,5.67,3.7,4.5,1
windbag,3.46,3.76,4.73,1
windmill,6.17,3.52,6.15,1
window,6.47,3.27,5.39,1
windowsill,6.05,2.5,5.19,1
windpipe,3.95,3.73,5.04,1
windshield,5.4,4.75,5.58,1
windy,6.0,4.23,4.19,1
wine,5.85,4.24,5.67,1
wine cooler,6.05,3.45,5.22,1
wing,6.15,4.32,6.5,1
winged,5.9,3.87,5.61,1
winger,4.95,2.7,5.32,1
wingman,5.14,3.9,5.88,1
wink,6.62,4.75,6.05,1
winner,7.86,6.53,7.42,1
winnings,7.85,6.55,6.76,1
wino,3.05,3.25,4.85,1
winter,5.5,2.77,4.41,1
wintertime,5.95,3.76,5.5,1
wipe,4.58,3.54,5.43,1
wiper,4.25,2.62,5.58,1
wire,4.86,4.2,6.16,1
wireless,6.9,4.05,6.67,1
wiretap,2.95,5.23,2.71,1
wiring,5.05,3.75,5.1,1
wisdom,7.94,3.77,7.14,1
wise,7.42,4.46,6.86,1
wish,7.14,3.38,6.5,1
wishbone,6.2,4.0,5.21,1
wishful,6.84,4.4,5.42,1
wisp,5.13,3.59,5.35,1
wit,7.25,4.71,6.16,1
witch,3.14,5.3,4.79,1
witchcraft,3.95,5.24,5.17,1
withdraw,4.11,3.95,4.67,1
withdrawal,4.45,4.32,4.41,1
wither,3.325,3.84,3.925,1
withhold,3.405,3.805,4.53,1
withstand,5.95,4.21,6.59,1
witless,3.0,4.39,4.23,1
witness,5.61,3.67,4.44,1
witty,7.25,5.65,6.57,1
wiz,6.1,4.23,5.19,1
wizard,6.52,4.09,4.68,1
wobble,4.9,3.5,5.2,1
wobbly,4.71,4.77,4.38,1
woe,3.38,4.71,3.92,1
wok,5.84,3.55,6.1,1
wolf,6.26,5.25,4.59,1
wolverine,5.39,5.17,5.18,1
woman,7.09,3.8,5.93,1
womanhood,5.89,4.74,5.0,1
womanizer,3.32,4.86,4.53,1
womb,5.7,2.8,4.36,1
wonder,6.68,4.38,6.44,1
wonderful,7.41,4.57,7.19,1
wondrous,6.73,4.52,6.16,1
woo,6.37,4.33,5.32,1
wood,5.82,3.5,6.37,1
wooden,5.27,4.0,5.79,1
woodland,6.43,2.46,5.15,1
woodpecker,5.76,4.48,5.36,1
woodshed,4.8,3.44,5.77,1
woodsman,5.06,3.27,5.04,1
woodwork,6.14,3.56,5.42,1
woof,6.76,5.15,5.22,1
wool,5.38,2.58,6.05,1
woolen,4.91,3.38,5.38,1
woozy,3.9,3.15,4.0,1
word,5.77,4.0,6.22,1
work,5.05,4.33,6.12,1
workaholic,3.48,4.05,4.92,1
worker,5.95,3.6,6.29,1
workings,5.5,2.95,5.56,1
workload,4.24,3.92,4.65,1
workman,5.95,3.76,5.0,1
workmanship,5.45,4.14,7.16,1
workout,6.16,5.64,6.09,1
workplace,5.38,3.5,5.56,1
workshop,6.35,3.57,6.08,1
workup,4.81,4.85,5.71,1
world,6.46,4.55,5.12,1
worldly,5.62,3.36,6.56,1
worm,4.86,3.5,5.22,1
wormhole,4.95,4.09,3.86,1
wormwood,4.38,3.36,4.48,1
worried,2.853333333333333,5.833333333333333,3.806666666666666,1
worship,5.57,3.78,4.65,1
worthless,1.89,4.45,2.71,1
worthwhile,6.7,3.68,6.88,1
worthy,6.56,4.77,7.04,1
wound,3.095,4.325,3.42,1
wrap,5.57,3.85,5.31,1
wrapper,4.79,3.33,5.29,1
wrath,3.19,5.95,4.36,1
wreak,3.5,5.33,4.54,1
wreath,5.81,3.17,6.44,1
wreck,1.62,4.65,4.27,1
wreckage,3.38,5.71,3.9,1
wrecker,4.05,5.6,4.69,1
wrench,4.86,3.7,5.67,1
wrestle,4.53,4.55,5.81,1
wrestler,4.26,4.32,5.37,1
wrestling,4.62,4.24,5.12,1
wretch,3.41,4.85,4.91,1
wretched,2.57,3.8,3.79,1
wriggle,5.43,3.75,5.0,1
wring,4.95,3.89,5.48,1
wringer,4.0,3.28,4.55,1
wrinkle,3.87,4.205,4.665,1
wrist,5.06,3.27,5.26,1
wristwatch,5.63,3.75,5.12,1
writ,4.5,4.18,5.89,1
write,6.45,3.81,5.28,1
writer,6.74,4.74,6.0,1
wrong,3.24,5.29,3.39,1
wrongdoing,3.58,4.77,5.32,1
wrongful,3.0,5.48,4.24,1
yacht,5.88,3.98,5.56,1
yahoo,4.95,5.6,5.9,1
yak,4.32,3.84,4.62,1
yank,4.47,4.5,3.86,1
yap,3.9,4.28,5.3,1
yard,5.7,3.68,5.84,1
yarn,5.47,2.7,5.33,1
yawn,5.62,2.84,4.68,1
year,5.75,3.33,5.81,1
yearbook,6.05,3.45,5.1,1
yearly,5.2,3.05,5.23,1
yearn,5.95,3.73,5.18,1
yeast,4.58,3.26,4.8,1
yell,3.58,4.94,4.29,1
yeller,4.81,4.64,4.8,1
yellow,6.09,3.83,6.35,1
yen,5.0,2.91,5.11,1
yield,5.19,3.85,5.06,1
yo-yo,6.33,4.04,5.91,1
yodel,6.1,3.33,5.9,1
yoga,6.05,3.33,6.48,1
yogurt,7.0,4.52,6.0,1
yoke,5.39,3.4,4.2,1
yolk,5.32,3.05,5.67,1
young,6.31,4.09,5.6,1
youngster,6.05,4.55,5.0,1
youth,6.53,4.14,5.0,1
youthful,6.89,5.68,6.0,1
yucky,3.36,4.35,4.36,1
yuletide,6.19,4.0,5.08,1
yummy,7.52,4.48,6.84,1
yuppie,4.64,4.65,5.39,1
zap,5.39,4.41,4.87,1
zeal,6.15,5.33,5.59,1
zebra,6.47,3.9,5.26,1
zenith,5.2,3.71,5.36,1
zephyr,5.5,3.41,5.22,1
zest,6.76,5.41,6.58,1
zeta,5.55,3.75,5.2,1
zigzag,5.18,5.42,5.0,1
zilch,3.89,4.05,4.25,1
zillion,5.81,4.26,4.89,1
zinc,4.79,3.17,5.0,1
zing,6.95,4.81,6.36,1
zip,5.06,4.24,4.67,1
zipper,5.11,3.73,5.18,1
zit,3.3,4.29,4.4,1
zodiac,5.55,4.25,4.32,1
zombie,3.57,6.53,3.57,1
zone,4.75,3.78,5.23,1
zoning,4.65,3.77,4.47,1
zoo,7.0,5.63,6.33,1
zoom,5.86,5.68,5.9,1
zucchini,6.3,4.18,6.19,1
